skill,frequency,percentage_of_postings,rank
sql,915,5.78,1
analytics,904,5.71,2
python,840,5.3,3
finance,756,4.77,4
java,726,4.58,5
r,655,4.13,6
sas,636,4.01,7
business analysis,633,4.0,8
machine learning,629,3.97,9
data analysis,618,3.9,10
digital marketing,566,3.57,11
javascript,535,3.38,12
project management,505,3.19,13
seo,494,3.12,14
data analytics,412,2.6,15
sales,404,2.55,16
excel,393,2.48,17
accounting,376,2.37,18
outsourcing,360,2.27,19
marketing,326,2.06,20
html,305,1.93,21
hadoop,300,1.89,22
spark,284,1.79,23
business process,280,1.77,24
data science,271,1.71,25
big data,263,1.66,26
business development,253,1.6,27
auditing,247,1.56,28
financial analysis,245,1.55,29
market research,234,1.48,30
css,230,1.45,31
c++,229,1.45,32
data mining,225,1.42,33
google analytics,224,1.41,34
budgeting,220,1.39,35
operations,220,1.39,36
sem,216,1.36,37
jquery,203,1.28,38
mysql,203,1.28,39
analytical,200,1.26,40
hive,199,1.26,41
consulting,189,1.19,42
product management,179,1.13,43
nosql,178,1.12,44
business intelligence,177,1.12,45
c#,175,1.1,46
hr,169,1.07,47
banking,168,1.06,48
linux,164,1.04,49
recruitment,162,1.02,50
algorithms,161,1.02,51
core java,160,1.01,52
xml,160,1.01,53
social media,158,1.0,54
tableau,157,0.99,55
deep learning,154,0.97,56
forecasting,150,0.95,57
oracle,149,0.94,58
strategy,148,0.93,59
predictive modeling,146,0.92,60
analytics...,144,0.91,61
c,144,0.91,62
nlp,143,0.9,63
sql server,143,0.9,64
data modeling,142,0.9,65
mis,142,0.9,66
j2ee,140,0.88,67
etl,140,0.88,68
business analyst,140,0.88,69
operations...,139,0.88,70
rest,138,0.87,71
online marketing,137,0.86,72
scala,136,0.86,73
software development,135,0.85,74
.net,134,0.85,75
advanced excel,133,0.84,76
google adwords,128,0.81,77
data management,128,0.81,78
communication skills,127,0.8,79
data warehousing,127,0.8,80
json,126,0.8,81
predictive analytics,124,0.78,82
php,123,0.78,83
web technologies,123,0.78,84
financial planning,123,0.78,85
html5,121,0.76,86
financial modelling,120,0.76,87
agile,119,0.75,88
customer service,119,0.75,89
risk management,119,0.75,90
data analytics...,114,0.72,91
data structures,113,0.71,92
bpo,112,0.71,93
sap,112,0.71,94
ppc,112,0.71,95
networking,110,0.69,96
web services,108,0.68,97
angularjs,107,0.68,98
taxation,106,0.67,99
quality analysis,105,0.66,100
credit risk,104,0.66,101
data analysis...,103,0.65,102
android,102,0.64,103
unix,100,0.63,104
coding,99,0.62,105
hibernate,99,0.62,106
statistics,98,0.62,107
python...,98,0.62,108
research analysis,97,0.61,109
technical support,97,0.61,110
business analysis...,97,0.61,111
statistical modeling,96,0.61,112
machine learning...,95,0.6,113
marketing analytics,95,0.6,114
sas sql,95,0.6,115
sql...,93,0.59,116
internal audit,92,0.58,117
data entry,91,0.57,118
web analytics,91,0.57,119
business analytics,90,0.57,120
part time,90,0.57,121
research,89,0.56,122
mongodb,89,0.56,123
sales management,89,0.56,124
mvc,88,0.56,125
spring,88,0.56,126
ms office,88,0.56,127
automation,88,0.56,128
vba,87,0.55,129
team management,86,0.54,130
ssis,86,0.54,131
outsourcing...,85,0.54,132
model development,84,0.53,133
financial services,84,0.53,134
analytical skills,84,0.53,135
cassandra,84,0.53,136
team leading,83,0.52,137
linear regression,83,0.52,138
text mining,83,0.52,139
data visualization,83,0.52,140
mapreduce,81,0.51,141
presales,81,0.51,142
ajax,80,0.51,143
mis reporting,80,0.51,144
test cases,80,0.51,145
aws,80,0.51,146
sas...,79,0.5,147
freelancing,79,0.5,148
node.js,78,0.49,149
salesforce,78,0.49,150
marketing campaigns,78,0.49,151
sql queries,78,0.49,152
segmentation,77,0.49,153
social media marketing,77,0.49,154
lead generation,77,0.49,155
procurement,77,0.49,156
crm,77,0.49,157
program management,76,0.48,158
advanced analytics,75,0.47,159
data scientist,74,0.47,160
power bi,74,0.47,161
software engineering,74,0.47,162
hbase,73,0.46,163
gap analysis,73,0.46,164
logistic regression,73,0.46,165
matlab,72,0.45,166
problem solving,72,0.45,167
ios,72,0.45,168
asp.net,72,0.45,169
statistical analysis,71,0.45,170
seo analysis,71,0.45,171
git,70,0.44,172
project management...,70,0.44,173
iim,70,0.44,174
investment banking,69,0.44,175
automation testing,69,0.44,176
pig,69,0.44,177
keyword research,68,0.43,178
supply chain,68,0.43,179
hiring,67,0.42,180
business development management,67,0.42,181
financial reporting,66,0.42,182
data mining...,66,0.42,183
market analysis,66,0.42,184
work from home...,66,0.42,185
present job,66,0.42,186
link building,66,0.42,187
application support,65,0.41,188
qa,65,0.41,189
secondary research,65,0.41,190
credit analysis,64,0.4,191
international bpo,64,0.4,192
data analyst,64,0.4,193
r...,64,0.4,194
search engine marketing,63,0.4,195
kpo,63,0.4,196
computer science,63,0.4,197
content writing,63,0.4,198
macros,63,0.4,199
hdfs,61,0.39,200
manual testing,61,0.39,201
corporate finance,61,0.39,202
product development,61,0.39,203
variance analysis,61,0.39,204
software development...,61,0.39,205
neural networks,61,0.39,206
data quality,61,0.39,207
sdlc,60,0.38,208
soap,60,0.38,209
smo,60,0.38,210
natural language processing,59,0.37,211
google analytics...,59,0.37,212
training,59,0.37,213
search engine optimization,58,0.37,214
requirement gathering,58,0.37,215
windows,58,0.37,216
advertising,57,0.36,217
ux,57,0.36,218
troubleshooting,57,0.36,219
analytical...,57,0.36,220
risk analytics,57,0.36,221
design patterns,57,0.36,222
display advertising,57,0.36,223
web development,56,0.35,224
financial analysis...,56,0.35,225
valuation,56,0.35,226
web technologies...,56,0.35,227
fresher,56,0.35,228
insurance analytics,56,0.35,229
oracle sql,55,0.35,230
finance...,55,0.35,231
quality analyst,55,0.35,232
budgeting...,55,0.35,233
monitoring,55,0.35,234
product marketing,54,0.34,235
sourcing,54,0.34,236
healthcare,54,0.34,237
artificial intelligence,54,0.34,238
spss,54,0.34,239
us healthcare,54,0.34,240
change management,54,0.34,241
business research,54,0.34,242
talent acquisition,53,0.33,243
microsoft,53,0.33,244
forecasting...,53,0.33,245
user stories,53,0.33,246
wcf,53,0.33,247
mba finance,52,0.33,248
application development,52,0.33,249
programming,52,0.33,250
informatica,52,0.33,251
statistical modeling...,52,0.33,252
reporting,52,0.33,253
azure,51,0.32,254
uat,51,0.32,255
selenium,51,0.32,256
use cases,51,0.32,257
ms sql server,51,0.32,258
scrum,51,0.32,259
market research...,51,0.32,260
ssrs,51,0.32,261
sqoop,51,0.32,262
social media...,50,0.32,263
strategy...,50,0.32,264
qlikview,50,0.32,265
photoshop,50,0.32,266
ar calling,50,0.32,267
django,50,0.32,268
sem...,49,0.31,269
customer support,49,0.31,270
model validation,49,0.31,271
business process...,49,0.31,272
data integration,49,0.31,273
medical coding,49,0.31,274
hr analytics,49,0.31,275
big data analytics,48,0.3,276
stakeholder management,48,0.3,277
non voice,48,0.3,278
customer analytics,47,0.3,279
data management...,46,0.29,280
internet marketing,46,0.29,281
business strategy,46,0.29,282
digital marketing...,46,0.29,283
medical billing,46,0.29,284
adwords,46,0.29,285
quality assurance,46,0.29,286
design,46,0.29,287
accounts payable,45,0.28,288
marketing automation,45,0.28,289
business finance,45,0.28,290
redis,45,0.28,291
market intelligence,45,0.28,292
production support,45,0.28,293
sales strategy,45,0.28,294
campaigns,45,0.28,295
excel powerpoint,44,0.28,296
equity research,44,0.28,297
requirement analysis,44,0.28,298
bi,44,0.28,299
accounts receivable,44,0.28,300
backend,43,0.27,301
ansible,43,0.27,302
objective c,43,0.27,303
operations management,43,0.27,304
mba,43,0.27,305
email marketing,43,0.27,306
data extraction,43,0.27,307
product strategy,43,0.27,308
retail analytics,43,0.27,309
big data...,42,0.27,310
debugging,42,0.27,311
high frequency trading,42,0.27,312
voice process,42,0.27,313
customer experience,42,0.27,314
equity,42,0.27,315
adobe analytics,42,0.27,316
project planning,41,0.26,317
process improvement,41,0.26,318
logistics,41,0.26,319
analytical skills...,41,0.26,320
events,41,0.26,321
rfp,41,0.26,322
flume,41,0.26,323
strategic planning,40,0.25,324
auditing...,40,0.25,325
hplc,40,0.25,326
front end,40,0.25,327
plsql,39,0.25,328
chaid,39,0.25,329
inside sales,39,0.25,330
financial planning...,39,0.25,331
business planning,39,0.25,332
perl,39,0.25,333
product management...,39,0.25,334
promotions,39,0.25,335
oozie,39,0.25,336
business development...,39,0.25,337
ruby,39,0.25,338
screening,38,0.24,339
bootstrap,38,0.24,340
data...,38,0.24,341
training need analysis,38,0.24,342
information security,38,0.24,343
ms sql,38,0.24,344
risk management...,38,0.24,345
ssas,38,0.24,346
stored procedures,38,0.24,347
call center,38,0.24,348
feedback,38,0.24,349
primary research,38,0.24,350
night shift,38,0.24,351
fmcg,37,0.23,352
financial modelling...,37,0.23,353
algorithms...,37,0.23,354
client servicing,37,0.23,355
unit testing,37,0.23,356
balance sheet,37,0.23,357
project delivery,37,0.23,358
open source,37,0.23,359
campaign management,37,0.23,360
marketing...,37,0.23,361
quantitative analysis,37,0.23,362
predictive analytics...,37,0.23,363
consulting...,37,0.23,364
computer vision,37,0.23,365
user experience,37,0.23,366
impala,37,0.23,367
analysis,36,0.23,368
analyst,36,0.23,369
siem,36,0.23,370
excel...,36,0.23,371
content marketing,36,0.23,372
docker,36,0.23,373
people management,36,0.23,374
product manager,36,0.23,375
purchase,36,0.23,376
credit,36,0.23,377
ca,35,0.22,378
cold calling,35,0.22,379
pmp,35,0.22,380
planning,35,0.22,381
ccar,35,0.22,382
quality control,35,0.22,383
base sas,35,0.22,384
financial management,34,0.21,385
scope,34,0.21,386
quality management,34,0.21,387
facebook,34,0.21,388
trading,34,0.21,389
insurance,34,0.21,390
compliance,34,0.21,391
pay per click,34,0.21,392
design development,34,0.21,393
tableau...,34,0.21,394
data collection,34,0.21,395
multithreading,34,0.21,396
api,34,0.21,397
devops,34,0.21,398
lead generation...,34,0.21,399
sales planning,33,0.21,400
marketing management,33,0.21,401
account management,33,0.21,402
relationship management,33,0.21,403
financial accounting,33,0.21,404
life insurance,33,0.21,405
solr,33,0.21,406
itil,33,0.21,407
impact analysis,33,0.21,408
business analyst...,33,0.21,409
gc,33,0.21,410
lan,32,0.2,411
client management,32,0.2,412
compensation,32,0.2,413
branding,32,0.2,414
team management...,32,0.2,415
cloudera,32,0.2,416
qc,32,0.2,417
swift,32,0.2,418
react.js,32,0.2,419
learning,32,0.2,420
test scripts,32,0.2,421
solution design,32,0.2,422
communication skills...,32,0.2,423
problem solving...,32,0.2,424
sales support,32,0.2,425
payroll,32,0.2,426
technical support...,32,0.2,427
jsp,31,0.2,428
hr operations,31,0.2,429
administration,31,0.2,430
illustrator,31,0.2,431
ifrs,31,0.2,432
employee engagement,31,0.2,433
performance management,31,0.2,434
campaign analytics,31,0.2,435
software testing,31,0.2,436
cost accounting,31,0.2,437
ms access,31,0.2,438
sales analysis,31,0.2,439
flex,30,0.19,440
image processing,30,0.19,441
shell scripting,30,0.19,442
scheduling,30,0.19,443
variance analysis...,30,0.19,444
cash flow,30,0.19,445
word,30,0.19,446
sql database,30,0.19,447
workflow,30,0.19,448
jdbc,30,0.19,449
non voice process,30,0.19,450
business analytics...,30,0.19,451
competitive analysis,30,0.19,452
sql development,30,0.19,453
sales process,30,0.19,454
inbound,30,0.19,455
erp,30,0.19,456
research analyst,29,0.18,457
back office,29,0.18,458
predictive modeling...,29,0.18,459
ms office...,29,0.18,460
benefits,29,0.18,461
strong analytical skills,29,0.18,462
ar,29,0.18,463
olap,29,0.18,464
mis reporting...,29,0.18,465
risk analysis,29,0.18,466
oops,29,0.18,467
anova,29,0.18,468
onboarding,29,0.18,469
smm,29,0.18,470
time series,29,0.18,471
blogs,29,0.18,472
rdbms,29,0.18,473
sales...,28,0.18,474
social media marketing...,28,0.18,475
postgresql,28,0.18,476
research analysis...,28,0.18,477
jms,28,0.18,478
front end...,28,0.18,479
accounting standards,28,0.18,480
financial reporting...,28,0.18,481
spring mvc,28,0.18,482
soc,28,0.18,483
costing,28,0.18,484
b2b sales,28,0.18,485
mis analyst,28,0.18,486
statistics...,28,0.18,487
cloud,27,0.17,488
brd,27,0.17,489
production,27,0.17,490
google adwords...,27,0.17,491
statistical programming,27,0.17,492
credit risk...,27,0.17,493
sap hana,27,0.17,494
vendor management,27,0.17,495
private equity,27,0.17,496
presales...,27,0.17,497
sap fico,27,0.17,498
technical analysis,27,0.17,499
network security,27,0.17,500
real estate,27,0.17,501
database,27,0.17,502
data science...,27,0.17,503
sales analytics,27,0.17,504
competitor analysis,26,0.16,505
bidding,26,0.16,506
business intelligence...,26,0.16,507
market risk,26,0.16,508
testing,26,0.16,509
interviewing,26,0.16,510
javascript...,26,0.16,511
e - commerce,26,0.16,512
uv,26,0.16,513
b2b,26,0.16,514
java...,26,0.16,515
online marketing...,26,0.16,516
financial...,26,0.16,517
software engineering...,26,0.16,518
maintenance,26,0.16,519
pricing,26,0.16,520
outbound,26,0.16,521
banking analytics,25,0.16,522
root cause analysis,25,0.16,523
general ledger,25,0.16,524
product design,25,0.16,525
msbi,25,0.16,526
underwriting,25,0.16,527
asp.net mvc,25,0.16,528
manager quality assurance,25,0.16,529
pharma,25,0.16,530
test engineering,25,0.16,531
project delivery...,25,0.16,532
wordpress,25,0.16,533
junit,25,0.16,534
vlookup,25,0.16,535
derivatives,25,0.16,536
sas programming,25,0.16,537
spring boot,25,0.16,538
operations research,25,0.16,539
solution architecture,25,0.16,540
mis executive,25,0.16,541
capital market,25,0.16,542
management reporting,25,0.16,543
powerpoint,25,0.16,544
ar analyst,25,0.16,545
senior management,25,0.16,546
credit cards,24,0.15,547
lean six sigma,24,0.15,548
customer segmentation,24,0.15,549
dw,24,0.15,550
reconciliation,24,0.15,551
analytics head,24,0.15,552
relationship management...,24,0.15,553
visual studio,24,0.15,554
sales operations,24,0.15,555
system analysis,24,0.15,556
credit appraisal,24,0.15,557
wfm,24,0.15,558
call monitoring,24,0.15,559
agile development...,24,0.15,560
brand management,24,0.15,561
jpa,24,0.15,562
spring framework,23,0.15,563
digital media,23,0.15,564
product sales,23,0.15,565
retail banking,23,0.15,566
rfi,23,0.15,567
retail,23,0.15,568
t - sql,23,0.15,569
quantitative research,23,0.15,570
talent management,23,0.15,571
c#.net,23,0.15,572
chartered accountant,23,0.15,573
scala...,23,0.15,574
elastic search,23,0.15,575
ml,23,0.15,576
consumer insights,23,0.15,577
people management skills,23,0.15,578
company profiling,23,0.15,579
hadoop...,23,0.15,580
data governance,23,0.15,581
marketing analysis,23,0.15,582
development,23,0.15,583
vba...,23,0.15,584
omniture,23,0.15,585
rcm,23,0.15,586
credit management,22,0.14,587
opencv,22,0.14,588
financial statements,22,0.14,589
btl,22,0.14,590
data migration,22,0.14,591
communication,22,0.14,592
jira,22,0.14,593
data modeling...,22,0.14,594
design patterns...,22,0.14,595
data warehousing...,22,0.14,596
data structures...,22,0.14,597
supply chain...,22,0.14,598
accounting...,22,0.14,599
performance tuning,22,0.14,600
sales executive activities,22,0.14,601
credit policy,22,0.14,602
service delivery,22,0.14,603
income tax,22,0.14,604
marketing strategy,22,0.14,605
asset management,22,0.14,606
information retrieval,22,0.14,607
web services...,22,0.14,608
ppc...,22,0.14,609
rabbitmq,22,0.14,610
regression testing,22,0.14,611
alteryx,22,0.14,612
sales forecasting...,22,0.14,613
system analyst,22,0.14,614
microsoft azure,22,0.14,615
senior analyst,22,0.14,616
competitive intelligence,22,0.14,617
digital analytics,22,0.14,618
product development...,22,0.14,619
web analytics...,22,0.14,620
wpf,22,0.14,621
saas,22,0.14,622
sap abap,22,0.14,623
content development,22,0.14,624
functional testing,22,0.14,625
due diligence,21,0.13,626
market analysis...,21,0.13,627
enterprise risk management,21,0.13,628
inventory management,21,0.13,629
struts,21,0.13,630
jenkins,21,0.13,631
reporting tools,21,0.13,632
risk modeling,21,0.13,633
wealth management,21,0.13,634
agile...,21,0.13,635
investment banking...,21,0.13,636
corporate strategy,21,0.13,637
data processing,21,0.13,638
unix shell scripting,21,0.13,639
life sciences...,21,0.13,640
calling,21,0.13,641
credit underwriting,21,0.13,642
data architecture,21,0.13,643
finance control,21,0.13,644
seo...,21,0.13,645
physical design,21,0.13,646
requirements management,21,0.13,647
management consulting,21,0.13,648
iot,21,0.13,649
spark...,21,0.13,650
actuarial,21,0.13,651
ui development,21,0.13,652
medical coder,21,0.13,653
correlation,21,0.13,654
credit analyst,21,0.13,655
dashboards,21,0.13,656
banking...,21,0.13,657
mcom,20,0.13,658
information technology,20,0.13,659
maven,20,0.13,660
process improvement...,20,0.13,661
nlp...,20,0.13,662
splunk,20,0.13,663
kafka,20,0.13,664
bloomberg,20,0.13,665
business...,20,0.13,666
uml,20,0.13,667
twitter,20,0.13,668
kyc,20,0.13,669
assurance,20,0.13,670
laravel,20,0.13,671
telecom,20,0.13,672
css3,20,0.13,673
solutioning,20,0.13,674
qa analysis,20,0.13,675
business consulting,20,0.13,676
sdtm,20,0.13,677
it recruitment,20,0.13,678
networking...,20,0.13,679
spss...,20,0.13,680
user experience...,20,0.13,681
key account management,20,0.13,682
test case execution,20,0.13,683
seo executive,20,0.13,684
basel,20,0.13,685
fixed income,20,0.13,686
technical architecture,20,0.13,687
articles,20,0.13,688
hypermesh,19,0.12,689
team handling,19,0.12,690
ad sales,19,0.12,691
data quality...,19,0.12,692
estimation,19,0.12,693
linux...,19,0.12,694
test analysis,19,0.12,695
typing,19,0.12,696
demand planning,19,0.12,697
mysql...,19,0.12,698
business operations,19,0.12,699
mutual funds,19,0.12,700
business solutions,19,0.12,701
database design,19,0.12,702
accounts,19,0.12,703
stakeholder management...,19,0.12,704
aws...,19,0.12,705
marketing campaigns...,19,0.12,706
android sdk,19,0.12,707
adam,19,0.12,708
statistical analysis...,19,0.12,709
ites,19,0.12,710
general insurance,19,0.12,711
corporate sales,19,0.12,712
supply chain management,19,0.12,713
asp,19,0.12,714
atl,19,0.12,715
risk assessment,19,0.12,716
visio,19,0.12,717
xcode,19,0.12,718
test planning,19,0.12,719
teradata,19,0.12,720
cognos,19,0.12,721
user research,19,0.12,722
marketing budget,19,0.12,723
data entry operation,19,0.12,724
customer management,19,0.12,725
python developer,18,0.11,726
credit research,18,0.11,727
customer service...,18,0.11,728
statistical software,18,0.11,729
nosql...,18,0.11,730
automation testing...,18,0.11,731
six sigma,18,0.11,732
team leading...,18,0.11,733
search engine optimization...,18,0.11,734
user acceptance testing,18,0.11,735
segmentation...,18,0.11,736
financial control,18,0.11,737
bcom,18,0.11,738
regional sales,18,0.11,739
client management...,18,0.11,740
portfolio management,18,0.11,741
development testing,18,0.11,742
revenue cycle management...,18,0.11,743
crm...,18,0.11,744
distribution,18,0.11,745
pmo,18,0.11,746
data visualization...,18,0.11,747
econometrics,18,0.11,748
sta,18,0.11,749
timing closure,18,0.11,750
abap,18,0.11,751
audit,18,0.11,752
revenue generation,18,0.11,753
rf,18,0.11,754
magento,18,0.11,755
root cause analysis...,18,0.11,756
induction,18,0.11,757
clustering,18,0.11,758
research...,17,0.11,759
selling,17,0.11,760
outbound sales,17,0.11,761
bi...,17,0.11,762
graphic designing,17,0.11,763
unix...,17,0.11,764
project planning...,17,0.11,765
agile methodology,17,0.11,766
fraud analytics,17,0.11,767
cpg,17,0.11,768
data reporting,17,0.11,769
ba,17,0.11,770
lgd,17,0.11,771
billing,17,0.11,772
soa,17,0.11,773
business objects,17,0.11,774
puppet,17,0.11,775
credit risk management,17,0.11,776
software design,17,0.11,777
aem,17,0.11,778
fp&a,17,0.11,779
regression,17,0.11,780
order management,17,0.11,781
sales forecasting,17,0.11,782
pivot table,17,0.11,783
postgres,17,0.11,784
call quality,17,0.11,785
adobe,17,0.11,786
mongodb...,17,0.11,787
vb.net,17,0.11,788
on - page optimization,17,0.11,789
training delivery,17,0.11,790
vb,17,0.11,791
legal,17,0.11,792
itsm,17,0.11,793
marketing analytics...,17,0.11,794
dbms,17,0.11,795
report preparation,17,0.11,796
ap,17,0.11,797
new product development,17,0.11,798
hana,17,0.11,799
analysis...,17,0.11,800
internal control,17,0.11,801
advanced analytics...,17,0.11,802
qtp,16,0.1,803
performance testing,16,0.1,804
scrum master,16,0.1,805
project execution,16,0.1,806
sfdc,16,0.1,807
continuous integration,16,0.1,808
email marketing...,16,0.1,809
direct sales,16,0.1,810
os,16,0.1,811
vc++,16,0.1,812
interpersonal skills,16,0.1,813
financial research,16,0.1,814
fea,16,0.1,815
internal audit...,16,0.1,816
financial analyst,16,0.1,817
product costing,16,0.1,818
bash,16,0.1,819
aml,16,0.1,820
pitch books,16,0.1,821
drafting,16,0.1,822
http,16,0.1,823
customer care,16,0.1,824
co,16,0.1,825
process training,16,0.1,826
microservices,16,0.1,827
financial services...,16,0.1,828
contact center,16,0.1,829
contract management,16,0.1,830
keyword research...,16,0.1,831
internet marketing...,16,0.1,832
web designing,16,0.1,833
oracle...,16,0.1,834
seo analyst,16,0.1,835
business strategy...,16,0.1,836
android development,16,0.1,837
security operations,16,0.1,838
marketing communication,16,0.1,839
senior management...,16,0.1,840
data validation,16,0.1,841
documentation,16,0.1,842
gst,16,0.1,843
data manipulation,16,0.1,844
solution design...,16,0.1,845
talend,16,0.1,846
inventory optimization,16,0.1,847
ts,16,0.1,848
new business,16,0.1,849
research associate,15,0.09,850
apache,15,0.09,851
paas,15,0.09,852
quality audit,15,0.09,853
new business development,15,0.09,854
competitor analysis...,15,0.09,855
dcf,15,0.09,856
management,15,0.09,857
domestic bpo,15,0.09,858
company profiling...,15,0.09,859
service desk,15,0.09,860
us gaap,15,0.09,861
entity framework,15,0.09,862
strategic planning...,15,0.09,863
health insurance,15,0.09,864
content editing,15,0.09,865
sap bw,15,0.09,866
finished products,15,0.09,867
cms,15,0.09,868
jboss,15,0.09,869
credit analysis...,15,0.09,870
project finance,15,0.09,871
hr reporting,15,0.09,872
natural language processing...,15,0.09,873
market data,15,0.09,874
test cases...,15,0.09,875
mobile marketing,15,0.09,876
google...,15,0.09,877
system administration,15,0.09,878
account management...,15,0.09,879
uk shift,15,0.09,880
leadership,15,0.09,881
solution sales,15,0.09,882
product support,15,0.09,883
taleo,15,0.09,884
var,15,0.09,885
design engineering,15,0.09,886
artificial intelligence...,15,0.09,887
credit rating,15,0.09,888
frm,15,0.09,889
collections,15,0.09,890
tech support,15,0.09,891
strategy consulting,15,0.09,892
db2,15,0.09,893
servicenow,14,0.09,894
credit manager,14,0.09,895
tendering,14,0.09,896
gis,14,0.09,897
design analysis,14,0.09,898
delivery management,14,0.09,899
third party,14,0.09,900
service delivery...,14,0.09,901
management accounting,14,0.09,902
trading head,14,0.09,903
ai,14,0.09,904
tdd,14,0.09,905
technology solutions,14,0.09,906
text analytics,14,0.09,907
quality analyst...,14,0.09,908
architecture,14,0.09,909
fico,14,0.09,910
pr,14,0.09,911
sqlite,14,0.09,912
.net framework,14,0.09,913
risk analytics...,14,0.09,914
operations research...,14,0.09,915
quality,14,0.09,916
quality assurance engineering,14,0.09,917
advanced excel...,14,0.09,918
qualitative,14,0.09,919
xslt,14,0.09,920
patents,14,0.09,921
key accounts,14,0.09,922
design...,14,0.09,923
core banking,14,0.09,924
scm,14,0.09,925
us shift,14,0.09,926
human resource management,14,0.09,927
mathematics,14,0.09,928
fresher...,14,0.09,929
ansys,14,0.09,930
facebook...,14,0.09,931
model development...,14,0.09,932
online sales,14,0.09,933
technical design...,14,0.09,934
international bpo...,14,0.09,935
indesign,14,0.09,936
etl tool,14,0.09,937
notepad,14,0.09,938
prince2,14,0.09,939
compliance...,14,0.09,940
business case,14,0.09,941
cost analysis...,14,0.09,942
analytics reporting,14,0.09,943
team leader,13,0.08,944
project sales,13,0.08,945
internship,13,0.08,946
english,13,0.08,947
itil solving...,13,0.08,948
production planning,13,0.08,949
bfsi,13,0.08,950
portfolio analysis,13,0.08,951
enterprise architecture,13,0.08,952
ms project,13,0.08,953
employee relations,13,0.08,954
customer retention,13,0.08,955
languages,13,0.08,956
business modeling,13,0.08,957
cae,13,0.08,958
big data analytics...,13,0.08,959
profitability analysis...,13,0.08,960
finance function,13,0.08,961
supervision,13,0.08,962
ux...,13,0.08,963
penetration testing,13,0.08,964
tax returns,13,0.08,965
sap ecc,13,0.08,966
programming...,13,0.08,967
accounts receivable...,13,0.08,968
verbal communication,13,0.08,969
mis...,13,0.08,970
software sales,13,0.08,971
written communication,13,0.08,972
web...,13,0.08,973
display advertising...,13,0.08,974
execution,13,0.08,975
primary,13,0.08,976
apex,13,0.08,977
channel sales,13,0.08,978
civil engineering,13,0.08,979
customer acquisition,13,0.08,980
semi voice,13,0.08,981
purchase management,13,0.08,982
options,13,0.08,983
lookup,13,0.08,984
salesforce.com,13,0.08,985
triggers,13,0.08,986
customer experience...,13,0.08,987
formulas,13,0.08,988
json...,13,0.08,989
staad pro,13,0.08,990
gap analysis...,13,0.08,991
training management,13,0.08,992
time series...,13,0.08,993
process design,13,0.08,994
database...,13,0.08,995
credit risk analytics,13,0.08,996
ospf,13,0.08,997
investment research,13,0.08,998
switching,13,0.08,999
master data management,13,0.08,1000
clinical research,13,0.08,1001
fundamental research,13,0.08,1002
proof reading,13,0.08,1003
technical design,13,0.08,1004
msc,13,0.08,1005
ssl,13,0.08,1006
system integration,13,0.08,1007
page,13,0.08,1008
business accounting,13,0.08,1009
modeling,13,0.08,1010
revenue management,13,0.08,1011
link building...,13,0.08,1012
cross selling,13,0.08,1013
etl...,13,0.08,1014
international voice process,13,0.08,1015
visualization,13,0.08,1016
qlik sense,13,0.08,1017
affiliate marketing,13,0.08,1018
electricals,13,0.08,1019
revenue cycle management,13,0.08,1020
rest...,12,0.08,1021
abaqus,12,0.08,1022
content strategy,12,0.08,1023
data cleansing,12,0.08,1024
recruitment...,12,0.08,1025
asset accounting,12,0.08,1026
program management...,12,0.08,1027
ccna,12,0.08,1028
visual design,12,0.08,1029
time series analysis,12,0.08,1030
growth strategy,12,0.08,1031
logistic regression...,12,0.08,1032
fixed income securities,12,0.08,1033
marketing programs,12,0.08,1034
structural engineering,12,0.08,1035
process excellence,12,0.08,1036
business services...,12,0.08,1037
linq,12,0.08,1038
eclipse,12,0.08,1039
agile development,12,0.08,1040
business operations...,12,0.08,1041
general management,12,0.08,1042
junit...,12,0.08,1043
sharepoint,12,0.08,1044
report generation,12,0.08,1045
industry research,12,0.08,1046
marketing initiatives,12,0.08,1047
visualforce,12,0.08,1048
hlookup,12,0.08,1049
project documentation,12,0.08,1050
autosys,12,0.08,1051
e - commerce...,12,0.08,1052
data analyst...,12,0.08,1053
karma,12,0.08,1054
stress testing,12,0.08,1055
integrated marketing,12,0.08,1056
obiee,12,0.08,1057
report writing,12,0.08,1058
general accounting,12,0.08,1059
pricing strategy,12,0.08,1060
presentation skills,12,0.08,1061
bmc remedy,12,0.08,1062
business generation,12,0.08,1063
root cause,12,0.08,1064
tools,12,0.08,1065
off - page optimization,12,0.08,1066
invoice processing,12,0.08,1067
email,12,0.08,1068
smo...,12,0.08,1069
sap consulting,12,0.08,1070
financial statement analysis,12,0.08,1071
life sciences,12,0.08,1072
sales coordination,12,0.08,1073
android studio,12,0.08,1074
project scheduling,12,0.08,1075
techno functional,12,0.08,1076
graphics,12,0.08,1077
css...,12,0.08,1078
people management skills...,12,0.08,1079
customer relationship,12,0.08,1080
cluster analysis,12,0.08,1081
training needs,12,0.08,1082
bd,12,0.08,1083
cloud computing,12,0.08,1084
capacity planning,12,0.08,1085
content marketing...,12,0.08,1086
ips,12,0.08,1087
data research,12,0.08,1088
data collection...,12,0.08,1089
indirect taxation,12,0.08,1090
data,12,0.08,1091
chat,12,0.08,1092
fpa,12,0.08,1093
mis preparation,12,0.08,1094
market intelligence...,12,0.08,1095
html5...,12,0.08,1096
category management,12,0.08,1097
data mapping,12,0.08,1098
workforce management,12,0.08,1099
manager - analytics,12,0.08,1100
service management,12,0.08,1101
nagios,12,0.08,1102
hr...,11,0.07,1103
corporate accounting,11,0.07,1104
grunt,11,0.07,1105
client engagement...,11,0.07,1106
clustering...,11,0.07,1107
sdlc...,11,0.07,1108
corporate strategy...,11,0.07,1109
rfq,11,0.07,1110
rate analysis,11,0.07,1111
negotiation,11,0.07,1112
microstrategy,11,0.07,1113
detailing,11,0.07,1114
legal process outsourcing,11,0.07,1115
ooad,11,0.07,1116
tomcat,11,0.07,1117
openstack,11,0.07,1118
power bi...,11,0.07,1119
cpc,11,0.07,1120
new product...,11,0.07,1121
technical writing,11,0.07,1122
medical,11,0.07,1123
bsc,11,0.07,1124
sap security,11,0.07,1125
scada,11,0.07,1126
firmware,11,0.07,1127
training...,11,0.07,1128
people management...,11,0.07,1129
computer science...,11,0.07,1130
teaching,11,0.07,1131
search engine,11,0.07,1132
technical recruitment,11,0.07,1133
exit formalities,11,0.07,1134
test execution,11,0.07,1135
cisco,11,0.07,1136
market sizing,11,0.07,1137
sas analytics,11,0.07,1138
user training,11,0.07,1139
hr policies,11,0.07,1140
client relationship,11,0.07,1141
sap...,11,0.07,1142
spring security,11,0.07,1143
java ee,11,0.07,1144
floor planning,11,0.07,1145
modeler,11,0.07,1146
media management,11,0.07,1147
structural analysis,11,0.07,1148
consultant,11,0.07,1149
apple,11,0.07,1150
fsd,11,0.07,1151
law,11,0.07,1152
salary,11,0.07,1153
journal entries,11,0.07,1154
journalism,11,0.07,1155
ratio analysis,11,0.07,1156
sales management...,11,0.07,1157
ccnp,11,0.07,1158
cobol,11,0.07,1159
production support...,11,0.07,1160
action request system,11,0.07,1161
mis coordinator,11,0.07,1162
mobile applications,11,0.07,1163
hive...,11,0.07,1164
tds,11,0.07,1165
call audit,11,0.07,1166
change management...,11,0.07,1167
pentaho...,11,0.07,1168
marketing research,11,0.07,1169
sales enablement,11,0.07,1170
lending,11,0.07,1171
basel ii,11,0.07,1172
test driven development,11,0.07,1173
cyber security,11,0.07,1174
pega,11,0.07,1175
sql server...,11,0.07,1176
website analysis,11,0.07,1177
perl...,11,0.07,1178
biotechnology,11,0.07,1179
iaas,11,0.07,1180
content management,11,0.07,1181
scalability,11,0.07,1182
email support,11,0.07,1183
client interaction,11,0.07,1184
webtrends,11,0.07,1185
pl,10,0.06,1186
poc,10,0.06,1187
head hunting,10,0.06,1188
bba,10,0.06,1189
jee,10,0.06,1190
strategic sourcing,10,0.06,1191
user experience design,10,0.06,1192
gl accounting,10,0.06,1193
key account management...,10,0.06,1194
quality analysis...,10,0.06,1195
continuous improvement...,10,0.06,1196
sox 404,10,0.06,1197
project development,10,0.06,1198
ceh,10,0.06,1199
root cause...,10,0.06,1200
quality tools,10,0.06,1201
solution selling,10,0.06,1202
quantitative analysis...,10,0.06,1203
tamil,10,0.06,1204
information security...,10,0.06,1205
industry reports,10,0.06,1206
maximo,10,0.06,1207
j2ee...,10,0.06,1208
brand awareness,10,0.06,1209
sap bo,10,0.06,1210
international sales,10,0.06,1211
cluster analysis...,10,0.06,1212
icwa,10,0.06,1213
development management,10,0.06,1214
bpo...,10,0.06,1215
sitecatalyst,10,0.06,1216
user interface designing,10,0.06,1217
business planning...,10,0.06,1218
qa testing,10,0.06,1219
selenium...,10,0.06,1220
learning...,10,0.06,1221
requirement analysis...,10,0.06,1222
qa...,10,0.06,1223
cfo,10,0.06,1224
social media optimization,10,0.06,1225
cold calling...,10,0.06,1226
content writing...,10,0.06,1227
soap...,10,0.06,1228
marketing automation...,10,0.06,1229
windows server,10,0.06,1230
technical leadership,10,0.06,1231
website,10,0.06,1232
user acceptance testing...,10,0.06,1233
client servicing...,10,0.06,1234
typing speed,10,0.06,1235
technical documentation,10,0.06,1236
work from home,10,0.06,1237
quality check,10,0.06,1238
trade finance,10,0.06,1239
yarn,10,0.06,1240
investment management...,10,0.06,1241
database administration,10,0.06,1242
mechanical engineering,10,0.06,1243
b.tech,10,0.06,1244
financial modeling,10,0.06,1245
data profiling,10,0.06,1246
soft skills,10,0.06,1247
performance management...,10,0.06,1248
rewards,10,0.06,1249
ado.net,10,0.06,1250
page...,10,0.06,1251
cost analysis,10,0.06,1252
requirements,10,0.06,1253
core java...,10,0.06,1254
memory management,10,0.06,1255
structural design,10,0.06,1256
project coordination,10,0.06,1257
equity research...,10,0.06,1258
editing,10,0.06,1259
rwa,10,0.06,1260
technical skills,10,0.06,1261
strategy development...,10,0.06,1262
xml...,10,0.06,1263
portfolio risk reporting...,10,0.06,1264
policies,10,0.06,1265
product quality,10,0.06,1266
bank reconciliation,10,0.06,1267
manager,10,0.06,1268
hris,10,0.06,1269
ms excel,10,0.06,1270
client engagement,10,0.06,1271
data architecture...,10,0.06,1272
trend analysis,10,0.06,1273
real time analysis,10,0.06,1274
qms,10,0.06,1275
data verification,10,0.06,1276
voice,10,0.06,1277
portfolio management...,10,0.06,1278
management consulting...,10,0.06,1279
cissp,10,0.06,1280
arcsight,10,0.06,1281
voice process...,10,0.06,1282
groovy,10,0.06,1283
successfactors,10,0.06,1284
content writer,10,0.06,1285
bug reporting,10,0.06,1286
gl,10,0.06,1287
incident management,10,0.06,1288
technology consulting,10,0.06,1289
lap,10,0.06,1290
core data,10,0.06,1291
fpna,10,0.06,1292
firewall,10,0.06,1293
program delivery,10,0.06,1294
software testing...,10,0.06,1295
marketing strategy...,10,0.06,1296
quant trader,10,0.06,1297
timing analysis,10,0.06,1298
visual basic,10,0.06,1299
ls - dyna,9,0.06,1300
recovery,9,0.06,1301
back office operations...,9,0.06,1302
business reporting,9,0.06,1303
communication...,9,0.06,1304
executive assistant,9,0.06,1305
css3...,9,0.06,1306
writing skills,9,0.06,1307
o2c,9,0.06,1308
tally,9,0.06,1309
system software,9,0.06,1310
coaching,9,0.06,1311
sql azure,9,0.06,1312
engagement management,9,0.06,1313
search engine marketing...,9,0.06,1314
r2r,9,0.06,1315
business research...,9,0.06,1316
front office,9,0.06,1317
management skills...,9,0.06,1318
captivate,9,0.06,1319
fund raising,9,0.06,1320
cost benefit analysis,9,0.06,1321
automotive,9,0.06,1322
issue resolution...,9,0.06,1323
social networking...,9,0.06,1324
web api,9,0.06,1325
dlp,9,0.06,1326
netweaver,9,0.06,1327
amazon redshift,9,0.06,1328
c / c++,9,0.06,1329
unit testing...,9,0.06,1330
hardware,9,0.06,1331
professor,9,0.06,1332
instructional design,9,0.06,1333
sales strategy...,9,0.06,1334
it,9,0.06,1335
cost estimation,9,0.06,1336
technology solutions...,9,0.06,1337
vendor development,9,0.06,1338
tna,9,0.06,1339
continuous improvement,9,0.06,1340
test data,9,0.06,1341
problem management,9,0.06,1342
digital strategy,9,0.06,1343
dhtml,9,0.06,1344
content...,9,0.06,1345
operational excellence,9,0.06,1346
test scripts...,9,0.06,1347
marketing planning,9,0.06,1348
sap mm,9,0.06,1349
arima,9,0.06,1350
active directory,9,0.06,1351
field sales,9,0.06,1352
customer relationship...,9,0.06,1353
talent management...,9,0.06,1354
rest apis,9,0.06,1355
due diligence...,9,0.06,1356
sourcing...,9,0.06,1357
execution...,9,0.06,1358
appium,9,0.06,1359
testng,9,0.06,1360
media strategy,9,0.06,1361
ejb,9,0.06,1362
project leading,9,0.06,1363
web marketing,9,0.06,1364
dom,9,0.06,1365
strategy consulting...,9,0.06,1366
distribution...,9,0.06,1367
outbound calling,9,0.06,1368
networking protocols,9,0.06,1369
semi voice process,9,0.06,1370
brand strategy,9,0.06,1371
brand marketing,9,0.06,1372
cmmi,9,0.06,1373
monitoring...,9,0.06,1374
bgp,9,0.06,1375
factor analysis,9,0.06,1376
mvc...,9,0.06,1377
open source...,9,0.06,1378
verilog,9,0.06,1379
coding...,9,0.06,1380
bid management,9,0.06,1381
client relationship...,9,0.06,1382
qualitative...,9,0.06,1383
jcl,9,0.06,1384
fixed assets,9,0.06,1385
ftir,9,0.06,1386
life cycle,9,0.06,1387
it projects,9,0.06,1388
search marketing,9,0.06,1389
tax,9,0.06,1390
qa management,9,0.06,1391
release management,9,0.06,1392
trade marketing,9,0.06,1393
microcontroller,9,0.06,1394
purchase order,9,0.06,1395
adwords...,9,0.06,1396
statutory audit,9,0.06,1397
voice support,9,0.06,1398
new business...,9,0.06,1399
youtube,9,0.06,1400
cash flow...,9,0.06,1401
ar caller,9,0.06,1402
case studies...,9,0.06,1403
business management,9,0.06,1404
post sales,9,0.06,1405
b2c,9,0.06,1406
digital transformation,9,0.06,1407
stress testing...,9,0.06,1408
mdm,9,0.06,1409
uat...,9,0.06,1410
prototype,9,0.06,1411
warehouse management,9,0.06,1412
night shift...,9,0.06,1413
bootstrap...,9,0.06,1414
regression analysis,9,0.06,1415
preventive maintenance,9,0.06,1416
software product development,9,0.06,1417
quality control...,9,0.06,1418
regression testing...,9,0.06,1419
gradle,9,0.06,1420
cfa,9,0.06,1421
treasury,9,0.06,1422
analytics head...,9,0.06,1423
method development,9,0.06,1424
sox,9,0.06,1425
waterfall,9,0.06,1426
sap hcm,9,0.06,1427
online advertising,9,0.06,1428
seo expert,9,0.06,1429
linear regression...,9,0.06,1430
data entry...,9,0.06,1431
mba fresher,9,0.06,1432
international call center,9,0.06,1433
it project management,9,0.06,1434
risk advisory...,9,0.06,1435
international voice,9,0.06,1436
coordination,9,0.06,1437
ir,9,0.06,1438
security analysis,9,0.06,1439
front...,9,0.06,1440
enterprise sales,9,0.06,1441
nastran,8,0.05,1442
twitter...,8,0.05,1443
us gaap...,8,0.05,1444
scalability...,8,0.05,1445
ead,8,0.05,1446
pmp...,8,0.05,1447
cucumber,8,0.05,1448
customer satisfaction...,8,0.05,1449
e - tendering,8,0.05,1450
usability,8,0.05,1451
design development...,8,0.05,1452
sap fi,8,0.05,1453
customer...,8,0.05,1454
financial operations,8,0.05,1455
product engineering,8,0.05,1456
microbiology,8,0.05,1457
gaap,8,0.05,1458
trader,8,0.05,1459
cocoa touch,8,0.05,1460
salesforce...,8,0.05,1461
epc,8,0.05,1462
analytics manager,8,0.05,1463
architect,8,0.05,1464
brand management...,8,0.05,1465
bigdata,8,0.05,1466
structured products...,8,0.05,1467
servlets,8,0.05,1468
ms visio,8,0.05,1469
new product development...,8,0.05,1470
working capital,8,0.05,1471
mnc,8,0.05,1472
drupal,8,0.05,1473
data engineer,8,0.05,1474
data modelling,8,0.05,1475
m&a,8,0.05,1476
testing...,8,0.05,1477
network engineering,8,0.05,1478
data architect,8,0.05,1479
performance tuning...,8,0.05,1480
product life cycle...,8,0.05,1481
qt,8,0.05,1482
jquery...,8,0.05,1483
core php,8,0.05,1484
git...,8,0.05,1485
automation framework,8,0.05,1486
hr executive,8,0.05,1487
code review,8,0.05,1488
rca,8,0.05,1489
tfs,8,0.05,1490
phonegap,8,0.05,1491
php...,8,0.05,1492
node.js...,8,0.05,1493
hft,8,0.05,1494
vendor management...,8,0.05,1495
deal structuring,8,0.05,1496
credit risk analysis,8,0.05,1497
full stack developer,8,0.05,1498
ab initio...,8,0.05,1499
extjs,8,0.05,1500
ms dynamics crm,8,0.05,1501
quality management...,8,0.05,1502
rate analysis...,8,0.05,1503
quality assurance...,8,0.05,1504
warehouse,8,0.05,1505
mvvm,8,0.05,1506
capacity planning...,8,0.05,1507
team lead,8,0.05,1508
spotfire,8,0.05,1509
management...,8,0.05,1510
compensation...,8,0.05,1511
middleware,8,0.05,1512
otc,8,0.05,1513
keyword analysis,8,0.05,1514
offline,8,0.05,1515
process mapping,8,0.05,1516
database testing,8,0.05,1517
primary...,8,0.05,1518
hiring...,8,0.05,1519
denial management,8,0.05,1520
angular2,8,0.05,1521
go - to - market strategy,8,0.05,1522
management reporting...,8,0.05,1523
docker...,8,0.05,1524
linux administration,8,0.05,1525
customer care...,8,0.05,1526
edi,8,0.05,1527
payroll...,8,0.05,1528
product...,8,0.05,1529
paas...,8,0.05,1530
scorecard,8,0.05,1531
business architecture...,8,0.05,1532
national sales,8,0.05,1533
commercial management,8,0.05,1534
oltp,8,0.05,1535
deep learning...,8,0.05,1536
data integration...,8,0.05,1537
mass communication,8,0.05,1538
quality assurance analyst,8,0.05,1539
international business development,8,0.05,1540
book keeping,8,0.05,1541
claims processing,8,0.05,1542
intellectual property,8,0.05,1543
talent development,8,0.05,1544
routing,8,0.05,1545
metrics,8,0.05,1546
pharmacovigilance,8,0.05,1547
process compliance,8,0.05,1548
campaigns...,8,0.05,1549
remote support,8,0.05,1550
test scenarios,8,0.05,1551
hr generalist,8,0.05,1552
failure analysis...,8,0.05,1553
software development life cycle,8,0.05,1554
sql queries...,8,0.05,1555
quantitative research...,8,0.05,1556
software design...,8,0.05,1557
quality standards,8,0.05,1558
frd,8,0.05,1559
iex,8,0.05,1560
operations management...,8,0.05,1561
lcv,8,0.05,1562
test case design...,8,0.05,1563
equity derivatives,8,0.05,1564
time series analysis...,8,0.05,1565
system architecture,8,0.05,1566
loyalty programs,8,0.05,1567
accounting operations,8,0.05,1568
cognos...,8,0.05,1569
verbal communication...,8,0.05,1570
accounts payable...,8,0.05,1571
ms office tools,8,0.05,1572
cloud...,8,0.05,1573
mean stack,8,0.05,1574
social media optimization...,8,0.05,1575
ci / cd,8,0.05,1576
base...,8,0.05,1577
service tax,8,0.05,1578
recruiter,8,0.05,1579
project implementation,8,0.05,1580
functional consultancy,8,0.05,1581
operating systems...,8,0.05,1582
statistical...,8,0.05,1583
sales presentations,8,0.05,1584
web apps,8,0.05,1585
senior seo executive,8,0.05,1586
d3.js,8,0.05,1587
risk analysis...,8,0.05,1588
oracle pl,8,0.05,1589
proposals...,8,0.05,1590
internal control...,8,0.05,1591
hbase...,8,0.05,1592
prospecting,8,0.05,1593
reporting analyst,8,0.05,1594
cloud solutions,8,0.05,1595
ip,8,0.05,1596
build,8,0.05,1597
vat,8,0.05,1598
eclipse ide,8,0.05,1599
resource management,8,0.05,1600
merchandising,8,0.05,1601
media marketing,8,0.05,1602
cassandra...,8,0.05,1603
ui,8,0.05,1604
provider,8,0.05,1605
sow,8,0.05,1606
training needs...,8,0.05,1607
gas,8,0.05,1608
modelling,8,0.05,1609
qradar,8,0.05,1610
leadership hiring,7,0.04,1611
search engine...,7,0.04,1612
events...,7,0.04,1613
electrical engineering,7,0.04,1614
vlookup...,7,0.04,1615
human resource,7,0.04,1616
multivariate analysis,7,0.04,1617
prototyping,7,0.04,1618
internal orders,7,0.04,1619
demand forecasting,7,0.04,1620
safety audit,7,0.04,1621
development testing...,7,0.04,1622
erp implementation,7,0.04,1623
startup,7,0.04,1624
pf,7,0.04,1625
r programming,7,0.04,1626
project execution...,7,0.04,1627
iot...,7,0.04,1628
samza,7,0.04,1629
production engineering,7,0.04,1630
certified black belt,7,0.04,1631
mdx,7,0.04,1632
architectural design,7,0.04,1633
legal documentation,7,0.04,1634
organic chemistry,7,0.04,1635
leadership development,7,0.04,1636
raw material,7,0.04,1637
test lead,7,0.04,1638
outbound...,7,0.04,1639
analyst...,7,0.04,1640
pmi,7,0.04,1641
report writing...,7,0.04,1642
object oriented design,7,0.04,1643
bw,7,0.04,1644
b com fresher,7,0.04,1645
anti money laundering,7,0.04,1646
event marketing,7,0.04,1647
admn,7,0.04,1648
postgresql...,7,0.04,1649
marketo,7,0.04,1650
sap bi,7,0.04,1651
cyber security...,7,0.04,1652
associate professor,7,0.04,1653
subject matter expertise,7,0.04,1654
communication protocols...,7,0.04,1655
api testing,7,0.04,1656
customer interaction,7,0.04,1657
mortgage,7,0.04,1658
identity management,7,0.04,1659
operational support,7,0.04,1660
data loader,7,0.04,1661
datastage,7,0.04,1662
test management,7,0.04,1663
youtube...,7,0.04,1664
qualitative research,7,0.04,1665
customer service operations,7,0.04,1666
accounting software,7,0.04,1667
apache tomcat,7,0.04,1668
system testing,7,0.04,1669
sap crm,7,0.04,1670
fpga,7,0.04,1671
wireless,7,0.04,1672
qlik,7,0.04,1673
powerbi,7,0.04,1674
windows services,7,0.04,1675
ms sql...,7,0.04,1676
design review,7,0.04,1677
interpersonal skills...,7,0.04,1678
digital...,7,0.04,1679
synthesis...,7,0.04,1680
shell,7,0.04,1681
matlab...,7,0.04,1682
chartered accountant...,7,0.04,1683
ariba...,7,0.04,1684
web application,7,0.04,1685
purchase order...,7,0.04,1686
training coordination,7,0.04,1687
ms access...,7,0.04,1688
product life cycle,7,0.04,1689
media planning,7,0.04,1690
online,7,0.04,1691
freelancer...,7,0.04,1692
home base,7,0.04,1693
industry analysis,7,0.04,1694
mining,7,0.04,1695
pharmaceutical,7,0.04,1696
business hr,7,0.04,1697
senior analytics analyst bigdata,7,0.04,1698
spark - gurgaon,7,0.04,1699
sap grc,7,0.04,1700
typescript,7,0.04,1701
ci,7,0.04,1702
credit card domain...,7,0.04,1703
actuarial analyst,7,0.04,1704
compensation benchmarking,7,0.04,1705
process audit,7,0.04,1706
corporate taxation,7,0.04,1707
san,7,0.04,1708
sap fiori,7,0.04,1709
html...,7,0.04,1710
general trade,7,0.04,1711
distribution channel,7,0.04,1712
gt,7,0.04,1713
super stockist model...,7,0.04,1714
analytical instruments,7,0.04,1715
simulink,7,0.04,1716
factor analysis...,7,0.04,1717
mvc architecture,7,0.04,1718
cloud foundry,7,0.04,1719
azure...,7,0.04,1720
p&l,7,0.04,1721
financial products,7,0.04,1722
production management,7,0.04,1723
corporate planning,7,0.04,1724
service now,7,0.04,1725
need analysis,7,0.04,1726
executive search,7,0.04,1727
talent acquisition...,7,0.04,1728
method validation,7,0.04,1729
ecommerce,7,0.04,1730
selenium webdriver,7,0.04,1731
stl,7,0.04,1732
mbbs,7,0.04,1733
sebi,7,0.04,1734
techno functional...,7,0.04,1735
direct marketing,7,0.04,1736
mpls,7,0.04,1737
oracle financials,7,0.04,1738
l2,7,0.04,1739
vpn,7,0.04,1740
backend developer,7,0.04,1741
performance appraisal,7,0.04,1742
ui developer,7,0.04,1743
sql database...,7,0.04,1744
java developer,7,0.04,1745
secondary research...,7,0.04,1746
requirement gathering...,7,0.04,1747
marketing operations,7,0.04,1748
us healthcare...,7,0.04,1749
service,7,0.04,1750
black box testing,7,0.04,1751
content management...,7,0.04,1752
integration services,7,0.04,1753
ed,7,0.04,1754
onesource,7,0.04,1755
synopsys,7,0.04,1756
credit control,7,0.04,1757
emr,7,0.04,1758
b2b...,7,0.04,1759
backend...,7,0.04,1760
interview scheduling,7,0.04,1761
iis,7,0.04,1762
content editor,7,0.04,1763
analytic...,7,0.04,1764
interviewing...,7,0.04,1765
rfps,7,0.04,1766
supply chain operations,7,0.04,1767
statistical analyst,7,0.04,1768
test scenarios...,7,0.04,1769
analytical method development,7,0.04,1770
application support...,7,0.04,1771
record to report,7,0.04,1772
cost center accounting,7,0.04,1773
capital iq...,7,0.04,1774
lean,7,0.04,1775
kpi,7,0.04,1776
application development...,7,0.04,1777
relationship building,7,0.04,1778
jmeter,7,0.04,1779
analytical chemistry,7,0.04,1780
chat process,7,0.04,1781
technical support executive...,7,0.04,1782
customer retention...,7,0.04,1783
business consultant...,7,0.04,1784
planning...,7,0.04,1785
copa,7,0.04,1786
monthly reports,7,0.04,1787
manager technology,7,0.04,1788
siem...,7,0.04,1789
formulation,7,0.04,1790
patent analysis,7,0.04,1791
c#...,7,0.04,1792
webi,7,0.04,1793
full stack,7,0.04,1794
seo specialist...,7,0.04,1795
sap implementation,7,0.04,1796
troubleshooting skills...,7,0.04,1797
informatica...,7,0.04,1798
cpa,7,0.04,1799
consolidation,7,0.04,1800
wireframing,7,0.04,1801
internal auditor,7,0.04,1802
operational risk,7,0.04,1803
refinery,7,0.04,1804
rwe,7,0.04,1805
real world data,7,0.04,1806
health economics,7,0.04,1807
heor,7,0.04,1808
capital market...,7,0.04,1809
structured finance,7,0.04,1810
payments,7,0.04,1811
risk assurance,7,0.04,1812
vpn...,7,0.04,1813
region,7,0.04,1814
clinical trials,7,0.04,1815
general insurance...,7,0.04,1816
oracle apps,7,0.04,1817
technical leadership...,7,0.04,1818
it support,7,0.04,1819
chemistry,7,0.04,1820
team...,7,0.04,1821
primetime,7,0.04,1822
ifc,7,0.04,1823
life cycle...,7,0.04,1824
it management,7,0.04,1825
oop,7,0.04,1826
quantitative...,7,0.04,1827
scrum...,7,0.04,1828
dealer network,7,0.04,1829
category management...,7,0.04,1830
orm,7,0.04,1831
vmware,7,0.04,1832
erp functional,7,0.04,1833
ranking...,7,0.04,1834
channel partners,7,0.04,1835
cism,7,0.04,1836
oil,7,0.04,1837
incident management...,7,0.04,1838
balance sheet...,7,0.04,1839
sales training,6,0.04,1840
home loans,6,0.04,1841
space selling,6,0.04,1842
financial auditing,6,0.04,1843
angularjs...,6,0.04,1844
product launch...,6,0.04,1845
stp,6,0.04,1846
llb,6,0.04,1847
techno commmercial,6,0.04,1848
risk control,6,0.04,1849
social media manager,6,0.04,1850
personal care,6,0.04,1851
nessus,6,0.04,1852
counselling,6,0.04,1853
simulation,6,0.04,1854
vulnerability assessment,6,0.04,1855
telemarketing,6,0.04,1856
database management,6,0.04,1857
business process analysis,6,0.04,1858
scope...,6,0.04,1859
internet,6,0.04,1860
regulatory compliance,6,0.04,1861
capital iq,6,0.04,1862
content developer,6,0.04,1863
fmcg sales,6,0.04,1864
database design...,6,0.04,1865
cube,6,0.04,1866
jira...,6,0.04,1867
acquisition,6,0.04,1868
management information system,6,0.04,1869
po,6,0.04,1870
back office operations,6,0.04,1871
end user,6,0.04,1872
data services,6,0.04,1873
bo,6,0.04,1874
it helpdesk,6,0.04,1875
tl,6,0.04,1876
troubleshooting...,6,0.04,1877
customer service delivery,6,0.04,1878
credit operations...,6,0.04,1879
kvm,6,0.04,1880
healthcare...,6,0.04,1881
csr,6,0.04,1882
apparel,6,0.04,1883
continuous delivery,6,0.04,1884
sap upgrade,6,0.04,1885
sap basis...,6,0.04,1886
customer research...,6,0.04,1887
software solution sales,6,0.04,1888
cost reduction...,6,0.04,1889
codeigniter,6,0.04,1890
it security,6,0.04,1891
equity...,6,0.04,1892
equity research analyst,6,0.04,1893
ph.d,6,0.04,1894
aicte,6,0.04,1895
problem...,6,0.04,1896
seo executive...,6,0.04,1897
payroll processing,6,0.04,1898
construction,6,0.04,1899
editorial,6,0.04,1900
inprocess,6,0.04,1901
joining formalities,6,0.04,1902
cordova,6,0.04,1903
logistics...,6,0.04,1904
quality improvement...,6,0.04,1905
staffing,6,0.04,1906
sql scripting,6,0.04,1907
senior analyst...,6,0.04,1908
system design,6,0.04,1909
cost control,6,0.04,1910
velocity,6,0.04,1911
test engineering...,6,0.04,1912
online bidding,6,0.04,1913
area sales manager,6,0.04,1914
ariba,6,0.04,1915
bca,6,0.04,1916
chemical analysis,6,0.04,1917
d,6,0.04,1918
derivatives...,6,0.04,1919
financial statement analysis...,6,0.04,1920
selection,6,0.04,1921
dwbi,6,0.04,1922
media planning...,6,0.04,1923
customer engagement,6,0.04,1924
telesales,6,0.04,1925
force.com,6,0.04,1926
pricing...,6,0.04,1927
microsoft dynamics,6,0.04,1928
revenue generation...,6,0.04,1929
test strategy,6,0.04,1930
dfmea,6,0.04,1931
settlements,6,0.04,1932
patent research,6,0.04,1933
warehouse operations,6,0.04,1934
configuration management,6,0.04,1935
mvp,6,0.04,1936
go getter,6,0.04,1937
senior business analyst,6,0.04,1938
database administration...,6,0.04,1939
ratio analysis...,6,0.04,1940
debt syndication,6,0.04,1941
high level design...,6,0.04,1942
storage,6,0.04,1943
career advisor,6,0.04,1944
cad,6,0.04,1945
media buying,6,0.04,1946
interface builder,6,0.04,1947
data integrity,6,0.04,1948
secretarial activities,6,0.04,1949
test planning...,6,0.04,1950
spend analysis,6,0.04,1951
technology leadership,6,0.04,1952
relative valuation,6,0.04,1953
sales promotion,6,0.04,1954
hubspot,6,0.04,1955
business intelligence reporting,6,0.04,1956
iphone sdk,6,0.04,1957
competitive analysis...,6,0.04,1958
real estate...,6,0.04,1959
banking operations...,6,0.04,1960
outbound sales...,6,0.04,1961
enterprise applications...,6,0.04,1962
api...,6,0.04,1963
optimization,6,0.04,1964
valuation analysis,6,0.04,1965
data mapping...,6,0.04,1966
e - learning,6,0.04,1967
solution architecture...,6,0.04,1968
big4...,6,0.04,1969
agreements,6,0.04,1970
settlements...,6,0.04,1971
dw...,6,0.04,1972
machine learning scientist,6,0.04,1973
interfaces,6,0.04,1974
scripting,6,0.04,1975
ea,6,0.04,1976
business growth,6,0.04,1977
enterprise applications,6,0.04,1978
routing protocols,6,0.04,1979
software...,6,0.04,1980
promotional campaigns...,6,0.04,1981
synthesis,6,0.04,1982
alliances,6,0.04,1983
competitive intelligence...,6,0.04,1984
adobe analytics...,6,0.04,1985
consolidation...,6,0.04,1986
network analysis,6,0.04,1987
cement marketing,6,0.04,1988
transaction processing,6,0.04,1989
project...,6,0.04,1990
patent,6,0.04,1991
investment analysis,6,0.04,1992
company law,6,0.04,1993
brochures,6,0.04,1994
data center,6,0.04,1995
product analysis,6,0.04,1996
assets,6,0.04,1997
fund accounting,6,0.04,1998
resource planning,6,0.04,1999
mca,6,0.04,2000
web content,6,0.04,2001
svn,6,0.04,2002
jquery mobile,6,0.04,2003
product,6,0.04,2004
akka,6,0.04,2005
payroll management...,6,0.04,2006
oracle support,6,0.04,2007
32 bit microcontrollers...,6,0.04,2008
rtos,6,0.04,2009
consumer research,6,0.04,2010
mechanical design,6,0.04,2011
predictive modelling,6,0.04,2012
content optimization,6,0.04,2013
analytical method development...,6,0.04,2014
english language,6,0.04,2015
financial markets,6,0.04,2016
accounting system,6,0.04,2017
sox compliance,6,0.04,2018
valuation...,6,0.04,2019
leadership skills,6,0.04,2020
building material,6,0.04,2021
denial management...,6,0.04,2022
iam,6,0.04,2023
region...,6,0.04,2024
iphone,6,0.04,2025
.net...,6,0.04,2026
developer,6,0.04,2027
native,6,0.04,2028
product design...,6,0.04,2029
p&c analytics,6,0.04,2030
analytical research,6,0.04,2031
technical analysis...,6,0.04,2032
wan,6,0.04,2033
strong...,6,0.04,2034
vhdl,6,0.04,2035
hadoop developer,6,0.04,2036
cost control...,6,0.04,2037
churn,6,0.04,2038
standard costing,6,0.04,2039
product pricing,6,0.04,2040
microservices...,6,0.04,2041
automation...,6,0.04,2042
educational qualification,6,0.04,2043
gm,6,0.04,2044
laravel...,6,0.04,2045
process development...,6,0.04,2046
banking portfolio...,6,0.04,2047
strategic analytics,6,0.04,2048
oracle database...,6,0.04,2049
cdh,6,0.04,2050
software architecture...,6,0.04,2051
strategic hr,6,0.04,2052
proposals,6,0.04,2053
strong communication skills,6,0.04,2054
marketing management...,6,0.04,2055
pay per click...,6,0.04,2056
office skills,6,0.04,2057
project accounting,6,0.04,2058
hl,6,0.04,2059
skill matrix,6,0.04,2060
jsf,6,0.04,2061
seo writing,6,0.04,2062
new product,6,0.04,2063
activemq,6,0.04,2064
lan...,6,0.04,2065
accountant,6,0.04,2066
hrbp,6,0.04,2067
retention,6,0.04,2068
data governance...,6,0.04,2069
media sales,6,0.04,2070
rest api stack...,6,0.04,2071
nlp engines,6,0.04,2072
sme,6,0.04,2073
recruitment management,6,0.04,2074
medical...,6,0.04,2075
usability testing...,6,0.04,2076
web development...,6,0.04,2077
manufacturing operations,6,0.04,2078
industrial engineering...,6,0.04,2079
functional testing...,6,0.04,2080
executive search...,6,0.04,2081
telephonic,6,0.04,2082
autocad,6,0.04,2083
international calling,6,0.04,2084
version control,6,0.04,2085
data integrity...,6,0.04,2086
modern trade,6,0.04,2087
pattern recognition,6,0.04,2088
metadata,6,0.04,2089
rfis,6,0.04,2090
drc,6,0.04,2091
failure analysis,6,0.04,2092
dns,6,0.04,2093
quant analytics,6,0.04,2094
sentiment analysis...,6,0.04,2095
user exits,6,0.04,2096
technical architecture...,6,0.04,2097
process management,6,0.04,2098
selling...,6,0.04,2099
commercial,6,0.04,2100
cics,6,0.04,2101
finite element analysis,6,0.04,2102
data warehouse,6,0.04,2103
angular js,6,0.04,2104
excel powerpoint...,6,0.04,2105
gwt,6,0.04,2106
clojure,6,0.04,2107
android framework,6,0.04,2108
mathematics...,6,0.04,2109
materials,6,0.04,2110
primary research...,6,0.04,2111
cost optimization,6,0.04,2112
workers compensation...,6,0.04,2113
text mining...,6,0.04,2114
marketing collaterals,6,0.04,2115
sas macros,6,0.04,2116
market survey,6,0.04,2117
credit card domain,6,0.04,2118
it sales,6,0.04,2119
icd - 10,6,0.04,2120
high frequency trading...,6,0.04,2121
acquisition strategy,6,0.04,2122
global sourcing,6,0.04,2123
after sales service...,6,0.04,2124
direct tax,6,0.04,2125
financial statements...,6,0.04,2126
business finance...,6,0.04,2127
business transformation,6,0.04,2128
technical sales,6,0.04,2129
durability,5,0.03,2130
trend analysis...,5,0.03,2131
pig...,5,0.03,2132
hazard analysis,5,0.03,2133
it procurement,5,0.03,2134
database development,5,0.03,2135
campus hiring,5,0.03,2136
it services...,5,0.03,2137
rms,5,0.03,2138
ios...,5,0.03,2139
copy writing,5,0.03,2140
hindi,5,0.03,2141
kannada,5,0.03,2142
github,5,0.03,2143
user interface designing...,5,0.03,2144
software engineer,5,0.03,2145
eloqua,5,0.03,2146
banking products,5,0.03,2147
soc...,5,0.03,2148
client solutions...,5,0.03,2149
customer service management,5,0.03,2150
technical training,5,0.03,2151
environmental monitoring,5,0.03,2152
lgd...,5,0.03,2153
prototyping...,5,0.03,2154
stlc,5,0.03,2155
rpa,5,0.03,2156
quantity surveyor,5,0.03,2157
financial due diligence,5,0.03,2158
infrastructure security,5,0.03,2159
hr compliance,5,0.03,2160
esic,5,0.03,2161
design calculations,5,0.03,2162
articulate storyline,5,0.03,2163
administration work,5,0.03,2164
graduate fresher,5,0.03,2165
factset,5,0.03,2166
channel distribution...,5,0.03,2167
channel development,5,0.03,2168
it service desk,5,0.03,2169
indian gaap,5,0.03,2170
revenue maximization,5,0.03,2171
customer complaints,5,0.03,2172
fi,5,0.03,2173
factiva,5,0.03,2174
pyspark,5,0.03,2175
engineer,5,0.03,2176
on - page optimization...,5,0.03,2177
reporting...,5,0.03,2178
sap pp,5,0.03,2179
customer focus,5,0.03,2180
qm,5,0.03,2181
bhms,5,0.03,2182
fireworks,5,0.03,2183
c#.net...,5,0.03,2184
android developer,5,0.03,2185
infrastructure security...,5,0.03,2186
client relationship management,5,0.03,2187
industrial sales,5,0.03,2188
succession planning...,5,0.03,2189
dsp,5,0.03,2190
relational databases,5,0.03,2191
international taxation,5,0.03,2192
green belt,5,0.03,2193
data processing...,5,0.03,2194
recruit...,5,0.03,2195
bpm,5,0.03,2196
product service,5,0.03,2197
computer operating,5,0.03,2198
query designer,5,0.03,2199
vulnerability management,5,0.03,2200
equity sales,5,0.03,2201
major,5,0.03,2202
educational qualification...,5,0.03,2203
creative writing,5,0.03,2204
sales account,5,0.03,2205
issue resolution,5,0.03,2206
object oriented design...,5,0.03,2207
channel partners...,5,0.03,2208
parsing,5,0.03,2209
store operations,5,0.03,2210
bdm,5,0.03,2211
data migration...,5,0.03,2212
tensorflow,5,0.03,2213
views,5,0.03,2214
new client...,5,0.03,2215
rpo,5,0.03,2216
advanced java,5,0.03,2217
rtl design,5,0.03,2218
database marketing,5,0.03,2219
catalog,5,0.03,2220
capability building,5,0.03,2221
area sales,5,0.03,2222
lpo,5,0.03,2223
risk advisory,5,0.03,2224
data conversion,5,0.03,2225
hr solutions,5,0.03,2226
company research,5,0.03,2227
analytical techniques,5,0.03,2228
scm...,5,0.03,2229
product portfolio...,5,0.03,2230
product planning,5,0.03,2231
it...,5,0.03,2232
wave analytics,5,0.03,2233
lbo,5,0.03,2234
business,5,0.03,2235
performance analysis,5,0.03,2236
digital campaigns,5,0.03,2237
product costing...,5,0.03,2238
product positioning,5,0.03,2239
key accounts...,5,0.03,2240
business growth...,5,0.03,2241
concept design,5,0.03,2242
stock market,5,0.03,2243
ppap,5,0.03,2244
documentation...,5,0.03,2245
tech proposal,5,0.03,2246
spring core,5,0.03,2247
spring data...,5,0.03,2248
inventory,5,0.03,2249
environment,5,0.03,2250
rejection analysis,5,0.03,2251
brand building,5,0.03,2252
crm sales,5,0.03,2253
up,5,0.03,2254
consumer insights...,5,0.03,2255
manpower management,5,0.03,2256
it analyst,5,0.03,2257
apache cordova,5,0.03,2258
graphic designer,5,0.03,2259
reference data,5,0.03,2260
search engines optimization,5,0.03,2261
couchdb,5,0.03,2262
student advisor,5,0.03,2263
enrollment executive,5,0.03,2264
counselling...,5,0.03,2265
sem executive,5,0.03,2266
quantity surveying,5,0.03,2267
global marketing,5,0.03,2268
corporate law,5,0.03,2269
gradle...,5,0.03,2270
backend operations,5,0.03,2271
escalation management,5,0.03,2272
knowledge management...,5,0.03,2273
corporate hr,5,0.03,2274
strategic business planning,5,0.03,2275
barclays,5,0.03,2276
use cases...,5,0.03,2277
onboarding...,5,0.03,2278
ar...,5,0.03,2279
trading strategies,5,0.03,2280
profitability analysis,5,0.03,2281
b.e,5,0.03,2282
network operations,5,0.03,2283
supply chain management...,5,0.03,2284
secondary sales,5,0.03,2285
action plan,5,0.03,2286
expense analysis,5,0.03,2287
science,5,0.03,2288
product training,5,0.03,2289
google webmaster tools,5,0.03,2290
helpdesk,5,0.03,2291
rdbms...,5,0.03,2292
investment strategies,5,0.03,2293
ios development,5,0.03,2294
head - analytics,5,0.03,2295
broking,5,0.03,2296
ttt,5,0.03,2297
market penetration,5,0.03,2298
maintenance management,5,0.03,2299
iso,5,0.03,2300
mobile application development,5,0.03,2301
quant,5,0.03,2302
service sales,5,0.03,2303
process optimization,5,0.03,2304
customer support...,5,0.03,2305
hr mis,5,0.03,2306
nodejs,5,0.03,2307
education,5,0.03,2308
medical coding analyst,5,0.03,2309
software qa,5,0.03,2310
business objects...,5,0.03,2311
svm,5,0.03,2312
negotiation...,5,0.03,2313
business excellence,5,0.03,2314
integration,5,0.03,2315
off - page optimization...,5,0.03,2316
spring...,5,0.03,2317
outlook,5,0.03,2318
manufacturing,5,0.03,2319
companies act,5,0.03,2320
fema,5,0.03,2321
agriculture,5,0.03,2322
application architecture,5,0.03,2323
managed services,5,0.03,2324
email...,5,0.03,2325
academic,5,0.03,2326
ccie,5,0.03,2327
hipaa,5,0.03,2328
payables,5,0.03,2329
principal,5,0.03,2330
feedback...,5,0.03,2331
warehouse management...,5,0.03,2332
dms,5,0.03,2333
it strategy,5,0.03,2334
server security,5,0.03,2335
desktop support,5,0.03,2336
service level,5,0.03,2337
client delivery manager...,5,0.03,2338
back office...,5,0.03,2339
workforce management...,5,0.03,2340
dft,5,0.03,2341
access management,5,0.03,2342
capa,5,0.03,2343
claim analytics  manager,5,0.03,2344
it audit,5,0.03,2345
retail business,5,0.03,2346
graduate,5,0.03,2347
c++...,5,0.03,2348
after sales service,5,0.03,2349
problem management...,5,0.03,2350
p2p,5,0.03,2351
business loan,5,0.03,2352
personal loans,5,0.03,2353
cisa,5,0.03,2354
sales development,5,0.03,2355
schema,5,0.03,2356
client interaction...,5,0.03,2357
pcie,5,0.03,2358
tcl,5,0.03,2359
static timing analysis,5,0.03,2360
internet research,5,0.03,2361
business administration,5,0.03,2362
software solutions,5,0.03,2363
powershell,5,0.03,2364
hcm,5,0.03,2365
fraud control,5,0.03,2366
software,5,0.03,2367
system analysis...,5,0.03,2368
physics,5,0.03,2369
financial risk,5,0.03,2370
credit officer,5,0.03,2371
hcv...,5,0.03,2372
cloud security,5,0.03,2373
plm,5,0.03,2374
disaster recovery,5,0.03,2375
adobe experience manager,5,0.03,2376
project tracking,5,0.03,2377
dcm,5,0.03,2378
quality monitoring,5,0.03,2379
enterprise architecture...,5,0.03,2380
denial handling,5,0.03,2381
ruby...,5,0.03,2382
process design...,5,0.03,2383
corporate finance...,5,0.03,2384
payment systems,5,0.03,2385
dashboard,5,0.03,2386
online sales...,5,0.03,2387
daily operations...,5,0.03,2388
costing...,5,0.03,2389
risk mitigation,5,0.03,2390
electronics engineering,5,0.03,2391
regression analysis...,5,0.03,2392
content creation,5,0.03,2393
writing,5,0.03,2394
web application development...,5,0.03,2395
tax & compliance manager,5,0.03,2396
senior manager,5,0.03,2397
microsoft dynamics navision,5,0.03,2398
neo4j,5,0.03,2399
induction...,5,0.03,2400
senior hr,5,0.03,2401
iso 9001,5,0.03,2402
policy,5,0.03,2403
patent drafting,5,0.03,2404
it infrastructure,5,0.03,2405
logistics management,5,0.03,2406
business case...,5,0.03,2407
analytics reporting...,5,0.03,2408
working capital...,5,0.03,2409
marketing support,5,0.03,2410
key skills,5,0.03,2411
revenue planning,5,0.03,2412
clinical development,5,0.03,2413
medical coding jobs,5,0.03,2414
pv,5,0.03,2415
user...,5,0.03,2416
business consultant,5,0.03,2417
reconciliation...,5,0.03,2418
scope management,5,0.03,2419
business partnering,5,0.03,2420
facebook marketing,5,0.03,2421
test design,5,0.03,2422
construction engineering,5,0.03,2423
mba fresher...,5,0.03,2424
profitability...,5,0.03,2425
stored procedures...,5,0.03,2426
mis development,5,0.03,2427
ms project...,5,0.03,2428
quality coach,5,0.03,2429
collections strategy,5,0.03,2430
content,5,0.03,2431
chromatography,5,0.03,2432
statistical modelling,5,0.03,2433
sap ewm,5,0.03,2434
business rules...,5,0.03,2435
risk,5,0.03,2436
marketing planning...,5,0.03,2437
load runner,5,0.03,2438
it consulting,5,0.03,2439
intern,5,0.03,2440
claims,5,0.03,2441
blogging,5,0.03,2442
net,5,0.03,2443
digital,5,0.03,2444
presentable,5,0.03,2445
new client acquisition...,5,0.03,2446
usage,5,0.03,2447
information technology...,5,0.03,2448
capex,5,0.03,2449
piping,5,0.03,2450
petrochemical,5,0.03,2451
chemical,5,0.03,2452
stress analysis...,5,0.03,2453
it infrastructure...,5,0.03,2454
breakdown analysis,5,0.03,2455
it hiring,5,0.03,2456
database management...,5,0.03,2457
tender preparation,5,0.03,2458
qfd,5,0.03,2459
data extraction...,5,0.03,2460
correlation...,5,0.03,2461
testing tools,5,0.03,2462
apache...,5,0.03,2463
business banking,5,0.03,2464
ucce,5,0.03,2465
cvp,5,0.03,2466
email process,5,0.03,2467
brand strategy...,5,0.03,2468
nginx,5,0.03,2469
technology consulting...,5,0.03,2470
rfq...,5,0.03,2471
structural analysis...,5,0.03,2472
campaign management...,5,0.03,2473
general ledger accounting,5,0.03,2474
contracts,5,0.03,2475
contract abstraction,5,0.03,2476
owasp,5,0.03,2477
web hosting,5,0.03,2478
trade settlements,5,0.03,2479
market data...,5,0.03,2480
fraud investigation,5,0.03,2481
functional analysis,5,0.03,2482
chef,5,0.03,2483
ssrs...,5,0.03,2484
call audit...,5,0.03,2485
rca...,5,0.03,2486
business intelligence reporting...,5,0.03,2487
transportation,5,0.03,2488
business research analysis,5,0.03,2489
smartforms,5,0.03,2490
performance improvement,5,0.03,2491
google,5,0.03,2492
operational support...,5,0.03,2493
self service,5,0.03,2494
sap finance,5,0.03,2495
sd,5,0.03,2496
mobile testing,5,0.03,2497
parser...,5,0.03,2498
manager - seo,5,0.03,2499
visio...,5,0.03,2500
leadership skills...,5,0.03,2501
hardware networking,5,0.03,2502
operational risk management,5,0.03,2503
project review,5,0.03,2504
analytical engines,5,0.03,2505
fmcg marketing,5,0.03,2506
uk payroll,5,0.03,2507
process quality,5,0.03,2508
hni,5,0.03,2509
corporate banking,5,0.03,2510
software solutions...,5,0.03,2511
security operations center...,5,0.03,2512
it services,5,0.03,2513
product portfolio,5,0.03,2514
planning engineering,5,0.03,2515
linux system administration,5,0.03,2516
project documentation...,5,0.03,2517
sas enterprise guide,5,0.03,2518
linkedin,5,0.03,2519
marketing manager,5,0.03,2520
market making,5,0.03,2521
performance review,5,0.03,2522
maintenance activities,5,0.03,2523
futures,5,0.03,2524
profit,5,0.03,2525
private equity...,5,0.03,2526
client interfacing,4,0.03,2527
process monitoring,4,0.03,2528
event sales,4,0.03,2529
responsive web design,4,0.03,2530
report preparation...,4,0.03,2531
sap sd,4,0.03,2532
boq,4,0.03,2533
social media analyst...,4,0.03,2534
mvc framework,4,0.03,2535
monetization,4,0.03,2536
banking products...,4,0.03,2537
positioning,4,0.03,2538
effective communication,4,0.03,2539
pagemaker,4,0.03,2540
corel draw,4,0.03,2541
analysis services,4,0.03,2542
llm,4,0.03,2543
budget management,4,0.03,2544
asset management...,4,0.03,2545
legal management,4,0.03,2546
togaf...,4,0.03,2547
customer satisfaction,4,0.03,2548
sap fico...,4,0.03,2549
roi...,4,0.03,2550
erp systems analyst,4,0.03,2551
s / 4 hana,4,0.03,2552
credit rating...,4,0.03,2553
linkedin...,4,0.03,2554
backbone.js,4,0.03,2555
trainer,4,0.03,2556
mm,4,0.03,2557
wcf...,4,0.03,2558
technical lead,4,0.03,2559
information security management...,4,0.03,2560
it networking,4,0.03,2561
grievance handling...,4,0.03,2562
web scraping,4,0.03,2563
third party...,4,0.03,2564
scorm...,4,0.03,2565
ldap...,4,0.03,2566
fraud detection...,4,0.03,2567
technical specifications,4,0.03,2568
head - online marketing,4,0.03,2569
sms...,4,0.03,2570
litigation support,4,0.03,2571
lms,4,0.03,2572
telugu,4,0.03,2573
facilities...,4,0.03,2574
hybris,4,0.03,2575
insurance underwriting,4,0.03,2576
pandas,4,0.03,2577
numpy,4,0.03,2578
sap production planning,4,0.03,2579
robotics,4,0.03,2580
trainee,4,0.03,2581
healthcare operations,4,0.03,2582
apache spark,4,0.03,2583
cost accountant,4,0.03,2584
solution consulting,4,0.03,2585
cissp...,4,0.03,2586
encryption,4,0.03,2587
content analysis,4,0.03,2588
kra,4,0.03,2589
quality inspection,4,0.03,2590
amazon s3...,4,0.03,2591
event management,4,0.03,2592
bi sales,4,0.03,2593
erp sales,4,0.03,2594
human resource management...,4,0.03,2595
adobe campaign architect,4,0.03,2596
ipv6,4,0.03,2597
data handling,4,0.03,2598
siebel configuration,4,0.03,2599
siebel analytics,4,0.03,2600
siebel crm,4,0.03,2601
system...,4,0.03,2602
net...,4,0.03,2603
principal component analysis,4,0.03,2604
iot architect,4,0.03,2605
wfm analyst,4,0.03,2606
administration...,4,0.03,2607
opengl,4,0.03,2608
boost...,4,0.03,2609
fund administration,4,0.03,2610
flash,4,0.03,2611
rta,4,0.03,2612
ojt,4,0.03,2613
oracle cpq,4,0.03,2614
supplier management,4,0.03,2615
consumer behavior,4,0.03,2616
sip,4,0.03,2617
angular,4,0.03,2618
pytorch,4,0.03,2619
python libraries...,4,0.03,2620
alliances...,4,0.03,2621
jsp servlets,4,0.03,2622
system verilog,4,0.03,2623
rtl coding,4,0.03,2624
cataloguing,4,0.03,2625
hedge funds,4,0.03,2626
digital marketing manager,4,0.03,2627
ldap,4,0.03,2628
macro,4,0.03,2629
reverse engineering...,4,0.03,2630
datawarehousing,4,0.03,2631
material procurement,4,0.03,2632
supply chain planning,4,0.03,2633
quantitative analyst,4,0.03,2634
financial planning & analysis,4,0.03,2635
test engineer,4,0.03,2636
hr administration,4,0.03,2637
iata,4,0.03,2638
travel,4,0.03,2639
salesforce developer,4,0.03,2640
python developer...,4,0.03,2641
sem analyst,4,0.03,2642
configuration,4,0.03,2643
api testing...,4,0.03,2644
financial control...,4,0.03,2645
export,4,0.03,2646
fundamental analysis,4,0.03,2647
postgres...,4,0.03,2648
strategy development,4,0.03,2649
test reporting,4,0.03,2650
sas di,4,0.03,2651
collateral management,4,0.03,2652
drools,4,0.03,2653
consumer finance,4,0.03,2654
brand communication,4,0.03,2655
ehs,4,0.03,2656
lisp,4,0.03,2657
supplier relationship management...,4,0.03,2658
report,4,0.03,2659
retail...,4,0.03,2660
risk analyst,4,0.03,2661
fraud analyst,4,0.03,2662
conducting interviews,4,0.03,2663
transaction advisory services,4,0.03,2664
customer marketing,4,0.03,2665
buyer activities,4,0.03,2666
e - sourcing,4,0.03,2667
enterprise...,4,0.03,2668
quality improvement,4,0.03,2669
medical transcription,4,0.03,2670
product pricing...,4,0.03,2671
software product management,4,0.03,2672
kpo...,4,0.03,2673
process efficiency,4,0.03,2674
spl,4,0.03,2675
equity analysis...,4,0.03,2676
mergers...,4,0.03,2677
project development...,4,0.03,2678
non it recruiter,4,0.03,2679
identity access management,4,0.03,2680
cocoa,4,0.03,2681
underwriting...,4,0.03,2682
american express,4,0.03,2683
business management...,4,0.03,2684
team handling...,4,0.03,2685
mba finance...,4,0.03,2686
diploma,4,0.03,2687
maths,4,0.03,2688
partner management,4,0.03,2689
trillium,4,0.03,2690
team leader...,4,0.03,2691
shrinkage,4,0.03,2692
unica campaign,4,0.03,2693
enterprise architect,4,0.03,2694
aa,4,0.03,2695
.net remoting,4,0.03,2696
manager - social media,4,0.03,2697
shared services,4,0.03,2698
ad operations...,4,0.03,2699
odata,4,0.03,2700
oo abap,4,0.03,2701
customer complaints...,4,0.03,2702
client satisfaction,4,0.03,2703
analyst - broking,4,0.03,2704
content development...,4,0.03,2705
outbound process,4,0.03,2706
shipping,4,0.03,2707
uk process,4,0.03,2708
ccsp,4,0.03,2709
power point presentation,4,0.03,2710
multithreading...,4,0.03,2711
international sales...,4,0.03,2712
oauth,4,0.03,2713
profit...,4,0.03,2714
promotions...,4,0.03,2715
resource allocation,4,0.03,2716
area sales management,4,0.03,2717
follow ups,4,0.03,2718
vsam,4,0.03,2719
regulatory affairs,4,0.03,2720
process improvement initiatives,4,0.03,2721
plant maintenance...,4,0.03,2722
business generation...,4,0.03,2723
master data,4,0.03,2724
tcc,4,0.03,2725
budget,4,0.03,2726
core hr,4,0.03,2727
customer handling,4,0.03,2728
social...,4,0.03,2729
production manager,4,0.03,2730
buying,4,0.03,2731
rbi,4,0.03,2732
algorithm,4,0.03,2733
data structure,4,0.03,2734
bio statistician,4,0.03,2735
technical...,4,0.03,2736
bss,4,0.03,2737
hr processes,4,0.03,2738
process orientation...,4,0.03,2739
debtors,4,0.03,2740
technical hiring,4,0.03,2741
editing...,4,0.03,2742
bams,4,0.03,2743
business rules,4,0.03,2744
qc...,4,0.03,2745
business modeling...,4,0.03,2746
expect,4,0.03,2747
web designing...,4,0.03,2748
oracle database,4,0.03,2749
medical coding job in chennai...,4,0.03,2750
pharma formulation...,4,0.03,2751
material analysis,4,0.03,2752
charge entry...,4,0.03,2753
test analyst,4,0.03,2754
mutual fund,4,0.03,2755
analytical method validation,4,0.03,2756
tax audit,4,0.03,2757
rabbitmq...,4,0.03,2758
helpdesk...,4,0.03,2759
performance analysis...,4,0.03,2760
webapi,4,0.03,2761
qc chemist,4,0.03,2762
customer centric,4,0.03,2763
fem,4,0.03,2764
stress analysis,4,0.03,2765
patran,4,0.03,2766
informatica developer,4,0.03,2767
patent search...,4,0.03,2768
black belt,4,0.03,2769
verification,4,0.03,2770
printing,4,0.03,2771
domestic bpo...,4,0.03,2772
bpo voice,4,0.03,2773
distribution network,4,0.03,2774
sales engineering,4,0.03,2775
foreign exchange,4,0.03,2776
od...,4,0.03,2777
vb script,4,0.03,2778
o2c...,4,0.03,2779
business system analyst,4,0.03,2780
information analysis...,4,0.03,2781
fraud...,4,0.03,2782
ad operations,4,0.03,2783
rest api,4,0.03,2784
network design,4,0.03,2785
elastic search...,4,0.03,2786
supervision...,4,0.03,2787
construction finance,4,0.03,2788
market making...,4,0.03,2789
content strategy...,4,0.03,2790
security monitoring,4,0.03,2791
application software...,4,0.03,2792
human capital,4,0.03,2793
unsecured loans,4,0.03,2794
manager quality control,4,0.03,2795
job posting,4,0.03,2796
jboss...,4,0.03,2797
stores,4,0.03,2798
website development,4,0.03,2799
java / j2ee,4,0.03,2800
it security...,4,0.03,2801
sketching,4,0.03,2802
quality engineering,4,0.03,2803
life insurance...,4,0.03,2804
life...,4,0.03,2805
design verification,4,0.03,2806
mis operations,4,0.03,2807
healthcare bpo,4,0.03,2808
microsoft dynamics...,4,0.03,2809
dfp,4,0.03,2810
customer operations,4,0.03,2811
solution selling...,4,0.03,2812
month end reporting,4,0.03,2813
conferences,4,0.03,2814
dwh,4,0.03,2815
franchising...,4,0.03,2816
corporate business development,4,0.03,2817
cashposting,4,0.03,2818
flask,4,0.03,2819
stock audit,4,0.03,2820
financial controller,4,0.03,2821
shortlisting,4,0.03,2822
change control...,4,0.03,2823
mobile phones,4,0.03,2824
bex,4,0.03,2825
hni client handling,4,0.03,2826
payroll hr executive...,4,0.03,2827
hr officer,4,0.03,2828
hr manager,4,0.03,2829
sql development...,4,0.03,2830
research associate...,4,0.03,2831
site management,4,0.03,2832
sap fi...,4,0.03,2833
marketing programs...,4,0.03,2834
threading,4,0.03,2835
legal services,4,0.03,2836
insurance processing,4,0.03,2837
business case development,4,0.03,2838
report generation...,4,0.03,2839
operational risk...,4,0.03,2840
media analyst,4,0.03,2841
patent search,4,0.03,2842
vp,4,0.03,2843
avp,4,0.03,2844
global sales,4,0.03,2845
c...,4,0.03,2846
lamp,4,0.03,2847
food,4,0.03,2848
l1,4,0.03,2849
project manager,4,0.03,2850
winforms,4,0.03,2851
qa analyst,4,0.03,2852
management skills,4,0.03,2853
merchant services,4,0.03,2854
executive assistant...,4,0.03,2855
ms sql server...,4,0.03,2856
service quality,4,0.03,2857
clinical data management,4,0.03,2858
inventory management...,4,0.03,2859
mis executive...,4,0.03,2860
toad,4,0.03,2861
mis excel,4,0.03,2862
branding...,4,0.03,2863
accounting entries,4,0.03,2864
service now bsa...,4,0.03,2865
business development executive,4,0.03,2866
employee benefits,4,0.03,2867
contract drafting,4,0.03,2868
external reporting,4,0.03,2869
design engineering...,4,0.03,2870
business intelligence analyst,4,0.03,2871
knowledge management,4,0.03,2872
programmer analyst,4,0.03,2873
analyst programmer,4,0.03,2874
security testing,4,0.03,2875
jdbc...,4,0.03,2876
pmo...,4,0.03,2877
supplier relationship management,4,0.03,2878
hse management system,4,0.03,2879
construction supervision...,4,0.03,2880
conversions,4,0.03,2881
ims,4,0.03,2882
quant analyst,4,0.03,2883
sales process...,4,0.03,2884
software development methodologies,4,0.03,2885
project analysis...,4,0.03,2886
lte,4,0.03,2887
process associate,4,0.03,2888
solr...,4,0.03,2889
material science,4,0.03,2890
loan origination,4,0.03,2891
nism,4,0.03,2892
behavioural training,4,0.03,2893
computer skills,4,0.03,2894
splunk analytics,4,0.03,2895
automation tools,4,0.03,2896
adobe campaign,4,0.03,2897
digital sales,4,0.03,2898
investment,4,0.03,2899
investor relations,4,0.03,2900
chat support,4,0.03,2901
hsrp,4,0.03,2902
project finance...,4,0.03,2903
distribution management,4,0.03,2904
scheduling...,4,0.03,2905
us inbound sales...,4,0.03,2906
financial projection,4,0.03,2907
quantity surveyor activities,4,0.03,2908
sap basis,4,0.03,2909
bi / dw,4,0.03,2910
presentation skills...,4,0.03,2911
gui,4,0.03,2912
ui developer...,4,0.03,2913
dcf...,4,0.03,2914
document review,4,0.03,2915
sitecore,4,0.03,2916
construction project management,4,0.03,2917
construction projects...,4,0.03,2918
bid management...,4,0.03,2919
solution architecting,4,0.03,2920
controllership,4,0.03,2921
asic design,4,0.03,2922
purchase...,4,0.03,2923
computer hardware,4,0.03,2924
hyperion,4,0.03,2925
strategic partnerships,4,0.03,2926
funding,4,0.03,2927
it recruiter,4,0.03,2928
endpoint security,4,0.03,2929
manufacturing process...,4,0.03,2930
qc tools,4,0.03,2931
ccar modeling,4,0.03,2932
idocs,4,0.03,2933
loans,4,0.03,2934
ranking,4,0.03,2935
system testing...,4,0.03,2936
xsl,4,0.03,2937
otm,4,0.03,2938
stata...,4,0.03,2939
agile methodology...,4,0.03,2940
informatica power center...,4,0.03,2941
market maker...,4,0.03,2942
head - trading,4,0.03,2943
icm,4,0.03,2944
cuic,4,0.03,2945
system engineering,4,0.03,2946
tcp,4,0.03,2947
field work,4,0.03,2948
web research,4,0.03,2949
research executive,4,0.03,2950
ale,4,0.03,2951
business applications,4,0.03,2952
equity analysis,4,0.03,2953
data interpretation,4,0.03,2954
information architecture,4,0.03,2955
abap objects,4,0.03,2956
new...,4,0.03,2957
mcse,4,0.03,2958
social media executive...,4,0.03,2959
copy editing,4,0.03,2960
tableau developer,4,0.03,2961
profitability,4,0.03,2962
proposal preparation...,4,0.03,2963
requirements...,4,0.03,2964
data scientist...,4,0.03,2965
adobe target,4,0.03,2966
strong interpersonal skills,4,0.03,2967
sox compliance...,4,0.03,2968
top management,4,0.03,2969
client services,4,0.03,2970
advertising...,4,0.03,2971
zoology,4,0.03,2972
strong analytical...,4,0.03,2973
corporate credit,4,0.03,2974
reject inference...,4,0.03,2975
jaxb,4,0.03,2976
inbound sales...,4,0.03,2977
supply chain analyst,4,0.03,2978
motor insurance,4,0.03,2979
security operations...,4,0.03,2980
contact center...,4,0.03,2981
pega prpc,4,0.03,2982
web analysis,4,0.03,2983
data reporting...,4,0.03,2984
c/ c++,4,0.03,2985
data access layer,4,0.03,2986
windows form,4,0.03,2987
mysql/ ms sql...,4,0.03,2988
devops engineer,4,0.03,2989
fp & a,4,0.03,2990
information architecture...,4,0.03,2991
r12,4,0.03,2992
financial institutions...,4,0.03,2993
frs,4,0.03,2994
pain management,4,0.03,2995
dealing...,4,0.03,2996
customer engagement...,4,0.03,2997
prospecting...,4,0.03,2998
views...,4,0.03,2999
application security testing,4,0.03,3000
ms visio...,4,0.03,3001
graphite,4,0.03,3002
gtm,4,0.03,3003
strategic alliances...,4,0.03,3004
risk...,4,0.03,3005
finance head,4,0.03,3006
kubernetes,4,0.03,3007
system engineer,4,0.03,3008
job safety analysis,4,0.03,3009
brand communication...,4,0.03,3010
translation,4,0.03,3011
manager technology...,4,0.03,3012
financial,4,0.03,3013
six sigma...,4,0.03,3014
technology marketing,4,0.03,3015
mechanical,4,0.03,3016
bse,4,0.03,3017
safety analysis,4,0.03,3018
financial markets...,4,0.03,3019
expenses,4,0.03,3020
process operations,4,0.03,3021
business advisory...,4,0.03,3022
workday,4,0.03,3023
process documentation...,4,0.03,3024
branch banking...,4,0.03,3025
device drivers,4,0.03,3026
linux kernel,4,0.03,3027
tds...,4,0.03,3028
md,4,0.03,3029
epm,4,0.03,3030
business services,4,0.03,3031
construction...,4,0.03,3032
campaign analytics...,4,0.03,3033
client handling,4,0.03,3034
debugging...,4,0.03,3035
monthly reports...,4,0.03,3036
customer management...,4,0.03,3037
continuous integration...,4,0.03,3038
hr analytics...,4,0.03,3039
server side,4,0.03,3040
fmcg...,4,0.03,3041
external audit,4,0.03,3042
quantitative trading,4,0.03,3043
python programmer,4,0.03,3044
enterprise software,4,0.03,3045
bid,4,0.03,3046
primavera,4,0.03,3047
soap ui,4,0.03,3048
accent,4,0.03,3049
safety management,4,0.03,3050
fixed asset accounting,4,0.03,3051
confirmit,4,0.03,3052
project operations...,4,0.03,3053
ict,4,0.03,3054
downstream,4,0.03,3055
assortment planning,4,0.03,3056
ca...,4,0.03,3057
edw,4,0.03,3058
neural networks...,4,0.03,3059
financial management...,4,0.03,3060
qs,4,0.03,3061
digital analytics...,4,0.03,3062
application design,4,0.03,3063
ioc,4,0.03,3064
inventory control,4,0.03,3065
malayalam,4,0.03,3066
driving,4,0.03,3067
pricing strategy...,4,0.03,3068
roc,4,0.03,3069
xhtml/html,4,0.03,3070
data manipulation...,4,0.03,3071
query resolution,4,0.03,3072
manager - model development,4,0.03,3073
projections...,4,0.03,3074
architecture...,4,0.03,3075
infrastructure management,4,0.03,3076
advisory services,4,0.03,3077
aerospace,4,0.03,3078
mockito,4,0.03,3079
mto,4,0.03,3080
adf,4,0.03,3081
application security,4,0.03,3082
material planning,4,0.03,3083
shell...,4,0.03,3084
retention...,4,0.03,3085
wordpress...,4,0.03,3086
mariadb,4,0.03,3087
architectural design...,4,0.03,3088
credit monitoring,4,0.03,3089
banking operations,4,0.03,3090
snort,4,0.03,3091
virtualization,4,0.03,3092
head hunting...,4,0.03,3093
cma data,4,0.03,3094
market...,4,0.03,3095
paralegal,4,0.03,3096
security,4,0.03,3097
amazon ec2...,4,0.03,3098
evaluation,4,0.03,3099
invoice verification,4,0.03,3100
be,4,0.03,3101
play framework,3,0.02,3102
snow,3,0.02,3103
fea...,3,0.02,3104
portfolio analytics,3,0.02,3105
background verification,3,0.02,3106
personal assistance,3,0.02,3107
waterfall...,3,0.02,3108
social media listening,3,0.02,3109
sql developer,3,0.02,3110
credit risk modeling,3,0.02,3111
windows os,3,0.02,3112
process analysis,3,0.02,3113
esri,3,0.02,3114
seo manager,3,0.02,3115
engineering manager,3,0.02,3116
ms office word,3,0.02,3117
office assistance,3,0.02,3118
power point,3,0.02,3119
corporate governance,3,0.02,3120
investment...,3,0.02,3121
regulatory reporting,3,0.02,3122
hyperion financial management,3,0.02,3123
gui testing,3,0.02,3124
senior data scientist...,3,0.02,3125
cost reduction,3,0.02,3126
hortonworks,3,0.02,3127
webservices,3,0.02,3128
supply chain planning...,3,0.02,3129
offline lecturer,3,0.02,3130
offline faculty...,3,0.02,3131
offline teaching,3,0.02,3132
pdf,3,0.02,3133
tele sales qa...,3,0.02,3134
bpo qa,3,0.02,3135
qa audit,3,0.02,3136
inbound qa,3,0.02,3137
em,3,0.02,3138
release management...,3,0.02,3139
uat testing...,3,0.02,3140
ip networking,3,0.02,3141
product training...,3,0.02,3142
scorecard...,3,0.02,3143
java web services,3,0.02,3144
transaction analysis,3,0.02,3145
scrum master...,3,0.02,3146
site analysis,3,0.02,3147
vendor...,3,0.02,3148
lab analyst,3,0.02,3149
strategic...,3,0.02,3150
public relations...,3,0.02,3151
pre sales,3,0.02,3152
content editing...,3,0.02,3153
ms office outlook,3,0.02,3154
affiliate marketing...,3,0.02,3155
strategic thinking,3,0.02,3156
claims analytics...,3,0.02,3157
commerce,3,0.02,3158
m com,3,0.02,3159
acca,3,0.02,3160
b com,3,0.02,3161
phd researcher,3,0.02,3162
quality evaluator,3,0.02,3163
big data stack,3,0.02,3164
rural finance,3,0.02,3165
process efficiency...,3,0.02,3166
payment processing,3,0.02,3167
iot r&d analytics research,3,0.02,3168
analyst relations,3,0.02,3169
sales achievement,3,0.02,3170
mba...,3,0.02,3171
team training,3,0.02,3172
test management...,3,0.02,3173
quality auditor,3,0.02,3174
google maps,3,0.02,3175
sap pp module,3,0.02,3176
stock broking,3,0.02,3177
avro...,3,0.02,3178
curriculum development,3,0.02,3179
pm,3,0.02,3180
intercompany,3,0.02,3181
journal entries...,3,0.02,3182
risk control...,3,0.02,3183
information security management,3,0.02,3184
nbfc,3,0.02,3185
brand positioning,3,0.02,3186
process flow,3,0.02,3187
b.a,3,0.02,3188
csm,3,0.02,3189
transfer pricing,3,0.02,3190
etom,3,0.02,3191
team building...,3,0.02,3192
functional consultant,3,0.02,3193
application engineering,3,0.02,3194
itm,3,0.02,3195
tivoli,3,0.02,3196
netcool omnibus,3,0.02,3197
sanction,3,0.02,3198
solar,3,0.02,3199
application lead,3,0.02,3200
olap...,3,0.02,3201
budget analysis,3,0.02,3202
ai...,3,0.02,3203
kaizen,3,0.02,3204
purchase requisition,3,0.02,3205
french,3,0.02,3206
wfm executive,3,0.02,3207
web tools,3,0.02,3208
client billing,3,0.02,3209
journalism...,3,0.02,3210
technical process,3,0.02,3211
hedge funds...,3,0.02,3212
manual testing...,3,0.02,3213
business solutions...,3,0.02,3214
swot analysis...,3,0.02,3215
credit collection,3,0.02,3216
store management,3,0.02,3217
visual merchandising...,3,0.02,3218
ios developer,3,0.02,3219
atg commerce,3,0.02,3220
solution analyst,3,0.02,3221
hospitality,3,0.02,3222
reporting services,3,0.02,3223
activation,3,0.02,3224
client relationship management...,3,0.02,3225
category,3,0.02,3226
sla...,3,0.02,3227
training & development,3,0.02,3228
primavera p6,3,0.02,3229
publishing,3,0.02,3230
hr consulting,3,0.02,3231
hr transformation,3,0.02,3232
funding...,3,0.02,3233
dashboards...,3,0.02,3234
oaf,3,0.02,3235
statistical programming...,3,0.02,3236
thermal analysis,3,0.02,3237
gds,3,0.02,3238
galileo,3,0.02,3239
amadeus,3,0.02,3240
internship...,3,0.02,3241
business consulting...,3,0.02,3242
sql server administration,3,0.02,3243
test case,3,0.02,3244
office 365,3,0.02,3245
regression modeling...,3,0.02,3246
data security,3,0.02,3247
back office executive,3,0.02,3248
back office processing,3,0.02,3249
systems analyst,3,0.02,3250
interpersonal communication,3,0.02,3251
ms office suite...,3,0.02,3252
xhtml,3,0.02,3253
value engineering...,3,0.02,3254
apqp,3,0.02,3255
effort estimation...,3,0.02,3256
client mgt,3,0.02,3257
vertica,3,0.02,3258
test lead...,3,0.02,3259
equity settlements...,3,0.02,3260
mule esb,3,0.02,3261
presentation,3,0.02,3262
prior art search,3,0.02,3263
blogs...,3,0.02,3264
object oriented programming,3,0.02,3265
safety,3,0.02,3266
process safety,3,0.02,3267
process inspection,3,0.02,3268
sap ariba,3,0.02,3269
technical,3,0.02,3270
logistics planning,3,0.02,3271
ms office tools...,3,0.02,3272
strategic alliances,3,0.02,3273
qualitative analysis,3,0.02,3274
google cloud,3,0.02,3275
sr business analyst,3,0.02,3276
client communication,3,0.02,3277
developing marketing strategies,3,0.02,3278
oscp,3,0.02,3279
npv,3,0.02,3280
algorithm development,3,0.02,3281
public accounting,3,0.02,3282
demo,3,0.02,3283
charge posting,3,0.02,3284
marketing coordinator,3,0.02,3285
sales coordinator,3,0.02,3286
defect logging,3,0.02,3287
contractor billing,3,0.02,3288
technology management,3,0.02,3289
litigation...,3,0.02,3290
itil...,3,0.02,3291
physical security,3,0.02,3292
shell scripting...,3,0.02,3293
soft skills training,3,0.02,3294
behavioral training,3,0.02,3295
channel...,3,0.02,3296
management systems,3,0.02,3297
medical billing...,3,0.02,3298
usage...,3,0.02,3299
microsoft azure...,3,0.02,3300
blockchain,3,0.02,3301
financial auditing...,3,0.02,3302
sales analysis...,3,0.02,3303
inbound marketing,3,0.02,3304
sod,3,0.02,3305
authorization...,3,0.02,3306
client requirement specialist,3,0.02,3307
angular4,3,0.02,3308
enterprise architect...,3,0.02,3309
performance marketing,3,0.02,3310
call center...,3,0.02,3311
flyway,3,0.02,3312
appdy,3,0.02,3313
leaflets,3,0.02,3314
high level design,3,0.02,3315
panda,3,0.02,3316
contact center operations,3,0.02,3317
plant accounting,3,0.02,3318
adobe dtm,3,0.02,3319
ember.js,3,0.02,3320
c&b,3,0.02,3321
operating systems,3,0.02,3322
bd...,3,0.02,3323
senior level...,3,0.02,3324
voice...,3,0.02,3325
commercial banking,3,0.02,3326
offshore,3,0.02,3327
automation anywhere,3,0.02,3328
commercial lending,3,0.02,3329
global shared services,3,0.02,3330
hr shared services,3,0.02,3331
hrss...,3,0.02,3332
pharmacy,3,0.02,3333
analysing,3,0.02,3334
asp net c,3,0.02,3335
einstein,3,0.02,3336
market penetration...,3,0.02,3337
tni,3,0.02,3338
basel...,3,0.02,3339
administrative support,3,0.02,3340
fund raising...,3,0.02,3341
ansa,3,0.02,3342
w3c,3,0.02,3343
power electronics,3,0.02,3344
erwin,3,0.02,3345
incentives,3,0.02,3346
college,3,0.02,3347
kf,3,0.02,3348
media analytics,3,0.02,3349
system implementation,3,0.02,3350
azure data factory,3,0.02,3351
branch management,3,0.02,3352
product launch,3,0.02,3353
chatbots...,3,0.02,3354
reporting tools...,3,0.02,3355
functional consultancy...,3,0.02,3356
dxl,3,0.02,3357
automotive infotainment,3,0.02,3358
patent searching,3,0.02,3359
patent law...,3,0.02,3360
bi analyst...,3,0.02,3361
qlikview...,3,0.02,3362
board meeting,3,0.02,3363
big data engineer,3,0.02,3364
consumer research...,3,0.02,3365
instrumentation...,3,0.02,3366
hrm,3,0.02,3367
bfsi...,3,0.02,3368
stock broking...,3,0.02,3369
us tax,3,0.02,3370
""" ; power bi"" ;",3,0.02,3371
newsletters,3,0.02,3372
corporate actions,3,0.02,3373
swaps...,3,0.02,3374
r&d,3,0.02,3375
quality control management,3,0.02,3376
focus,3,0.02,3377
digital strategy...,3,0.02,3378
retail analytics...,3,0.02,3379
online marketing analyst,3,0.02,3380
react native,3,0.02,3381
field marketing,3,0.02,3382
iso 27001,3,0.02,3383
clinical trials...,3,0.02,3384
financial modeling...,3,0.02,3385
server...,3,0.02,3386
big...,3,0.02,3387
business process modeling...,3,0.02,3388
researcher,3,0.02,3389
shopify,3,0.02,3390
smarty,3,0.02,3391
campaign planning,3,0.02,3392
quality auditor...,3,0.02,3393
information analysis,3,0.02,3394
basic,3,0.02,3395
bi apps,3,0.02,3396
nav calculation,3,0.02,3397
employee relations...,3,0.02,3398
business forecasting,3,0.02,3399
devops...,3,0.02,3400
protocols,3,0.02,3401
frontend,3,0.02,3402
transition,3,0.02,3403
technical support executive,3,0.02,3404
technician activities,3,0.02,3405
dialer management,3,0.02,3406
apis,3,0.02,3407
contract management...,3,0.02,3408
atpg,3,0.02,3409
bist,3,0.02,3410
market research analyst,3,0.02,3411
clinical data management...,3,0.02,3412
statistical models...,3,0.02,3413
spring mvc...,3,0.02,3414
credit cards...,3,0.02,3415
financial model,3,0.02,3416
collections strategy...,3,0.02,3417
infopath,3,0.02,3418
denials,3,0.02,3419
insurance broking,3,0.02,3420
cart...,3,0.02,3421
process engineering,3,0.02,3422
english writing,3,0.02,3423
smo executive...,3,0.02,3424
export sales,3,0.02,3425
cloud security...,3,0.02,3426
marketing initiatives...,3,0.02,3427
personality development,3,0.02,3428
insurance analytics...,3,0.02,3429
predictive...,3,0.02,3430
coder,3,0.02,3431
corporate marketing...,3,0.02,3432
digital media...,3,0.02,3433
ids,3,0.02,3434
fmcd,3,0.02,3435
sas r...,3,0.02,3436
freshers,3,0.02,3437
us it recruitment,3,0.02,3438
redhat linux,3,0.02,3439
grn,3,0.02,3440
sap hr,3,0.02,3441
manager financial planning analysis...,3,0.02,3442
tester...,3,0.02,3443
ad,3,0.02,3444
balance sheet analysis,3,0.02,3445
banca,3,0.02,3446
cro,3,0.02,3447
data dictionary,3,0.02,3448
software quality...,3,0.02,3449
invoicing,3,0.02,3450
3pl,3,0.02,3451
leave management...,3,0.02,3452
induction training,3,0.02,3453
resource management...,3,0.02,3454
cq5,3,0.02,3455
ad tags,3,0.02,3456
ta,3,0.02,3457
pricing analyst,3,0.02,3458
crm strategy,3,0.02,3459
credit...,3,0.02,3460
us recruitment,3,0.02,3461
promotional strategies...,3,0.02,3462
consumer durables,3,0.02,3463
swift...,3,0.02,3464
budget development,3,0.02,3465
firmware architecture,3,0.02,3466
firmware architect,3,0.02,3467
iot firmware,3,0.02,3468
it product management,3,0.02,3469
web - chat...,3,0.02,3470
sap erp,3,0.02,3471
backend ninja,3,0.02,3472
analytics developer,3,0.02,3473
sdet,3,0.02,3474
mutual funds...,3,0.02,3475
supply chain solutions...,3,0.02,3476
digital content...,3,0.02,3477
3g,3,0.02,3478
six...,3,0.02,3479
transformation,3,0.02,3480
insurance...,3,0.02,3481
digital sales...,3,0.02,3482
requirements management...,3,0.02,3483
qc tools...,3,0.02,3484
loss,3,0.02,3485
team management skills,3,0.02,3486
hp quality center,3,0.02,3487
biomedical,3,0.02,3488
biotech,3,0.02,3489
security analyst,3,0.02,3490
business tools,3,0.02,3491
risk compliance,3,0.02,3492
content writer...,3,0.02,3493
who,3,0.02,3494
boost,3,0.02,3495
log4j,3,0.02,3496
macros...,3,0.02,3497
performance measurement...,3,0.02,3498
catia,3,0.02,3499
applications engineer,3,0.02,3500
app develop tech lead - informatica,3,0.02,3501
software architecture,3,0.02,3502
options...,3,0.02,3503
quality engineer,3,0.02,3504
client...,3,0.02,3505
process consulting,3,0.02,3506
svn...,3,0.02,3507
oim,3,0.02,3508
technical product configuration,3,0.02,3509
integration php,3,0.02,3510
legal issues,3,0.02,3511
machine...,3,0.02,3512
credit assessment,3,0.02,3513
technology leadership...,3,0.02,3514
plant operations,3,0.02,3515
academic research,3,0.02,3516
axure,3,0.02,3517
computer system validation,3,0.02,3518
lims,3,0.02,3519
application management,3,0.02,3520
telecom bss,3,0.02,3521
non technical...,3,0.02,3522
interaction design,3,0.02,3523
brand campaigns...,3,0.02,3524
us market,3,0.02,3525
entrepreneurship...,3,0.02,3526
4g,3,0.02,3527
system programming,3,0.02,3528
non bpo,3,0.02,3529
social bookmarking...,3,0.02,3530
supply planning...,3,0.02,3531
variance...,3,0.02,3532
operations manager,3,0.02,3533
b2c...,3,0.02,3534
server,3,0.02,3535
load balancing,3,0.02,3536
usfda,3,0.02,3537
pd,3,0.02,3538
chaid...,3,0.02,3539
lucene,3,0.02,3540
asset finance,3,0.02,3541
category manager,3,0.02,3542
user documentation,3,0.02,3543
financial analytics,3,0.02,3544
promotional events,3,0.02,3545
trade operations,3,0.02,3546
information research,3,0.02,3547
speech scientist,3,0.02,3548
rsa envision,3,0.02,3549
saas...,3,0.02,3550
cvs,3,0.02,3551
mobile applications...,3,0.02,3552
oracle dba,3,0.02,3553
backup,3,0.02,3554
oracle rac,3,0.02,3555
e - learning...,3,0.02,3556
spend management,3,0.02,3557
istqb,3,0.02,3558
pl...,3,0.02,3559
nas,3,0.02,3560
kyc analyst,3,0.02,3561
tax...,3,0.02,3562
bde,3,0.02,3563
disaster recovery...,3,0.02,3564
sql server development,3,0.02,3565
erp...,3,0.02,3566
nand flash...,3,0.02,3567
product data management,3,0.02,3568
ms office suite,3,0.02,3569
sales executive activities...,3,0.02,3570
online research,3,0.02,3571
inventory analysis,3,0.02,3572
negotiation skills,3,0.02,3573
apache camel,3,0.02,3574
togaf,3,0.02,3575
windows...,3,0.02,3576
esb,3,0.02,3577
wso2,3,0.02,3578
hr business partner,3,0.02,3579
content editor...,3,0.02,3580
behavioural training...,3,0.02,3581
business system,3,0.02,3582
financial projections,3,0.02,3583
portal,3,0.02,3584
payment gateways,3,0.02,3585
sas r,3,0.02,3586
circuit designing...,3,0.02,3587
production supervising,3,0.02,3588
mining...,3,0.02,3589
billing engineering,3,0.02,3590
solution management,3,0.02,3591
interpersonal communication...,3,0.02,3592
process analysis...,3,0.02,3593
data steward,3,0.02,3594
talent engagement,3,0.02,3595
general...,3,0.02,3596
argus,3,0.02,3597
sales consulting,3,0.02,3598
log analysis...,3,0.02,3599
fund management,3,0.02,3600
maintenance operations,3,0.02,3601
sharepoint development,3,0.02,3602
ebs,3,0.02,3603
case studies,3,0.02,3604
resource planning...,3,0.02,3605
analytics engineer,3,0.02,3606
usability testing,3,0.02,3607
product positioning...,3,0.02,3608
ess,3,0.02,3609
mss,3,0.02,3610
competitive market analysis...,3,0.02,3611
brd...,3,0.02,3612
internal auditing,3,0.02,3613
static timing analysis...,3,0.02,3614
contracts...,3,0.02,3615
project life cycle...,3,0.02,3616
security...,3,0.02,3617
security operations center,3,0.02,3618
no sql,3,0.02,3619
hardware support,3,0.02,3620
human resource analytics,3,0.02,3621
hr analyst,3,0.02,3622
gsm,3,0.02,3623
kam,3,0.02,3624
juniper,3,0.02,3625
it operations...,3,0.02,3626
contract negotiations,3,0.02,3627
sap ecc...,3,0.02,3628
pattern recognition...,3,0.02,3629
engine design,3,0.02,3630
strategic management...,3,0.02,3631
customer relationships,3,0.02,3632
proof reading...,3,0.02,3633
manager - ccar modeling,3,0.02,3634
linux development,3,0.02,3635
e learning,3,0.02,3636
osi...,3,0.02,3637
qos,3,0.02,3638
scripting...,3,0.02,3639
time management...,3,0.02,3640
computer,3,0.02,3641
collections...,3,0.02,3642
system integration...,3,0.02,3643
collection management,3,0.02,3644
mechanical engineering...,3,0.02,3645
artificial...,3,0.02,3646
holiday packages,3,0.02,3647
white box testing...,3,0.02,3648
dataanalyst,3,0.02,3649
lvs,3,0.02,3650
asp.net mvc...,3,0.02,3651
hvac,3,0.02,3652
statistician,3,0.02,3653
process trainer,3,0.02,3654
xsd,3,0.02,3655
client presentations,3,0.02,3656
mdm architect,3,0.02,3657
nmr,3,0.02,3658
pricing research analyst...,3,0.02,3659
pricing analysis,3,0.02,3660
molecular biology,3,0.02,3661
biochemistry,3,0.02,3662
investment management,3,0.02,3663
implementation,3,0.02,3664
big data developer,3,0.02,3665
convergys,3,0.02,3666
exhibitions,3,0.02,3667
undergraduate,3,0.02,3668
charts,3,0.02,3669
international clients,3,0.02,3670
credit control...,3,0.02,3671
process re - engineering...,3,0.02,3672
property,3,0.02,3673
type measurement,3,0.02,3674
acoustic,3,0.02,3675
measurement,3,0.02,3676
load,3,0.02,3677
user acceptance,3,0.02,3678
residential,3,0.02,3679
infrastructure services,3,0.02,3680
object oriented analysis,3,0.02,3681
qlikview consultant,3,0.02,3682
premier,3,0.02,3683
webdynpro abap...,3,0.02,3684
impact analysis...,3,0.02,3685
log analysis,3,0.02,3686
cosmos,3,0.02,3687
sales support...,3,0.02,3688
email support...,3,0.02,3689
training analysis,3,0.02,3690
paid search,3,0.02,3691
wcf services,3,0.02,3692
cloudera...,3,0.02,3693
identity access management...,3,0.02,3694
ticketing,3,0.02,3695
method validation...,3,0.02,3696
written communication...,3,0.02,3697
office coordinator...,3,0.02,3698
grails,3,0.02,3699
quantity surveying...,3,0.02,3700
credit assessment...,3,0.02,3701
brand planning,3,0.02,3702
demandware,3,0.02,3703
client development,3,0.02,3704
jee...,3,0.02,3705
unix administration,3,0.02,3706
sdk,3,0.02,3707
information security analyst,3,0.02,3708
security audit,3,0.02,3709
client solutions,3,0.02,3710
professional services...,3,0.02,3711
piping stress analysis,3,0.02,3712
life enforcenment,3,0.02,3713
lending...,3,0.02,3714
sourcing strategy,3,0.02,3715
ms word,3,0.02,3716
tally erp,3,0.02,3717
sas stat,3,0.02,3718
gst...,3,0.02,3719
returns,3,0.02,3720
brand promotion,3,0.02,3721
rfps...,3,0.02,3722
confluence,3,0.02,3723
user stories...,3,0.02,3724
marketing consulting...,3,0.02,3725
board conference,3,0.02,3726
tender analysis,3,0.02,3727
product support...,3,0.02,3728
thermal engineering,3,0.02,3729
platforms,3,0.02,3730
partnerships,3,0.02,3731
performance engineering,3,0.02,3732
asic,3,0.02,3733
arm,3,0.02,3734
biostatistics,3,0.02,3735
tally...,3,0.02,3736
brand awareness...,3,0.02,3737
project life cycle,3,0.02,3738
wicket,3,0.02,3739
pentaho,3,0.02,3740
dfa,3,0.02,3741
tool design,3,0.02,3742
inventory valuation,3,0.02,3743
seo strategy,3,0.02,3744
indirect tax,3,0.02,3745
simulation...,3,0.02,3746
technical services,3,0.02,3747
jquey,3,0.02,3748
grievance handling,3,0.02,3749
archiving...,3,0.02,3750
. net developer,3,0.02,3751
instrumentation,3,0.02,3752
manager - revenue & pricing,3,0.02,3753
qualitative research...,3,0.02,3754
hubspot...,3,0.02,3755
b2b marketing,3,0.02,3756
cognos developer,3,0.02,3757
sqoop...,3,0.02,3758
media buying...,3,0.02,3759
technical analyst,3,0.02,3760
stock...,3,0.02,3761
mystery shopping,3,0.02,3762
procedures,3,0.02,3763
adl,3,0.02,3764
lamp...,3,0.02,3765
us mortgage,3,0.02,3766
market risk management,3,0.02,3767
investment products,3,0.02,3768
payroll processing...,3,0.02,3769
agile project management,3,0.02,3770
spring batch,3,0.02,3771
greenplum,3,0.02,3772
naive bayes,3,0.02,3773
emi,3,0.02,3774
pcb designing,3,0.02,3775
uml...,3,0.02,3776
cpg analytics,3,0.02,3777
process re - engineering,3,0.02,3778
internal communication,3,0.02,3779
sap application...,3,0.02,3780
field instrumentation,3,0.02,3781
logstash...,3,0.02,3782
fluentd,3,0.02,3783
python programming,3,0.02,3784
administration management,3,0.02,3785
general ledger...,3,0.02,3786
pareto analysis,3,0.02,3787
cam,3,0.02,3788
project analysis,3,0.02,3789
facilities,3,0.02,3790
delivery...,3,0.02,3791
uk shift...,3,0.02,3792
customer quality,3,0.02,3793
dialog programming,3,0.02,3794
semiconductor...,3,0.02,3795
fscm,3,0.02,3796
assay,3,0.02,3797
big data modeling,3,0.02,3798
od,3,0.02,3799
structured products,3,0.02,3800
secondary...,3,0.02,3801
google tag manager,3,0.02,3802
bidding...,3,0.02,3803
query optimization,3,0.02,3804
machine learning engineer,3,0.02,3805
test analysis...,3,0.02,3806
tm1,3,0.02,3807
woocommerce,3,0.02,3808
trade analytics...,3,0.02,3809
strategies,3,0.02,3810
proposal writing,3,0.02,3811
service delivery management,3,0.02,3812
pre - sales,3,0.02,3813
predictive maintenance,3,0.02,3814
restaurant,3,0.02,3815
investor relation,3,0.02,3816
design studio,3,0.02,3817
cloud computing...,3,0.02,3818
survey programming,3,0.02,3819
survey programmer,3,0.02,3820
confirm it,3,0.02,3821
media strategy...,3,0.02,3822
online...,3,0.02,3823
service operations management,3,0.02,3824
photoshop...,3,0.02,3825
machine data...,3,0.02,3826
delivery management...,3,0.02,3827
ap...,3,0.02,3828
post trade analytics,3,0.02,3829
pgdm,3,0.02,3830
frm...,3,0.02,3831
business development management...,3,0.02,3832
jenkins...,3,0.02,3833
capital markets,3,0.02,3834
business writing...,3,0.02,3835
rpg,3,0.02,3836
bg,3,0.02,3837
karl fischer,3,0.02,3838
product specialist,3,0.02,3839
professional services,3,0.02,3840
workflow...,3,0.02,3841
structured finance...,3,0.02,3842
hcv,3,0.02,3843
commercial vehicle,3,0.02,3844
product testing...,3,0.02,3845
corporate marketing,3,0.02,3846
statutory...,3,0.02,3847
isoc,3,0.02,3848
contract,3,0.02,3849
mobile commerce,3,0.02,3850
iim...,3,0.02,3851
compliance management...,3,0.02,3852
jd edwards,3,0.02,3853
llb...,3,0.02,3854
teradata dba,3,0.02,3855
employer branding,3,0.02,3856
loan servicing,3,0.02,3857
business development operations,3,0.02,3858
product marketing...,3,0.02,3859
analytical method validation...,3,0.02,3860
farm management,3,0.02,3861
organic farming,3,0.02,3862
valuation analysis...,3,0.02,3863
market segmentation,3,0.02,3864
scm analytics...,3,0.02,3865
ir...,3,0.02,3866
personal secretary,3,0.02,3867
piping engineering,3,0.02,3868
piping layout,3,0.02,3869
mapping,3,0.02,3870
rcm...,3,0.02,3871
accounts executive,3,0.02,3872
ptp,3,0.02,3873
p2p...,3,0.02,3874
business process management,3,0.02,3875
country management,3,0.02,3876
process optimization...,3,0.02,3877
global sourcing...,3,0.02,3878
material testing,3,0.02,3879
manual functional testing,3,0.02,3880
sas programmer...,3,0.02,3881
data stage administrator...,3,0.02,3882
software services...,3,0.02,3883
bcom...,3,0.02,3884
ui automation,3,0.02,3885
structural engineering...,3,0.02,3886
oracle sql...,3,0.02,3887
floor planning...,3,0.02,3888
aix,3,0.02,3889
bhms...,3,0.02,3890
investment analyst,3,0.02,3891
sales head,3,0.02,3892
concurrent audit,3,0.02,3893
osi,3,0.02,3894
decipher,3,0.02,3895
pdms,3,0.02,3896
isometrics,3,0.02,3897
business process mapping,3,0.02,3898
workflow analysis,3,0.02,3899
test case execution...,3,0.02,3900
infrastructure,3,0.02,3901
master data management...,3,0.02,3902
fna,3,0.02,3903
product sales...,3,0.02,3904
graph algorithms,3,0.02,3905
vb...,3,0.02,3906
actuarial analyst...,3,0.02,3907
oracle bi,3,0.02,3908
embedded software development,3,0.02,3909
blue pumpkin,3,0.02,3910
brand positioning...,3,0.02,3911
statistical programmer...,3,0.02,3912
sas programmer,3,0.02,3913
graphite...,3,0.02,3914
head of product,3,0.02,3915
budget management...,3,0.02,3916
rcsa,3,0.02,3917
kafka...,3,0.02,3918
clinical development...,3,0.02,3919
intrusion detection,3,0.02,3920
query optimization...,3,0.02,3921
bank accounting,3,0.02,3922
system analyst...,3,0.02,3923
civil engineering...,3,0.02,3924
forex,3,0.02,3925
buyer...,3,0.02,3926
writing skills...,3,0.02,3927
automation framework...,3,0.02,3928
salesforce developer...,3,0.02,3929
go getter...,3,0.02,3930
webgl,3,0.02,3931
sponsorship sales,3,0.02,3932
indirect taxation...,3,0.02,3933
mstr,3,0.02,3934
search analyst,3,0.02,3935
application architecture...,3,0.02,3936
gimp,3,0.02,3937
electrical design,3,0.02,3938
sybase...,3,0.02,3939
cmbs,3,0.02,3940
abs,3,0.02,3941
rmbs,3,0.02,3942
strong interpersonal skills...,3,0.02,3943
mobile development,3,0.02,3944
electronics,3,0.02,3945
technology,3,0.02,3946
microsoft dynamics ax,3,0.02,3947
retail banking...,3,0.02,3948
operational excellence...,3,0.02,3949
treasury operations,3,0.02,3950
basel iii,3,0.02,3951
smtp,3,0.02,3952
email ticket,3,0.02,3953
tech transfer,3,0.02,3954
bi developer,3,0.02,3955
bcom 2018,3,0.02,3956
mba 2018...,3,0.02,3957
nsdl,3,0.02,3958
closure,3,0.02,3959
seo analysis...,3,0.02,3960
machine learning development,3,0.02,3961
cognos bi,3,0.02,3962
root...,3,0.02,3963
social bookmarking,3,0.02,3964
quant...,3,0.02,3965
unica,3,0.02,3966
campaign analytics engineer,3,0.02,3967
statutory compliance,3,0.02,3968
wan...,3,0.02,3969
copy editor,3,0.02,3970
ehr,3,0.02,3971
chemical analysis...,3,0.02,3972
para legal,3,0.02,3973
trademark,3,0.02,3974
intellij,3,0.02,3975
organization design,3,0.02,3976
content optimization...,3,0.02,3977
user training...,3,0.02,3978
matlab developer,3,0.02,3979
research scientist,3,0.02,3980
oracle 10g,3,0.02,3981
cuda,3,0.02,3982
lotus notes,3,0.02,3983
oracle forms,2,0.01,3984
servicenow developer,2,0.01,3985
eclipse...,2,0.01,3986
nvh,2,0.01,3987
fatigue,2,0.01,3988
manager - portfolio analytics,2,0.01,3989
collection...,2,0.01,3990
vendor contracts...,2,0.01,3991
cost reduction initiatives,2,0.01,3992
target...,2,0.01,3993
react.js...,2,0.01,3994
secretary,2,0.01,3995
sap data services,2,0.01,3996
order to cash,2,0.01,3997
rate...,2,0.01,3998
proposal,2,0.01,3999
media research,2,0.01,4000
it asset management,2,0.01,4001
it asset,2,0.01,4002
transaction...,2,0.01,4003
analytics hiring,2,0.01,4004
mr...,2,0.01,4005
lgd modeling...,2,0.01,4006
retail distribution,2,0.01,4007
azure ad,2,0.01,4008
enterprise mobility,2,0.01,4009
fiddler,2,0.01,4010
remote sensing,2,0.01,4011
sop preparation,2,0.01,4012
sop,2,0.01,4013
office management,2,0.01,4014
software developer...,2,0.01,4015
factory,2,0.01,4016
factory incharge,2,0.01,4017
icp - ms...,2,0.01,4018
icp,2,0.01,4019
production incharge,2,0.01,4020
community manager...,2,0.01,4021
liquidity risk,2,0.01,4022
skill...,2,0.01,4023
profit centre,2,0.01,4024
centralized analytical,2,0.01,4025
capacity enhancement...,2,0.01,4026
coral draw,2,0.01,4027
providing training,2,0.01,4028
sap functional analyst,2,0.01,4029
wricef...,2,0.01,4030
wireshark,2,0.01,4031
business requirement analysis,2,0.01,4032
call monitoring...,2,0.01,4033
overseas education,2,0.01,4034
universities...,2,0.01,4035
study abroad,2,0.01,4036
kerberos,2,0.01,4037
attention to detail,2,0.01,4038
sre engineer,2,0.01,4039
hadoop developer...,2,0.01,4040
telecalling,2,0.01,4041
lead operations,2,0.01,4042
datawarehouse...,2,0.01,4043
placement,2,0.01,4044
brd and frd,2,0.01,4045
ccsa,2,0.01,4046
rhce,2,0.01,4047
hyperion planning,2,0.01,4048
object - oriented design,2,0.01,4049
quant trader...,2,0.01,4050
market maker,2,0.01,4051
rfp...,2,0.01,4052
srm,2,0.01,4053
creative direction...,2,0.01,4054
production engineer...,2,0.01,4055
process engineer,2,0.01,4056
it roadmap,2,0.01,4057
employee grievances,2,0.01,4058
qualitative analysis...,2,0.01,4059
owasp zap...,2,0.01,4060
infrastructure security analyst,2,0.01,4061
bash scripting...,2,0.01,4062
pre sales product specialist,2,0.01,4063
factory compliance...,2,0.01,4064
contract labour,2,0.01,4065
bocw,2,0.01,4066
marketing operations...,2,0.01,4067
offline marketing,2,0.01,4068
ecl,2,0.01,4069
loyalty programs...,2,0.01,4070
css / xslt,2,0.01,4071
epub,2,0.01,4072
sales force,2,0.01,4073
highway bridges...,2,0.01,4074
bridges,2,0.01,4075
design analysis...,2,0.01,4076
senior ar associate...,2,0.01,4077
advisory...,2,0.01,4078
pharmaceutical...,2,0.01,4079
commerce graduate,2,0.01,4080
flow cytometry,2,0.01,4081
flow cytometer,2,0.01,4082
feanalysis,2,0.01,4083
durability...,2,0.01,4084
computer vision...,2,0.01,4085
creative writer...,2,0.01,4086
lead business analyst,2,0.01,4087
fraud risk assessment,2,0.01,4088
manager - forensic,2,0.01,4089
project manager...,2,0.01,4090
cae engineer,2,0.01,4091
glp...,2,0.01,4092
malware analysis,2,0.01,4093
road shows,2,0.01,4094
sponsorship,2,0.01,4095
social media expert...,2,0.01,4096
facility management,2,0.01,4097
soft services,2,0.01,4098
financial transformation,2,0.01,4099
dso...,2,0.01,4100
analyse,2,0.01,4101
material approval,2,0.01,4102
project control,2,0.01,4103
material specification...,2,0.01,4104
service desk analyst...,2,0.01,4105
xml schema,2,0.01,4106
library science,2,0.01,4107
employee benefits...,2,0.01,4108
shop floor control,2,0.01,4109
wm...,2,0.01,4110
institutional sales,2,0.01,4111
python qa lead...,2,0.01,4112
python test engineer,2,0.01,4113
python testing,2,0.01,4114
python test lead,2,0.01,4115
prism,2,0.01,4116
apache maven,2,0.01,4117
learning & development...,2,0.01,4118
m.pharma,2,0.01,4119
bds,2,0.01,4120
msc...,2,0.01,4121
fraud management,2,0.01,4122
dreamweaver,2,0.01,4123
kernel,2,0.01,4124
corporate social responsibility,2,0.01,4125
japanese,2,0.01,4126
editorial...,2,0.01,4127
domestic process,2,0.01,4128
product quality...,2,0.01,4129
excellence analytics,2,0.01,4130
hardware...,2,0.01,4131
speech recognition researcher,2,0.01,4132
speech recognition scientist...,2,0.01,4133
webtrends...,2,0.01,4134
quality analyst lead,2,0.01,4135
hpqc,2,0.01,4136
qunit,2,0.01,4137
azkaban...,2,0.01,4138
discovery,2,0.01,4139
itom,2,0.01,4140
amdocs...,2,0.01,4141
territory growth,2,0.01,4142
target,2,0.01,4143
marketing cloud...,2,0.01,4144
aam,2,0.01,4145
data center...,2,0.01,4146
r&d engineer,2,0.01,4147
customer interaction...,2,0.01,4148
data validation...,2,0.01,4149
cam preparation...,2,0.01,4150
disbursment,2,0.01,4151
cto,2,0.01,4152
my sql,2,0.01,4153
ios app development,2,0.01,4154
object oriented...,2,0.01,4155
senior system analyst...,2,0.01,4156
application development framework,2,0.01,4157
email campaign,2,0.01,4158
j2me,2,0.01,4159
webi...,2,0.01,4160
bex analyzer,2,0.01,4161
ca inter,2,0.01,4162
dotnet,2,0.01,4163
js framework,2,0.01,4164
sybase,2,0.01,4165
plsql...,2,0.01,4166
senior technical product manager,2,0.01,4167
cost benefit analysis...,2,0.01,4168
mobility,2,0.01,4169
international marketing,2,0.01,4170
chi - square,2,0.01,4171
behavioural scientist,2,0.01,4172
french...,2,0.01,4173
sepa,2,0.01,4174
statutory compliance...,2,0.01,4175
bar bending schedule...,2,0.01,4176
php developer,2,0.01,4177
""" ; data scientist"" "" ; machine learning"" ; ...",2,0.01,4178
gaming,2,0.01,4179
finance manager...,2,0.01,4180
performance management system,2,0.01,4181
strategic business planning...,2,0.01,4182
daily operations,2,0.01,4183
technical management...,2,0.01,4184
mgcp,2,0.01,4185
cucm,2,0.01,4186
voice gateways,2,0.01,4187
cisco ip telephony,2,0.01,4188
h323,2,0.01,4189
rcc,2,0.01,4190
quality tools...,2,0.01,4191
corporate relations,2,0.01,4192
recruitment partners,2,0.01,4193
hiring managers,2,0.01,4194
project costing...,2,0.01,4195
client retention,2,0.01,4196
strategy & customer...,2,0.01,4197
catalog management,2,0.01,4198
call quality...,2,0.01,4199
ios sdk,2,0.01,4200
graduates,2,0.01,4201
distribution sales,2,0.01,4202
human resource planning...,2,0.01,4203
sales hr,2,0.01,4204
working capital management,2,0.01,4205
b.com,2,0.01,4206
ma,2,0.01,4207
primavera analytics,2,0.01,4208
primavera unifier,2,0.01,4209
primavera tester...,2,0.01,4210
organization design...,2,0.01,4211
peoplesoft finance...,2,0.01,4212
web metrics and analysis...,2,0.01,4213
tracking conversion rates,2,0.01,4214
application...,2,0.01,4215
catastrophe,2,0.01,4216
scala sql,2,0.01,4217
numpy...,2,0.01,4218
business valuation,2,0.01,4219
interaction design...,2,0.01,4220
power analysis...,2,0.01,4221
circuit design,2,0.01,4222
j2ee architecture,2,0.01,4223
center of excellence,2,0.01,4224
cargo revenue accounting,2,0.01,4225
worldspan,2,0.01,4226
project mangement,2,0.01,4227
qlik apps,2,0.01,4228
project appraisal,2,0.01,4229
accessibility,2,0.01,4230
vs,2,0.01,4231
agri credit...,2,0.01,4232
agri loans,2,0.01,4233
high availability,2,0.01,4234
digital planning,2,0.01,4235
media manager,2,0.01,4236
osgi,2,0.01,4237
customer success,2,0.01,4238
back office assistant...,2,0.01,4239
conditional formatting,2,0.01,4240
financial planning financial reporting,2,0.01,4241
siebel,2,0.01,4242
systems analysis,2,0.01,4243
mobile apps,2,0.01,4244
analytical testing,2,0.01,4245
rf testing...,2,0.01,4246
access,2,0.01,4247
datastream...,2,0.01,4248
spi,2,0.01,4249
intellectual...,2,0.01,4250
predictive analysis...,2,0.01,4251
xpath,2,0.01,4252
haccp,2,0.01,4253
food safety,2,0.01,4254
securities market...,2,0.01,4255
equity market,2,0.01,4256
npd,2,0.01,4257
xamarin,2,0.01,4258
road estimator,2,0.01,4259
linux server,2,0.01,4260
network,2,0.01,4261
cloid computing...,2,0.01,4262
vmware esxi,2,0.01,4263
unsecured loans...,2,0.01,4264
pptp,2,0.01,4265
powerpoint presentation,2,0.01,4266
document specialist...,2,0.01,4267
appdynamics...,2,0.01,4268
apm,2,0.01,4269
it operations delivery manager,2,0.01,4270
tsr,2,0.01,4271
coolgen,2,0.01,4272
white box,2,0.01,4273
odi,2,0.01,4274
8d...,2,0.01,4275
spc,2,0.01,4276
marketingandabap,2,0.01,4277
hybrisandmarketing,2,0.01,4278
quality specialist,2,0.01,4279
lubricants,2,0.01,4280
recruitmentconsulting,2,0.01,4281
alternate sourcing,2,0.01,4282
engineering patent agent,2,0.01,4283
patent agent,2,0.01,4284
sales training...,2,0.01,4285
test driven development...,2,0.01,4286
erwin...,2,0.01,4287
investigation report,2,0.01,4288
anti fraud...,2,0.01,4289
fraud report,2,0.01,4290
articulate storyline...,2,0.01,4291
object oriented programming...,2,0.01,4292
defect tracking,2,0.01,4293
client account management,2,0.01,4294
sem / seo,2,0.01,4295
software development life cycle...,2,0.01,4296
integration services...,2,0.01,4297
sql server dba,2,0.01,4298
dts,2,0.01,4299
seo lead...,2,0.01,4300
visual merchandising,2,0.01,4301
engineering design,2,0.01,4302
analytics consultant,2,0.01,4303
it recruiter...,2,0.01,4304
ehr...,2,0.01,4305
meditech,2,0.01,4306
opentext,2,0.01,4307
ajax ...,2,0.01,4308
business partners,2,0.01,4309
field rewards,2,0.01,4310
blackberry,2,0.01,4311
new product launch...,2,0.01,4312
subject matter expertise...,2,0.01,4313
advocate,2,0.01,4314
direct law,2,0.01,4315
lawyer,2,0.01,4316
soc analyst,2,0.01,4317
plant maintenance,2,0.01,4318
""" ; accrual accounting"" ;",2,0.01,4319
procurement analyst,2,0.01,4320
splunkjs,2,0.01,4321
microsoft applications...,2,0.01,4322
security audit...,2,0.01,4323
formulas...,2,0.01,4324
countif,2,0.01,4325
specialized analytics analyst,2,0.01,4326
strategy assistant,2,0.01,4327
customer research,2,0.01,4328
jndi,2,0.01,4329
statistical models,2,0.01,4330
security analysis...,2,0.01,4331
itunes...,2,0.01,4332
nat,2,0.01,4333
automobile,2,0.01,4334
warranty analysis...,2,0.01,4335
cognizant,2,0.01,4336
oncology,2,0.01,4337
web promotion,2,0.01,4338
agency,2,0.01,4339
director,2,0.01,4340
object oriented analysis...,2,0.01,4341
exchange server...,2,0.01,4342
linux administration...,2,0.01,4343
criminal cases,2,0.01,4344
legal drafting,2,0.01,4345
llm...,2,0.01,4346
drafting agreements,2,0.01,4347
treasury...,2,0.01,4348
smart cities,2,0.01,4349
vba macro,2,0.01,4350
ms - sql,2,0.01,4351
cti,2,0.01,4352
principal engineer,2,0.01,4353
business model evaluation...,2,0.01,4354
inbound process,2,0.01,4355
digital marketing excutive,2,0.01,4356
rpostgresql,2,0.01,4357
lld,2,0.01,4358
deal structuring...,2,0.01,4359
carbon black...,2,0.01,4360
profit & loss...,2,0.01,4361
golang...,2,0.01,4362
statistical modelling...,2,0.01,4363
legal research,2,0.01,4364
forcasting,2,0.01,4365
meteor,2,0.01,4366
kn,2,0.01,4367
splunk...,2,0.01,4368
product roadmap,2,0.01,4369
internal process audit...,2,0.01,4370
primary market research,2,0.01,4371
sr. designer,2,0.01,4372
solution architect,2,0.01,4373
veritas...,2,0.01,4374
global procurement,2,0.01,4375
service excellence...,2,0.01,4376
copywriting,2,0.01,4377
fpa...,2,0.01,4378
collections process...,2,0.01,4379
addressing,2,0.01,4380
capital advisors,2,0.01,4381
credit officers,2,0.01,4382
ad trafficking,2,0.01,4383
email campaign...,2,0.01,4384
us payroll,2,0.01,4385
embedded linux,2,0.01,4386
saql,2,0.01,4387
wave,2,0.01,4388
marketing consulting,2,0.01,4389
pharma...,2,0.01,4390
consumer goods...,2,0.01,4391
geographical information system,2,0.01,4392
gis analyst,2,0.01,4393
energy efficiency...,2,0.01,4394
talent development...,2,0.01,4395
asp.net...,2,0.01,4396
travel arrangements...,2,0.01,4397
dispatch,2,0.01,4398
construction management...,2,0.01,4399
channel management,2,0.01,4400
vlan,2,0.01,4401
data privacy,2,0.01,4402
android development...,2,0.01,4403
frd....,2,0.01,4404
associate team leader,2,0.01,4405
associate group leader...,2,0.01,4406
ms office powerpoint,2,0.01,4407
presales consultant,2,0.01,4408
it sales manager,2,0.01,4409
wan connectivity,2,0.01,4410
ip routing,2,0.01,4411
cisco voip...,2,0.01,4412
protractor,2,0.01,4413
business excellence...,2,0.01,4414
international business,2,0.01,4415
manager ppc,2,0.01,4416
general trade...,2,0.01,4417
ionic framework,2,0.01,4418
senior business analyst - ie - noida,2,0.01,4419
international process,2,0.01,4420
devops architect,2,0.01,4421
exploratory testing,2,0.01,4422
wordnet,2,0.01,4423
nn,2,0.01,4424
opennlp,2,0.01,4425
nltk...,2,0.01,4426
medical insurance...,2,0.01,4427
bank reconciliation...,2,0.01,4428
analytical ability,2,0.01,4429
hil...,2,0.01,4430
mbbs doctor,2,0.01,4431
performance evaluation,2,0.01,4432
network security...,2,0.01,4433
public sector...,2,0.01,4434
system administration...,2,0.01,4435
balance sheet finalisation,2,0.01,4436
dissolution,2,0.01,4437
subject matter expert,2,0.01,4438
people skills...,2,0.01,4439
hcm cloud,2,0.01,4440
territory sales management,2,0.01,4441
mis reports,2,0.01,4442
manager mis...,2,0.01,4443
release engineering...,2,0.01,4444
technology research,2,0.01,4445
technology scouting...,2,0.01,4446
technology landscaping,2,0.01,4447
distributed systems,2,0.01,4448
peoplesoft hcm,2,0.01,4449
leachable,2,0.01,4450
extractable,2,0.01,4451
machine learning algorithms...,2,0.01,4452
investment analysis...,2,0.01,4453
c++ developer,2,0.01,4454
procurement management...,2,0.01,4455
technical documentation...,2,0.01,4456
book keeping...,2,0.01,4457
client account management...,2,0.01,4458
mca...,2,0.01,4459
it engineer,2,0.01,4460
sor,2,0.01,4461
orchestration,2,0.01,4462
l2vpn,2,0.01,4463
asr 9k,2,0.01,4464
asr9k,2,0.01,4465
l3,2,0.01,4466
crm analytics,2,0.01,4467
lead generation executive...,2,0.01,4468
document management,2,0.01,4469
seo analyst...,2,0.01,4470
web marketing...,2,0.01,4471
pro - e,2,0.01,4472
design validation,2,0.01,4473
mechanical design...,2,0.01,4474
react native api,2,0.01,4475
marketing budget management...,2,0.01,4476
datacenter,2,0.01,4477
senior business analyst...,2,0.01,4478
cash management,2,0.01,4479
ich - gcp guidelines,2,0.01,4480
account...,2,0.01,4481
institutional broking,2,0.01,4482
configuration analyst,2,0.01,4483
joomla,2,0.01,4484
cakephp,2,0.01,4485
non it recruitment,2,0.01,4486
ip network,2,0.01,4487
leave...,2,0.01,4488
oracle bi cloud service,2,0.01,4489
business intelligence apps,2,0.01,4490
senior,2,0.01,4491
french language expert,2,0.01,4492
detail design,2,0.01,4493
vendor selection,2,0.01,4494
interface testing...,2,0.01,4495
equipment calibration,2,0.01,4496
record keeping...,2,0.01,4497
legal...,2,0.01,4498
vendor payments...,2,0.01,4499
mqtt,2,0.01,4500
insurance operations,2,0.01,4501
global operations,2,0.01,4502
mergers and acquisitions...,2,0.01,4503
defect reporting...,2,0.01,4504
structual analysis,2,0.01,4505
load testing...,2,0.01,4506
scm analytics,2,0.01,4507
tester,2,0.01,4508
chemist,2,0.01,4509
good analytical and programming skills,2,0.01,4510
pearl,2,0.01,4511
informatica power center,2,0.01,4512
retail pos,2,0.01,4513
gather requirements,2,0.01,4514
retail sales apps,2,0.01,4515
patentability,2,0.01,4516
dxa,2,0.01,4517
sdl tridion expert,2,0.01,4518
tom.net,2,0.01,4519
transactional quality,2,0.01,4520
product control,2,0.01,4521
bing ads...,2,0.01,4522
fortran,2,0.01,4523
b tech fresher,2,0.01,4524
predictive models,2,0.01,4525
forum posting,2,0.01,4526
directory submission...,2,0.01,4527
new projects,2,0.01,4528
metadata...,2,0.01,4529
wholesale banking,2,0.01,4530
commercial projects,2,0.01,4531
nintex...,2,0.01,4532
sharepoint designer,2,0.01,4533
business process re - engineering,2,0.01,4534
research engineer,2,0.01,4535
manager mis reporting,2,0.01,4536
manager mis,2,0.01,4537
follow up,2,0.01,4538
import,2,0.01,4539
user xperience,2,0.01,4540
e -...,2,0.01,4541
sap pm,2,0.01,4542
sap plm...,2,0.01,4543
sap isu,2,0.01,4544
employee management,2,0.01,4545
risk evaluation,2,0.01,4546
script,2,0.01,4547
english content,2,0.01,4548
dlp and checkpoint or cisco or asa or fortigate,2,0.01,4549
process automation,2,0.01,4550
accountancy,2,0.01,4551
housing finance,2,0.01,4552
train the trainer,2,0.01,4553
stored...,2,0.01,4554
senior application developer,2,0.01,4555
roi,2,0.01,4556
talent sourcing,2,0.01,4557
marketing head,2,0.01,4558
serdes,2,0.01,4559
fpga...,2,0.01,4560
edk,2,0.01,4561
gmp,2,0.01,4562
agrochemical...,2,0.01,4563
back office support,2,0.01,4564
validation,2,0.01,4565
chemical engineering,2,0.01,4566
customer support executive,2,0.01,4567
gartner,2,0.01,4568
iphone development,2,0.01,4569
h1b,2,0.01,4570
ant,2,0.01,4571
technical manager,2,0.01,4572
oracle bi...,2,0.01,4573
stock taking...,2,0.01,4574
abc analysis,2,0.01,4575
fifo,2,0.01,4576
obiee...,2,0.01,4577
management audit,2,0.01,4578
ads...,2,0.01,4579
enterprise content...,2,0.01,4580
personal loans...,2,0.01,4581
data conversion...,2,0.01,4582
ood,2,0.01,4583
ooa,2,0.01,4584
application designing,2,0.01,4585
social,2,0.01,4586
media...,2,0.01,4587
ms crm,2,0.01,4588
installshield,2,0.01,4589
opportunity identification,2,0.01,4590
ard,2,0.01,4591
commodities,2,0.01,4592
stitching,2,0.01,4593
womens wear,2,0.01,4594
embroidery,2,0.01,4595
women...,2,0.01,4596
sales initiatives,2,0.01,4597
computer...,2,0.01,4598
financial sector,2,0.01,4599
oops...,2,0.01,4600
security management,2,0.01,4601
consumer finance...,2,0.01,4602
rcm expert,2,0.01,4603
proactive...,2,0.01,4604
closing,2,0.01,4605
team size,2,0.01,4606
cisco switches,2,0.01,4607
search engine optimization executive...,2,0.01,4608
hadoop analytis...,2,0.01,4609
maintenance activities...,2,0.01,4610
doubleclick for publishers,2,0.01,4611
campaign manager...,2,0.01,4612
business management skills,2,0.01,4613
spot fire...,2,0.01,4614
functional analysis...,2,0.01,4615
iot technology,2,0.01,4616
mean stack...,2,0.01,4617
skills,2,0.01,4618
cfd,2,0.01,4619
external communications,2,0.01,4620
oracle e - business suite...,2,0.01,4621
relative valuation...,2,0.01,4622
internet searching,2,0.01,4623
closing and reporting,2,0.01,4624
month end...,2,0.01,4625
qa manager,2,0.01,4626
quality assurance manager,2,0.01,4627
operations planning...,2,0.01,4628
it solution sales...,2,0.01,4629
web crawling,2,0.01,4630
beautifulsoup,2,0.01,4631
payables...,2,0.01,4632
inward,2,0.01,4633
pune,2,0.01,4634
sap hana...,2,0.01,4635
engineering management,2,0.01,4636
it project...,2,0.01,4637
asp.net ajax,2,0.01,4638
project coordination...,2,0.01,4639
solution delivery,2,0.01,4640
performance...,2,0.01,4641
industry research...,2,0.01,4642
customer relation,2,0.01,4643
data quality analyst,2,0.01,4644
dbx,2,0.01,4645
call barging...,2,0.01,4646
bi analytics,2,0.01,4647
ead...,2,0.01,4648
investment advisory,2,0.01,4649
infringement analysis,2,0.01,4650
rhel,2,0.01,4651
application integration,2,0.01,4652
erp system,2,0.01,4653
selenium test analyst,2,0.01,4654
contract administration...,2,0.01,4655
retirement,2,0.01,4656
customer experience management,2,0.01,4657
install base...,2,0.01,4658
business process modeling,2,0.01,4659
clinical data,2,0.01,4660
clinical research...,2,0.01,4661
analog design,2,0.01,4662
digital design,2,0.01,4663
hedge fund,2,0.01,4664
fp&a...,2,0.01,4665
be...,2,0.01,4666
vulnerability assessment...,2,0.01,4667
cosmos...,2,0.01,4668
crm & drm lead,2,0.01,4669
it marketing,2,0.01,4670
dot net,2,0.01,4671
non life,2,0.01,4672
warranty analysis,2,0.01,4673
manager internal audit,2,0.01,4674
linux cli,2,0.01,4675
regex,2,0.01,4676
isms,2,0.01,4677
business continuity,2,0.01,4678
service excellence,2,0.01,4679
functional analyst,2,0.01,4680
business analysts,2,0.01,4681
policy implementation,2,0.01,4682
value stream mapping...,2,0.01,4683
yarn...,2,0.01,4684
smoke testing,2,0.01,4685
hdfs...,2,0.01,4686
cma...,2,0.01,4687
mobile apps designer,2,0.01,4688
directory submission,2,0.01,4689
full stack developer...,2,0.01,4690
azure factory...,2,0.01,4691
statutory accounting...,2,0.01,4692
ubuntu...,2,0.01,4693
healthcare analytics,2,0.01,4694
advanced macros,2,0.01,4695
advanced access,2,0.01,4696
pricing model validation,2,0.01,4697
social networking,2,0.01,4698
fixed...,2,0.01,4699
asset protection,2,0.01,4700
gdb,2,0.01,4701
aem6.1,2,0.01,4702
aem6.0,2,0.01,4703
adobe cq,2,0.01,4704
osbi,2,0.01,4705
automotive braking system,2,0.01,4706
java script,2,0.01,4707
customer service orientation...,2,0.01,4708
claim settlement,2,0.01,4709
process...,2,0.01,4710
actuary,2,0.01,4711
place & route,2,0.01,4712
place & floorplanning...,2,0.01,4713
biology...,2,0.01,4714
financial analyst...,2,0.01,4715
metrics analysis,2,0.01,4716
visual design...,2,0.01,4717
marketing intelligence...,2,0.01,4718
atdd,2,0.01,4719
cdm,2,0.01,4720
academic writing,2,0.01,4721
angular5...,2,0.01,4722
specification...,2,0.01,4723
test preparation,2,0.01,4724
review,2,0.01,4725
plc,2,0.01,4726
power point presentation...,2,0.01,4727
operation support analyst,2,0.01,4728
rfx,2,0.01,4729
s2p,2,0.01,4730
sas process,2,0.01,4731
investment domain...,2,0.01,4732
dsr,2,0.01,4733
people development...,2,0.01,4734
hedging,2,0.01,4735
transaction monitoring,2,0.01,4736
kpi analysis,2,0.01,4737
recruitment executive...,2,0.01,4738
technical recruiter,2,0.01,4739
non call center,2,0.01,4740
oos,2,0.01,4741
credit research...,2,0.01,4742
vetting contracts,2,0.01,4743
mous,2,0.01,4744
bp0,2,0.01,4745
portfolio,2,0.01,4746
tools...,2,0.01,4747
architecture analyst - hyderabad,2,0.01,4748
revenue,2,0.01,4749
firewall...,2,0.01,4750
sit,2,0.01,4751
strategic consulting,2,0.01,4752
credit risk modeller,2,0.01,4753
lgd model development,2,0.01,4754
signal integrity,2,0.01,4755
customer loyalty,2,0.01,4756
customer reward,2,0.01,4757
genesys,2,0.01,4758
voip,2,0.01,4759
cross selling...,2,0.01,4760
client onboarding,2,0.01,4761
project engineering,2,0.01,4762
quality executive...,2,0.01,4763
internship trainee,2,0.01,4764
assistant professor...,2,0.01,4765
rtr,2,0.01,4766
strategy consultant...,2,0.01,4767
test management tool,2,0.01,4768
hni client handling...,2,0.01,4769
tpm,2,0.01,4770
manager...,2,0.01,4771
rdd,2,0.01,4772
image management,2,0.01,4773
architecture analyst .net,2,0.01,4774
ic,2,0.01,4775
l1 - gurgaon,2,0.01,4776
manager digital marketing,2,0.01,4777
website traffic...,2,0.01,4778
steel structures...,2,0.01,4779
big data ecosystem,2,0.01,4780
amazon,2,0.01,4781
office secretary...,2,0.01,4782
travel arrangement,2,0.01,4783
secretarial task,2,0.01,4784
office assistant,2,0.01,4785
etrm...,2,0.01,4786
tech operations analyst,2,0.01,4787
meddra,2,0.01,4788
drug safety...,2,0.01,4789
technical product management...,2,0.01,4790
customer life cycle management...,2,0.01,4791
public health...,2,0.01,4792
ofsaa,2,0.01,4793
intellimatch,2,0.01,4794
collibra,2,0.01,4795
social media associate,2,0.01,4796
copywriter...,2,0.01,4797
microsoft office,2,0.01,4798
cash flow statement,2,0.01,4799
pricing analysis...,2,0.01,4800
copyright,2,0.01,4801
troubleshooting skills,2,0.01,4802
component selection,2,0.01,4803
graphics...,2,0.01,4804
articles...,2,0.01,4805
sales manager,2,0.01,4806
nse,2,0.01,4807
ncfm...,2,0.01,4808
accounts finalisation...,2,0.01,4809
training delivery...,2,0.01,4810
collections process,2,0.01,4811
r&d expert,2,0.01,4812
industry analysis...,2,0.01,4813
dom...,2,0.01,4814
aam...,2,0.01,4815
share market,2,0.01,4816
process flow...,2,0.01,4817
software asset management,2,0.01,4818
eigrp,2,0.01,4819
emc,2,0.01,4820
sales analyst...,2,0.01,4821
marketing coordination,2,0.01,4822
analytical development,2,0.01,4823
ibatis,2,0.01,4824
auditor,2,0.01,4825
accounts officer...,2,0.01,4826
problem resolution,2,0.01,4827
brand development...,2,0.01,4828
word...,2,0.01,4829
it infrastructure management,2,0.01,4830
lab- chemicals,2,0.01,4831
diagnostics - biochemistry...,2,0.01,4832
instruments,2,0.01,4833
cash...,2,0.01,4834
microsoft power bi developer,2,0.01,4835
zonal...,2,0.01,4836
hl7,2,0.01,4837
fiori ui,2,0.01,4838
abap...,2,0.01,4839
layout design,2,0.01,4840
analog layout,2,0.01,4841
adc,2,0.01,4842
assura,2,0.01,4843
risk reporting,2,0.01,4844
consultant - sql,2,0.01,4845
qliksense,2,0.01,4846
equipment maintenance,2,0.01,4847
hr recruiter,2,0.01,4848
bug reporting...,2,0.01,4849
consultant - advanced analytics,2,0.01,4850
leave management,2,0.01,4851
good analytical,2,0.01,4852
solman,2,0.01,4853
software development engineer,2,0.01,4854
operational projects,2,0.01,4855
marketing concepts,2,0.01,4856
overall understanding...,2,0.01,4857
credit management...,2,0.01,4858
institutional equity research analyst,2,0.01,4859
financial models...,2,0.01,4860
online media,2,0.01,4861
industrial selling...,2,0.01,4862
industrial marketing,2,0.01,4863
project portfolio management,2,0.01,4864
paid marketing,2,0.01,4865
cash management...,2,0.01,4866
time...,2,0.01,4867
it projects...,2,0.01,4868
genre,2,0.01,4869
bmw,2,0.01,4870
mis preparation...,2,0.01,4871
fund,2,0.01,4872
customer relationship management...,2,0.01,4873
airport,2,0.01,4874
oracle e - business suite,2,0.01,4875
seminars,2,0.01,4876
closing...,2,0.01,4877
learning & development,2,0.01,4878
e - discovery,2,0.01,4879
inbound sales,2,0.01,4880
intermediates,2,0.01,4881
ilt,2,0.01,4882
power generation...,2,0.01,4883
electrical maintenance,2,0.01,4884
data research...,2,0.01,4885
global delivery,2,0.01,4886
"algorithms "" ; java developer"" ; ...",2,0.01,4887
licensing,2,0.01,4888
case analysis,2,0.01,4889
debt syndication...,2,0.01,4890
application testing...,2,0.01,4891
alt text writer,2,0.01,4892
alt text,2,0.01,4893
editing and...,2,0.01,4894
tesco,2,0.01,4895
p&c...,2,0.01,4896
ftp,2,0.01,4897
apache camel...,2,0.01,4898
grocery,2,0.01,4899
golang,2,0.01,4900
inner and outer joins...,2,0.01,4901
bca...,2,0.01,4902
restructuring...,2,0.01,4903
hris/ it/...,2,0.01,4904
css 3.0,2,0.01,4905
hardware troubleshooting,2,0.01,4906
solution integration...,2,0.01,4907
icg misg business analytics...,2,0.01,4908
project manager - seo,2,0.01,4909
soft...,2,0.01,4910
plant management,2,0.01,4911
record keeping,2,0.01,4912
cdma,2,0.01,4913
layer 3,2,0.01,4914
performance optimization,2,0.01,4915
quantum,2,0.01,4916
ethical hacking,2,0.01,4917
panels,2,0.01,4918
rational doors,2,0.01,4919
requirements gathering,2,0.01,4920
ibm rational,2,0.01,4921
""" ; site catalyst"" ; ...",2,0.01,4922
adobe analytics aka omniture,2,0.01,4923
structural,2,0.01,4924
headhunting,2,0.01,4925
dbms...,2,0.01,4926
symfony,2,0.01,4927
sap quality management,2,0.01,4928
application lead...,2,0.01,4929
health insurance analytics,2,0.01,4930
service desk analyst,2,0.01,4931
diesel engines,2,0.01,4932
qt / gui developer,2,0.01,4933
broadcast,2,0.01,4934
ott,2,0.01,4935
ott qc,2,0.01,4936
netflix,2,0.01,4937
digital formats,2,0.01,4938
ccar...,2,0.01,4939
virtualization...,2,0.01,4940
lsmw,2,0.01,4941
marketo...,2,0.01,4942
equity strategy,2,0.01,4943
senior data engineering analyst - big data - multiple locations,2,0.01,4944
go - to - market strategy...,2,0.01,4945
zabbix,2,0.01,4946
solarwinds...,2,0.01,4947
security engineer,2,0.01,4948
ccna security,2,0.01,4949
fin...,2,0.01,4950
pricing strategies...,2,0.01,4951
hotel costing,2,0.01,4952
tour plans...,2,0.01,4953
hotel contracting,2,0.01,4954
project appraisal...,2,0.01,4955
phd,2,0.01,4956
physical verification,2,0.01,4957
primary sales,2,0.01,4958
cre,2,0.01,4959
scratch,2,0.01,4960
control testing,2,0.01,4961
oracle manufacturing,2,0.01,4962
esm,2,0.01,4963
gc - ms,2,0.01,4964
gpu,2,0.01,4965
multivariate analysis...,2,0.01,4966
ansible...,2,0.01,4967
business partnering...,2,0.01,4968
procurement officer...,2,0.01,4969
ariba buyer,2,0.01,4970
search...,2,0.01,4971
project operations,2,0.01,4972
nielsen...,2,0.01,4973
credit note,2,0.01,4974
unified contact center enterprise...,2,0.01,4975
cste,2,0.01,4976
kyc executive,2,0.01,4977
cdd,2,0.01,4978
kyc specialist,2,0.01,4979
front end developer,2,0.01,4980
search engine optimisation,2,0.01,4981
cis,2,0.01,4982
survey,2,0.01,4983
metering,2,0.01,4984
us shift...,2,0.01,4985
pivot table...,2,0.01,4986
disbursement,2,0.01,4987
technical operations,2,0.01,4988
jax - ws,2,0.01,4989
business support,2,0.01,4990
operational process,2,0.01,4991
lns...,2,0.01,4992
nav controller,2,0.01,4993
custody,2,0.01,4994
mergers,2,0.01,4995
senior medical writer,2,0.01,4996
scientific medical writer,2,0.01,4997
hfr,2,0.01,4998
hfm,2,0.01,4999
fdm,2,0.01,5000
sap successfactors workforce analytics developer,2,0.01,5001
sap successfactors...,2,0.01,5002
websphere,2,0.01,5003
online research...,2,0.01,5004
dgm,2,0.01,5005
operations analyst,2,0.01,5006
ms sql developer...,2,0.01,5007
supply chain consulting...,2,0.01,5008
banners,2,0.01,5009
ad agency,2,0.01,5010
property acquisition,2,0.01,5011
project server...,2,0.01,5012
user experience design...,2,0.01,5013
badi,2,0.01,5014
bapi,2,0.01,5015
java programmer,2,0.01,5016
core java programmer...,2,0.01,5017
stock analysis,2,0.01,5018
compensation philosophy...,2,0.01,5019
compensation & benefits,2,0.01,5020
802.11,2,0.01,5021
wlan,2,0.01,5022
en 50128...,2,0.01,5023
lcc calculation,2,0.01,5024
en 50126,2,0.01,5025
rams analysis,2,0.01,5026
reliability engineering,2,0.01,5027
hana architecture...,2,0.01,5028
lumira,2,0.01,5029
sap hana consultant,2,0.01,5030
extractables,2,0.01,5031
tableau software engineer,2,0.01,5032
tableau programmer,2,0.01,5033
telerik controls,2,0.01,5034
kanban,2,0.01,5035
leadership training,2,0.01,5036
brand building...,2,0.01,5037
mis reposting,2,0.01,5038
open ended coding...,2,0.01,5039
verbatim,2,0.01,5040
oec,2,0.01,5041
ascribe,2,0.01,5042
bpos,2,0.01,5043
""" ; highway"" "" ; quantity surveyor"" ;",2,0.01,5044
internal auditor...,2,0.01,5045
e...,2,0.01,5046
subject matter expert...,2,0.01,5047
base24,2,0.01,5048
tandem,2,0.01,5049
tal,2,0.01,5050
mastercard,2,0.01,5051
tacl,2,0.01,5052
good communication...,2,0.01,5053
sap technical consultant,2,0.01,5054
sap /...,2,0.01,5055
sales lead generation,2,0.01,5056
new business development...,2,0.01,5057
dot net manager...,2,0.01,5058
application software,2,0.01,5059
it security analyst...,2,0.01,5060
discoverer,2,0.01,5061
functional,2,0.01,5062
support,2,0.01,5063
mobile development...,2,0.01,5064
reliability engineering...,2,0.01,5065
customer reconciliation,2,0.01,5066
scm solutions,2,0.01,5067
us process,2,0.01,5068
piping fea...,2,0.01,5069
enterprise alliances,2,0.01,5070
corporate alliances,2,0.01,5071
hoovers...,2,0.01,5072
mapreduce...,2,0.01,5073
sccm,2,0.01,5074
lync,2,0.01,5075
pf...,2,0.01,5076
tds calculation,2,0.01,5077
domestic ticketing...,2,0.01,5078
windows forms,2,0.01,5079
windows communication foundation,2,0.01,5080
manager - sas,2,0.01,5081
microsoft power bi,2,0.01,5082
domo...,2,0.01,5083
oracle scm,2,0.01,5084
ims data,2,0.01,5085
project methodology,2,0.01,5086
calling...,2,0.01,5087
group planning,2,0.01,5088
ssas tabular,2,0.01,5089
azure sql database...,2,0.01,5090
revenue analyst,2,0.01,5091
revenue analysis,2,0.01,5092
corporate salary,2,0.01,5093
ites...,2,0.01,5094
ror,2,0.01,5095
orientation,2,0.01,5096
job analysis...,2,0.01,5097
bpo operations,2,0.01,5098
writing test cases,2,0.01,5099
method development...,2,0.01,5100
nltk,2,0.01,5101
keras,2,0.01,5102
server automation,2,0.01,5103
database development...,2,0.01,5104
database engineer,2,0.01,5105
auto industry,2,0.01,5106
vehicle forecast,2,0.01,5107
senior seo expert...,2,0.01,5108
seo team lead,2,0.01,5109
team leader seo,2,0.01,5110
snow lead,2,0.01,5111
snow solution architect...,2,0.01,5112
snow architect,2,0.01,5113
ar follow - up,2,0.01,5114
service industry,2,0.01,5115
engineering services,2,0.01,5116
dynatrace,2,0.01,5117
dms...,2,0.01,5118
dispute resolution...,2,0.01,5119
yield management...,2,0.01,5120
revenue manager,2,0.01,5121
bench management...,2,0.01,5122
assistant manager - accounting - hyderabad,2,0.01,5123
financial forecasting,2,0.01,5124
donor acquisition...,2,0.01,5125
ngo,2,0.01,5126
salesforce/ crm,2,0.01,5127
it training,2,0.01,5128
hrd,2,0.01,5129
recruit,2,0.01,5130
loyalty...,2,0.01,5131
customer behavior,2,0.01,5132
cce,2,0.01,5133
qlikview developer,2,0.01,5134
qlikview admin...,2,0.01,5135
emea,2,0.01,5136
insurance risk...,2,0.01,5137
sap accounting,2,0.01,5138
medical transcriptionist,2,0.01,5139
engineering,2,0.01,5140
cost audit,2,0.01,5141
analyze design & dev customize apps,2,0.01,5142
salary...,2,0.01,5143
machine design...,2,0.01,5144
solid mechanics,2,0.01,5145
catastrophe modeling,2,0.01,5146
engineer big data,2,0.01,5147
method transfer,2,0.01,5148
analytical chemistry...,2,0.01,5149
risk compliance...,2,0.01,5150
platforms...,2,0.01,5151
pressure handling,2,0.01,5152
da,2,0.01,5153
general management...,2,0.01,5154
audit management,2,0.01,5155
go to market,2,0.01,5156
schemes management,2,0.01,5157
rewards...,2,0.01,5158
java architect,2,0.01,5159
design & development,2,0.01,5160
captive unit,2,0.01,5161
cisco...,2,0.01,5162
ushc,2,0.01,5163
us health claim,2,0.01,5164
institute,2,0.01,5165
quality control analysis,2,0.01,5166
campaign - analytics,2,0.01,5167
campaign data model,2,0.01,5168
cash flow management...,2,0.01,5169
secondary sales...,2,0.01,5170
britishairways,2,0.01,5171
genpact...,2,0.01,5172
sap successfactors consultant,2,0.01,5173
employee central...,2,0.01,5174
mathcad,2,0.01,5175
aisc,2,0.01,5176
network engineer...,2,0.01,5177
hira,2,0.01,5178
ibm cognos,2,0.01,5179
manager - operations,2,0.01,5180
big data analyst...,2,0.01,5181
quality...,2,0.01,5182
business technical analyst,2,0.01,5183
taxation...,2,0.01,5184
product owner...,2,0.01,5185
vhdl...,2,0.01,5186
financial operations...,2,0.01,5187
store management...,2,0.01,5188
sas predictive modeling,2,0.01,5189
field operations...,2,0.01,5190
freelancer,2,0.01,5191
sta methodology,2,0.01,5192
fortinet,2,0.01,5193
change...,2,0.01,5194
ad network marketing analyst,2,0.01,5195
affiliate marketing executive,2,0.01,5196
analytical instruments...,2,0.01,5197
keyword analysis...,2,0.01,5198
final audit...,2,0.01,5199
zend,2,0.01,5200
advisor,2,0.01,5201
adviser,2,0.01,5202
growth hacker,2,0.01,5203
sas programming...,2,0.01,5204
adobe creative suite,2,0.01,5205
oil analysis,2,0.01,5206
vibration,2,0.01,5207
trouble shoot...,2,0.01,5208
rotating equipment,2,0.01,5209
omniture...,2,0.01,5210
k - nn,2,0.01,5211
decision forests...,2,0.01,5212
client support,2,0.01,5213
tagging,2,0.01,5214
test execution...,2,0.01,5215
analog,2,0.01,5216
mixed signal,2,0.01,5217
mitigation...,2,0.01,5218
safety engineering,2,0.01,5219
strategy management,2,0.01,5220
renewal collections,2,0.01,5221
business planner,2,0.01,5222
email application support,2,0.01,5223
email support analyst...,2,0.01,5224
fixed income derivatives,2,0.01,5225
functional analyst...,2,0.01,5226
social site...,2,0.01,5227
socialmedia,2,0.01,5228
capital management...,2,0.01,5229
module pool,2,0.01,5230
badi...,2,0.01,5231
invoicing...,2,0.01,5232
business improvement...,2,0.01,5233
computer fundamentals,2,0.01,5234
""" ; html"" ;",2,0.01,5235
ar analyst...,2,0.01,5236
conferences...,2,0.01,5237
struts...,2,0.01,5238
gxt,2,0.01,5239
iseb,2,0.01,5240
standard operating procedures,2,0.01,5241
collection,2,0.01,5242
actuarial...,2,0.01,5243
good,2,0.01,5244
project leadership...,2,0.01,5245
retail sales management,2,0.01,5246
epic experience,2,0.01,5247
cpc certification,2,0.01,5248
out - patient medical coding,2,0.01,5249
finalisation,2,0.01,5250
organic synthesis,2,0.01,5251
ehs...,2,0.01,5252
memory management...,2,0.01,5253
signal integrity...,2,0.01,5254
petty cash,2,0.01,5255
online media...,2,0.01,5256
datastream,2,0.01,5257
web application development,2,0.01,5258
hr multiple locations,2,0.01,5259
polarimeter,2,0.01,5260
potentiometer,2,0.01,5261
performance monitoring...,2,0.01,5262
od interventions,2,0.01,5263
contract preparation,2,0.01,5264
plumbing,2,0.01,5265
neural network,2,0.01,5266
model validation...,2,0.01,5267
security analyst ids,2,0.01,5268
uttar pradesh,2,0.01,5269
siem - noida,2,0.01,5270
cost saving,2,0.01,5271
analytic tools...,2,0.01,5272
maintenance...,2,0.01,5273
market segmentation...,2,0.01,5274
collections manager,2,0.01,5275
loans collection,2,0.01,5276
telematics,2,0.01,5277
attendance,2,0.01,5278
public relations,2,0.01,5279
b com fresher...,2,0.01,5280
test data...,2,0.01,5281
development manager,2,0.01,5282
heavy engineering,2,0.01,5283
hp software,2,0.01,5284
ad server...,2,0.01,5285
collection management...,2,0.01,5286
lab testing,2,0.01,5287
nace,2,0.01,5288
cathodic protection,2,0.01,5289
corrosion inspector,2,0.01,5290
data center management,2,0.01,5291
seo writing...,2,0.01,5292
3,2,0.01,5293
organizational effectiveness,2,0.01,5294
abt...,2,0.01,5295
automated meter reading,2,0.01,5296
amr,2,0.01,5297
automated energy meter reading,2,0.01,5298
copa...,2,0.01,5299
android application,2,0.01,5300
engine components...,2,0.01,5301
transmission,2,0.01,5302
call...,2,0.01,5303
hr business associate...,2,0.01,5304
igmp,2,0.01,5305
tableau 10.3,2,0.01,5306
advance excel with macros,2,0.01,5307
digital campaigns...,2,0.01,5308
uds,2,0.01,5309
canoe,2,0.01,5310
autosar,2,0.01,5311
people...,2,0.01,5312
selling skills,2,0.01,5313
solution sales...,2,0.01,5314
information retrieval...,2,0.01,5315
visual analytics...,2,0.01,5316
sas business rules manager,2,0.01,5317
sas visual analytics,2,0.01,5318
oltp...,2,0.01,5319
protocol designing,2,0.01,5320
tfl,2,0.01,5321
tableau 10,2,0.01,5322
network protocols...,2,0.01,5323
security operation analyst,2,0.01,5324
vertica...,2,0.01,5325
job posting...,2,0.01,5326
marketing analysis...,2,0.01,5327
mcom...,2,0.01,5328
cost management...,2,0.01,5329
itil v2,2,0.01,5330
teamleadar,2,0.01,5331
civil project management,2,0.01,5332
transport management,2,0.01,5333
fleet management,2,0.01,5334
territory management,2,0.01,5335
technical helpdesk,2,0.01,5336
jsp servlets...,2,0.01,5337
environment health safety,2,0.01,5338
pega...,2,0.01,5339
strategic thinking...,2,0.01,5340
lightning,2,0.01,5341
qsr,2,0.01,5342
shift management...,2,0.01,5343
manager - catalogue & listings,2,0.01,5344
time study,2,0.01,5345
letter drafting,2,0.01,5346
interview coordination,2,0.01,5347
idoc,2,0.01,5348
webdynpro,2,0.01,5349
billings...,2,0.01,5350
data compliance,2,0.01,5351
tracking,2,0.01,5352
customer,2,0.01,5353
ipu,2,0.01,5354
product analysis...,2,0.01,5355
warehouse management system,2,0.01,5356
wpf...,2,0.01,5357
delay analysis,2,0.01,5358
uddi...,2,0.01,5359
functional decomposition...,2,0.01,5360
jasmine,2,0.01,5361
business process mapping...,2,0.01,5362
renewable energy,2,0.01,5363
hana...,2,0.01,5364
sap bpc,2,0.01,5365
data analysis preparation,2,0.01,5366
documentum,2,0.01,5367
audit report,2,0.01,5368
manager data science - hyderabad,2,0.01,5369
stability...,2,0.01,5370
engineering services...,2,0.01,5371
framework...,2,0.01,5372
unix shell scripts,2,0.01,5373
map - reduce,2,0.01,5374
crystal report,2,0.01,5375
scp,2,0.01,5376
block chain,2,0.01,5377
bde...,2,0.01,5378
react js,2,0.01,5379
network planning,2,0.01,5380
o,2,0.01,5381
senior level,2,0.01,5382
telecom oss...,2,0.01,5383
ea to director,2,0.01,5384
ea to cfo,2,0.01,5385
ea to md,2,0.01,5386
ea to cxo,2,0.01,5387
secretary...,2,0.01,5388
ea to ceo,2,0.01,5389
investigation,2,0.01,5390
business reporting...,2,0.01,5391
technical marketing,2,0.01,5392
ppc executive,2,0.01,5393
cots...,2,0.01,5394
process compliance...,2,0.01,5395
native...,2,0.01,5396
radiology,2,0.01,5397
cpt,2,0.01,5398
icd,2,0.01,5399
quality management system,2,0.01,5400
sales presentations...,2,0.01,5401
regression modeling,2,0.01,5402
customer analytics...,2,0.01,5403
help desk,2,0.01,5404
media preparation,2,0.01,5405
integration testing,2,0.01,5406
cash flow management,2,0.01,5407
collaterals,2,0.01,5408
customer acquisition...,2,0.01,5409
biztalk server,2,0.01,5410
crm sales...,2,0.01,5411
senior mis executive,2,0.01,5412
crm administration,2,0.01,5413
manager - collection analytics,2,0.01,5414
collection analytics,2,0.01,5415
magento developer,2,0.01,5416
magento programmer...,2,0.01,5417
credit underwriter...,2,0.01,5418
branch credit manager,2,0.01,5419
team motivation,2,0.01,5420
capacity management,2,0.01,5421
corel draw...,2,0.01,5422
dojo,2,0.01,5423
regulatory reporting...,2,0.01,5424
market sizing...,2,0.01,5425
approvals,2,0.01,5426
client interfacing...,2,0.01,5427
site execution,2,0.01,5428
qualys,2,0.01,5429
model monitoring,2,0.01,5430
econometrics...,2,0.01,5431
forensic...,2,0.01,5432
wealth management...,2,0.01,5433
hospitality management...,2,0.01,5434
blended,2,0.01,5435
ms sql developer,2,0.01,5436
need analysis...,2,0.01,5437
bdd,2,0.01,5438
rspec,2,0.01,5439
high availability...,2,0.01,5440
decision trees,2,0.01,5441
process capability...,2,0.01,5442
medical devices,2,0.01,5443
telecommunication...,2,0.01,5444
salesforce crm,2,0.01,5445
financial planner,2,0.01,5446
gi...,2,0.01,5447
server monitoring...,2,0.01,5448
conflict management,2,0.01,5449
sap wm,2,0.01,5450
research fellow...,2,0.01,5451
research development,2,0.01,5452
process planning...,2,0.01,5453
gc analysis,2,0.01,5454
organizational development,2,0.01,5455
fe analysis,2,0.01,5456
vpm,2,0.01,5457
manager - talent acquisition,2,0.01,5458
pms,2,0.01,5459
agile - scrum...,2,0.01,5460
java enterprise,2,0.01,5461
erp navision,2,0.01,5462
navision technical consultant...,2,0.01,5463
tax returns...,2,0.01,5464
ledger scrutiny,2,0.01,5465
consulting -...,2,0.01,5466
content generation,2,0.01,5467
antivirus,2,0.01,5468
quality standards...,2,0.01,5469
revenue accounting,2,0.01,5470
data profiling...,2,0.01,5471
hr solutions...,2,0.01,5472
devops engineer...,2,0.01,5473
contact center operations...,2,0.01,5474
counsellor,2,0.01,5475
tcl...,2,0.01,5476
sales marketing...,2,0.01,5477
spring integration,2,0.01,5478
civil construction,2,0.01,5479
pile foundation,2,0.01,5480
mergers and acquisitions,2,0.01,5481
actuarial analysis,2,0.01,5482
crisc,2,0.01,5483
information security operations...,2,0.01,5484
risk mitigation...,2,0.01,5485
project governance...,2,0.01,5486
income tax...,2,0.01,5487
editor skills...,2,0.01,5488
sap slt...,2,0.01,5489
mt,2,0.01,5490
data science programming,2,0.01,5491
specialist - data science,2,0.01,5492
m3 techno functional,2,0.01,5493
m3 technical,2,0.01,5494
m3 functional,2,0.01,5495
executive secretary,2,0.01,5496
paid advertising specialist,2,0.01,5497
upselling...,2,0.01,5498
unica campaign...,2,0.01,5499
pmo management,2,0.01,5500
white box testing,2,0.01,5501
android...,2,0.01,5502
nda,2,0.01,5503
cfa...,2,0.01,5504
jde,2,0.01,5505
contract review,2,0.01,5506
ios tech lead,2,0.01,5507
mixpanel...,2,0.01,5508
project governance,2,0.01,5509
range planning,2,0.01,5510
pass,2,0.01,5511
data designing,2,0.01,5512
quality executive,2,0.01,5513
production engineering...,2,0.01,5514
advocacy...,2,0.01,5515
leasing,2,0.01,5516
buyers credit,2,0.01,5517
lc,2,0.01,5518
manager - insurance analytics,2,0.01,5519
zend lamp,2,0.01,5520
zend php,2,0.01,5521
cake php,2,0.01,5522
cake lamp,2,0.01,5523
strategy mktg,2,0.01,5524
business mktg,2,0.01,5525
business marketing,2,0.01,5526
planning mktg...,2,0.01,5527
java multithreading,2,0.01,5528
java concurrency,2,0.01,5529
pmo analyst,2,0.01,5530
it support...,2,0.01,5531
k...,2,0.01,5532
ibm daksh...,2,0.01,5533
preparing invoices,2,0.01,5534
preparing reconciliation...,2,0.01,5535
capital...,2,0.01,5536
brfplus,2,0.01,5537
ui5,2,0.01,5538
brf+,2,0.01,5539
logistic...,2,0.01,5540
multisite,2,0.01,5541
patient care,2,0.01,5542
team motivation...,2,0.01,5543
laundry,2,0.01,5544
dissolution tester,2,0.01,5545
adobe acrobat,2,0.01,5546
performance testing...,2,0.01,5547
vp...,2,0.01,5548
wet lab,2,0.01,5549
insurance sales,2,0.01,5550
senior developer...,2,0.01,5551
personal assistant,2,0.01,5552
pa...,2,0.01,5553
cpg...,2,0.01,5554
design engineer,2,0.01,5555
preferred banking,2,0.01,5556
plant controlling...,2,0.01,5557
sap crm...,2,0.01,5558
business analyst sql,2,0.01,5559
tableau - delhi ncr/ hyderabad multiple locations,2,0.01,5560
ms...,2,0.01,5561
team skills,2,0.01,5562
variable reduction...,2,0.01,5563
crucible...,2,0.01,5564
project server,2,0.01,5565
indexing,2,0.01,5566
sox...,2,0.01,5567
information technology management,2,0.01,5568
procurement...,2,0.01,5569
smart factory,2,0.01,5570
industrial iot,2,0.01,5571
document control...,2,0.01,5572
senior financial analyst - hyderabad,2,0.01,5573
apache pig,2,0.01,5574
chartered...,2,0.01,5575
report studio,2,0.01,5576
infographics,2,0.01,5577
recruiter...,2,0.01,5578
target achievement,2,0.01,5579
inventory accounting,2,0.01,5580
credit underwriting...,2,0.01,5581
graphical designs,2,0.01,5582
ivr,2,0.01,5583
shop floor,2,0.01,5584
animation...,2,0.01,5585
process enhancement,2,0.01,5586
associate professor...,2,0.01,5587
methods...,2,0.01,5588
equipment layout,2,0.01,5589
ethernet,2,0.01,5590
head - hr,2,0.01,5591
payroll ops,2,0.01,5592
f&a,2,0.01,5593
capm...,2,0.01,5594
mttr,2,0.01,5595
mtbf,2,0.01,5596
action...,2,0.01,5597
sacs,2,0.01,5598
affidavits,2,0.01,5599
audit compliance,2,0.01,5600
assistant category manager,2,0.01,5601
perforce,2,0.01,5602
financial risk management...,2,0.01,5603
weblogic,2,0.01,5604
firewalls,2,0.01,5605
lan / wan,2,0.01,5606
cyber security analyst,2,0.01,5607
tcp / ip,2,0.01,5608
ids / ips,2,0.01,5609
b2b sales...,2,0.01,5610
pnr,2,0.01,5611
tds return,2,0.01,5612
managerial...,2,0.01,5613
analytical chemist,2,0.01,5614
msc freshers,2,0.01,5615
configuration...,2,0.01,5616
driveworks...,2,0.01,5617
solidworks,2,0.01,5618
mechanical failure analysis,2,0.01,5619
audit...,2,0.01,5620
sales force optimization...,2,0.01,5621
asis,2,0.01,5622
dot net developer,2,0.01,5623
security services,2,0.01,5624
quantitative modeling...,2,0.01,5625
australia,2,0.01,5626
loans...,2,0.01,5627
international voice process...,2,0.01,5628
elk,2,0.01,5629
js...,2,0.01,5630
rest api stack,2,0.01,5631
mis coordinator...,2,0.01,5632
pi,2,0.01,5633
resource allocation...,2,0.01,5634
inventory analysis...,2,0.01,5635
transmission planning,2,0.01,5636
application engineering...,2,0.01,5637
power system,2,0.01,5638
sp3d,2,0.01,5639
pds,2,0.01,5640
apache tomcat...,2,0.01,5641
css.,2,0.01,5642
full stack java developer,2,0.01,5643
sfe,2,0.01,5644
relationship manager,2,0.01,5645
mutual fund sales,2,0.01,5646
target achievement...,2,0.01,5647
github...,2,0.01,5648
solutioning...,2,0.01,5649
cash flow analysis...,2,0.01,5650
board design,2,0.01,5651
trial balance,2,0.01,5652
investment planning,2,0.01,5653
cognos developer...,2,0.01,5654
event management...,2,0.01,5655
caas,2,0.01,5656
apm monitoring,2,0.01,5657
engineer - devops,2,0.01,5658
quality control engineer,2,0.01,5659
database testing...,2,0.01,5660
h2o,2,0.01,5661
scikit...,2,0.01,5662
sqlite...,2,0.01,5663
solution integration & implementation manager,2,0.01,5664
organizing,2,0.01,5665
weka...,2,0.01,5666
associate technical support analyst - desktop support - hyderabad,2,0.01,5667
production operations,2,0.01,5668
bpo non voice,2,0.01,5669
dtm...,2,0.01,5670
vendor reconciliation...,2,0.01,5671
pdf...,2,0.01,5672
loan iq platform...,2,0.01,5673
buyer,2,0.01,5674
procure to pay,2,0.01,5675
software quality assurance,2,0.01,5676
web application...,2,0.01,5677
etl analyst,2,0.01,5678
vtk,2,0.01,5679
cyber forensics,2,0.01,5680
test plan,2,0.01,5681
etl tool...,2,0.01,5682
payable,2,0.01,5683
analytics intermediate analyst,2,0.01,5684
sas jmp,2,0.01,5685
microsoft dynamics navision finance consultant,2,0.01,5686
microsoft dynamics navision...,2,0.01,5687
text analytics...,2,0.01,5688
primary skills,2,0.01,5689
medical billing officer...,2,0.01,5690
vendor analysis,2,0.01,5691
money market,2,0.01,5692
budgetary control,2,0.01,5693
rfi...,2,0.01,5694
ceo,2,0.01,5695
cluster maintenance,2,0.01,5696
cluster operations,2,0.01,5697
production...,2,0.01,5698
risk control self assessment,2,0.01,5699
flexcube,2,0.01,5700
temenos,2,0.01,5701
finacle,2,0.01,5702
small and medium,2,0.01,5703
msme,2,0.01,5704
secured loan,2,0.01,5705
mortgage...,2,0.01,5706
quick view,2,0.01,5707
qtp view,2,0.01,5708
quick test view...,2,0.01,5709
reuters,2,0.01,5710
.net framework...,2,0.01,5711
content optimisation,2,0.01,5712
litigation,2,0.01,5713
hybrid,2,0.01,5714
mobile developer,2,0.01,5715
mobile programmer...,2,0.01,5716
operation management,2,0.01,5717
controllership...,2,0.01,5718
medical coding analyst...,2,0.01,5719
delivery operations...,2,0.01,5720
seo specialist,2,0.01,5721
rm,2,0.01,5722
system architect,2,0.01,5723
garments...,2,0.01,5724
business applications...,2,0.01,5725
tender evaluation,2,0.01,5726
fixed income...,2,0.01,5727
image processing...,2,0.01,5728
bloomberg...,2,0.01,5729
cat modeling,2,0.01,5730
credit administration,2,0.01,5731
water analysis,2,0.01,5732
sell side,2,0.01,5733
bulk hiring,2,0.01,5734
head...,2,0.01,5735
distribution system...,2,0.01,5736
online promotion,2,0.01,5737
loss...,2,0.01,5738
us accounting,2,0.01,5739
quick books,2,0.01,5740
bank loan,2,0.01,5741
accounting firm manager...,2,0.01,5742
contact centre manager,2,0.01,5743
performance review...,2,0.01,5744
equity raising,2,0.01,5745
pre sales support,2,0.01,5746
leave,2,0.01,5747
payroll software...,2,0.01,5748
operational head,2,0.01,5749
tripwire,2,0.01,5750
corporate...,2,0.01,5751
oracle retail...,2,0.01,5752
system integration testing,2,0.01,5753
mvc framework...,2,0.01,5754
bpc,2,0.01,5755
copy writing...,2,0.01,5756
kotlin,2,0.01,5757
soc design,2,0.01,5758
plant quality,2,0.01,5759
corporate banking...,2,0.01,5760
webmethods,2,0.01,5761
udf,2,0.01,5762
liaison,2,0.01,5763
mobile application testing,2,0.01,5764
company secretary,2,0.01,5765
sql scripting for procedures,2,0.01,5766
build automation,2,0.01,5767
igaap,2,0.01,5768
microsoft sql server...,2,0.01,5769
ms sql server developer,2,0.01,5770
sr ba,2,0.01,5771
supplier quality,2,0.01,5772
process documentation,2,0.01,5773
test...,2,0.01,5774
cross functional coordination,2,0.01,5775
aas,2,0.01,5776
angular 5...,2,0.01,5777
hr strategy,2,0.01,5778
receivable,2,0.01,5779
effective communication skills,2,0.01,5780
sas di studio,2,0.01,5781
charge entry,2,0.01,5782
react,2,0.01,5783
front - end,2,0.01,5784
community management,2,0.01,5785
community manager,2,0.01,5786
pha,2,0.01,5787
six sigma standards,2,0.01,5788
revenue collection...,2,0.01,5789
svg,2,0.01,5790
big data architect,2,0.01,5791
toxicology,2,0.01,5792
schema...,2,0.01,5793
estimation engineering,2,0.01,5794
cash equities,2,0.01,5795
financial model...,2,0.01,5796
dspace,2,0.01,5797
ecu,2,0.01,5798
hil,2,0.01,5799
customer handling...,2,0.01,5800
pharmacology,2,0.01,5801
hr generalist activities,2,0.01,5802
process associate...,2,0.01,5803
business continuity management...,2,0.01,5804
reports,2,0.01,5805
hospital,2,0.01,5806
pr...,2,0.01,5807
senior business development executive...,2,0.01,5808
communication engineering,2,0.01,5809
model...,2,0.01,5810
commercial real estate,2,0.01,5811
website audit,2,0.01,5812
ppt,2,0.01,5813
charting,2,0.01,5814
qa tools,2,0.01,5815
back testing,2,0.01,5816
civil,2,0.01,5817
iit,2,0.01,5818
boq preparation,2,0.01,5819
docketing,2,0.01,5820
solid works,2,0.01,5821
visual studio...,2,0.01,5822
process costing,2,0.01,5823
facility management...,2,0.01,5824
test management tool...,2,0.01,5825
yahoo,2,0.01,5826
contact centre,2,0.01,5827
ipt,2,0.01,5828
web analysis...,2,0.01,5829
project estimation,2,0.01,5830
it strategy...,2,0.01,5831
fund flow,2,0.01,5832
social media executive,2,0.01,5833
sales tax...,2,0.01,5834
erp functional consultant...,2,0.01,5835
associate data analyst - hyderabad,2,0.01,5836
redux,2,0.01,5837
sas model development,2,0.01,5838
regression...,2,0.01,5839
co...,2,0.01,5840
api manufacturing,2,0.01,5841
fracture mechanics,2,0.01,5842
clo...,2,0.01,5843
cdo,2,0.01,5844
feasibility studies...,2,0.01,5845
team leader it,2,0.01,5846
software functionality...,2,0.01,5847
hr operations...,2,0.01,5848
head - hr shared services,2,0.01,5849
kettle...,2,0.01,5850
senior qa engineer,2,0.01,5851
senior qa analyst,2,0.01,5852
scientific writing,2,0.01,5853
legality...,2,0.01,5854
top management...,2,0.01,5855
equity analyst,2,0.01,5856
strategy consultant,2,0.01,5857
jni,2,0.01,5858
risk segmentation,2,0.01,5859
p&bm analyst,2,0.01,5860
visual basics,2,0.01,5861
digital recruiter analyst,2,0.01,5862
pipeline management,2,0.01,5863
digital recruiter,2,0.01,5864
process improvement initiatives...,2,0.01,5865
mobile marketing...,2,0.01,5866
msw,2,0.01,5867
mlw,2,0.01,5868
mhrd...,2,0.01,5869
mhrm,2,0.01,5870
data sciences...,2,0.01,5871
microfinance,2,0.01,5872
stash...,2,0.01,5873
hospitality management,2,0.01,5874
hotel management,2,0.01,5875
resorts management,2,0.01,5876
market assessment...,2,0.01,5877
sql programming,2,0.01,5878
revenue assurance,2,0.01,5879
inbound...,2,0.01,5880
project coordinator,2,0.01,5881
pricing security,2,0.01,5882
valuations...,2,0.01,5883
security pricing,2,0.01,5884
sap bi / bw consultant,2,0.01,5885
bw4hana,2,0.01,5886
bw analysis...,2,0.01,5887
solution development,2,0.01,5888
app,2,0.01,5889
storyboard...,2,0.01,5890
games,2,0.01,5891
appkit,2,0.01,5892
unity,2,0.01,5893
construct 2,2,0.01,5894
uikit,2,0.01,5895
owasp...,2,0.01,5896
imperva,2,0.01,5897
sourcefire,2,0.01,5898
business continuity management,2,0.01,5899
credit card analytics,2,0.01,5900
support services...,2,0.01,5901
software implementation,2,0.01,5902
strong analytical skills...,2,0.01,5903
product development manager,2,0.01,5904
animation,2,0.01,5905
visualiser,2,0.01,5906
netezza,2,0.01,5907
azure cloud,2,0.01,5908
apache flume,2,0.01,5909
economics,2,0.01,5910
biology,2,0.01,5911
marketing analyst,2,0.01,5912
analyst - salesforce crm,2,0.01,5913
crm consulting...,2,0.01,5914
e2e,2,0.01,5915
stock market...,2,0.01,5916
strategic partnerships...,2,0.01,5917
product presentation...,2,0.01,5918
erp implementation...,2,0.01,5919
policies...,2,0.01,5920
call center operations,2,0.01,5921
webdynpro abap,2,0.01,5922
strategic sourcing...,2,0.01,5923
process & analytics lead,2,0.01,5924
focus...,2,0.01,5925
payment posting,2,0.01,5926
retail loan,2,0.01,5927
ios lead,2,0.01,5928
control system,2,0.01,5929
bpo operations...,2,0.01,5930
financial planning and analysis...,2,0.01,5931
cognos consultant,2,0.01,5932
ibm cognos controller,2,0.01,5933
icwa...,2,0.01,5934
financial consolidation,2,0.01,5935
creative,2,0.01,5936
deal origination...,2,0.01,5937
adaptability...,2,0.01,5938
ms excel...,2,0.01,5939
event planning,2,0.01,5940
search engine marketing writing,2,0.01,5941
statistical modeler,2,0.01,5942
assessment...,2,0.01,5943
financial impact,2,0.01,5944
supply network planning...,2,0.01,5945
publishing...,2,0.01,5946
web intelligence,2,0.01,5947
technical sales representative...,2,0.01,5948
head - enterprise sales,2,0.01,5949
hrms,2,0.01,5950
taleo recruiting,2,0.01,5951
quantitative,2,0.01,5952
unix scripting,2,0.01,5953
consultant - sas,2,0.01,5954
garment export,2,0.01,5955
ca qualified...,2,0.01,5956
export house,2,0.01,5957
inventory planning...,2,0.01,5958
domain server,2,0.01,5959
wsus,2,0.01,5960
mdt...,2,0.01,5961
windows active directory,2,0.01,5962
retail sales,2,0.01,5963
home finance,2,0.01,5964
http...,2,0.01,5965
security operations analyst,2,0.01,5966
product experience optimization,2,0.01,5967
business optimization,2,0.01,5968
sap pi,2,0.01,5969
liquor,2,0.01,5970
corrective action...,2,0.01,5971
patching...,2,0.01,5972
oracle enterprise manager,2,0.01,5973
dataguard,2,0.01,5974
exadata,2,0.01,5975
rman,2,0.01,5976
subject matter specialist...,2,0.01,5977
it product architecture...,2,0.01,5978
soa testing,2,0.01,5979
housing finance...,2,0.01,5980
client handling...,2,0.01,5981
aeronautical,2,0.01,5982
tat...,2,0.01,5983
pre sales executive...,2,0.01,5984
modellers,2,0.01,5985
client acquisition,2,0.01,5986
ui ux designer,2,0.01,5987
purchase vendor development,2,0.01,5988
customs,2,0.01,5989
rtl compiler,2,0.01,5990
busgeting...,2,0.01,5991
siebel scripting...,2,0.01,5992
siebel tools,2,0.01,5993
software developer,2,0.01,5994
brand marketing...,2,0.01,5995
ring frame...,2,0.01,5996
nms,2,0.01,5997
signal processing,2,0.01,5998
steel structures,2,0.01,5999
etl testing,2,0.01,6000
intercompany reconciliation,2,0.01,6001
saccr...,2,0.01,6002
production scheduling,2,0.01,6003
group policy,2,0.01,6004
production planning control,2,0.01,6005
demat,2,0.01,6006
liabilities,2,0.01,6007
vsts,2,0.01,6008
private label,2,0.01,6009
software support...,2,0.01,6010
patent...,2,0.01,6011
logo,2,0.01,6012
typography...,2,0.01,6013
greenplum...,2,0.01,6014
c / c++...,2,0.01,6015
rdbms architect,2,0.01,6016
senior data scientist - hyderabad,2,0.01,6017
industry mapping,2,0.01,6018
hibernate...,2,0.01,6019
cross - sell,2,0.01,6020
up - sell,2,0.01,6021
revenue and retention planning,2,0.01,6022
computer operator,2,0.01,6023
bba fresher,2,0.01,6024
us...,2,0.01,6025
boq...,2,0.01,6026
prestashop,2,0.01,6027
ar executive,2,0.01,6028
ui...,2,0.01,6029
image editing,2,0.01,6030
image editor...,2,0.01,6031
photoshop designing,2,0.01,6032
ipr...,2,0.01,6033
dbase,2,0.01,6034
python model development,2,0.01,6035
itk,2,0.01,6036
oop...,2,0.01,6037
risk modeling...,2,0.01,6038
digital analyst,2,0.01,6039
program manager,2,0.01,6040
product placement,2,0.01,6041
msp,2,0.01,6042
sas va,2,0.01,6043
job scheduling,2,0.01,6044
infrastructure management...,2,0.01,6045
sap scripts,2,0.01,6046
design & development...,2,0.01,6047
ict reports,2,0.01,6048
secondary reserch...,2,0.01,6049
financial risk management,2,0.01,6050
marketing communication...,2,0.01,6051
bpo sales,2,0.01,6052
sow...,2,0.01,6053
b...,2,0.01,6054
system troubleshooting,2,0.01,6055
new client acquisition,2,0.01,6056
airlines,2,0.01,6057
sql / plsql...,2,0.01,6058
java development lead,2,0.01,6059
struts 2.0,2,0.01,6060
admission counselling,2,0.01,6061
defect management...,2,0.01,6062
oracle reports,1,0.01,6063
oracle workflow...,1,0.01,6064
credit analyst...,1,0.01,6065
management interaction,1,0.01,6066
personal assistant...,1,0.01,6067
ecc,1,0.01,6068
sap sd analyst,1,0.01,6069
vistex,1,0.01,6070
hazid,1,0.01,6071
hazop study,1,0.01,6072
risk and safety manager,1,0.01,6073
social media research,1,0.01,6074
chemical engineering...,1,0.01,6075
process safety management,1,0.01,6076
it inventory,1,0.01,6077
selenium testing,1,0.01,6078
ideation...,1,0.01,6079
retail sales...,1,0.01,6080
prepare reports,1,0.01,6081
adl documentation,1,0.01,6082
review data,1,0.01,6083
production management...,1,0.01,6084
maintenance planning,1,0.01,6085
google analytics & webmasters...,1,0.01,6086
productivity improvement,1,0.01,6087
company secretary...,1,0.01,6088
quarterly strategy review...,1,0.01,6089
it risk...,1,0.01,6090
real estate marketing,1,0.01,6091
customer experience strategy...,1,0.01,6092
artificial intelligence professional,1,0.01,6093
policy servicing,1,0.01,6094
road safety,1,0.01,6095
feasibility analysis,1,0.01,6096
computerknowledge...,1,0.01,6097
crm executive...,1,0.01,6098
servlets...,1,0.01,6099
jstl,1,0.01,6100
bet,1,0.01,6101
media fill,1,0.01,6102
sterlity...,1,0.01,6103
ddos,1,0.01,6104
intrusion detection...,1,0.01,6105
active directory administration...,1,0.01,6106
quality control chemical,1,0.01,6107
qc chemical,1,0.01,6108
quality assurance chemical...,1,0.01,6109
product training and development specialist,1,0.01,6110
project initiation,1,0.01,6111
ideas...,1,0.01,6112
srm / mm,1,0.01,6113
mm / srm,1,0.01,6114
bill of quantities,1,0.01,6115
english...,1,0.01,6116
analytical ability...,1,0.01,6117
ooh,1,0.01,6118
kaizen...,1,0.01,6119
sfdc.com...,1,0.01,6120
automobile sales,1,0.01,6121
auto sales...,1,0.01,6122
master black belt...,1,0.01,6123
maven...,1,0.01,6124
web content writing,1,0.01,6125
solution...,1,0.01,6126
compliance issue,1,0.01,6127
operational metrics,1,0.01,6128
application programming,1,0.01,6129
tbiw,1,0.01,6130
nastran analysis,1,0.01,6131
analytical support engineer,1,0.01,6132
nabl,1,0.01,6133
lab head analytical,1,0.01,6134
eic,1,0.01,6135
apeda,1,0.01,6136
fssai,1,0.01,6137
bis,1,0.01,6138
chemical lab head,1,0.01,6139
ph meter,1,0.01,6140
ollydbg,1,0.01,6141
reverse engineering,1,0.01,6142
new product design,1,0.01,6143
finished goods...,1,0.01,6144
power sector...,1,0.01,6145
financial advisory,1,0.01,6146
client service executive,1,0.01,6147
manager client servicing...,1,0.01,6148
team manager...,1,0.01,6149
account executive,1,0.01,6150
associate,1,0.01,6151
c.a,1,0.01,6152
""" ; mobile application testing"" ;",1,0.01,6153
""" ; mobile testing"" ;",1,0.01,6154
urban design...,1,0.01,6155
railways,1,0.01,6156
csd,1,0.01,6157
police canteen,1,0.01,6158
costing executive,1,0.01,6159
bms fresher,1,0.01,6160
banking domain...,1,0.01,6161
bpt,1,0.01,6162
mfc...,1,0.01,6163
medical analyst...,1,0.01,6164
technical writing...,1,0.01,6165
final accounts,1,0.01,6166
symphony,1,0.01,6167
enterprise development,1,0.01,6168
transactional quality...,1,0.01,6169
apache cassandra,1,0.01,6170
sdd,1,0.01,6171
sdlc life cycle...,1,0.01,6172
junior android developer,1,0.01,6173
marketing head...,1,0.01,6174
data modeler,1,0.01,6175
data insights,1,0.01,6176
viewership...,1,0.01,6177
genre expert,1,0.01,6178
kibana,1,0.01,6179
grafana,1,0.01,6180
ca intermediate...,1,0.01,6181
semi qualified ca,1,0.01,6182
data infrastructure,1,0.01,6183
mpharm...,1,0.01,6184
bpharm,1,0.01,6185
medical writing,1,0.01,6186
bams doctor,1,0.01,6187
octopus,1,0.01,6188
iis...,1,0.01,6189
sprak,1,0.01,6190
off -...,1,0.01,6191
azure iot,1,0.01,6192
cloud iot architecture,1,0.01,6193
iot cloud architect...,1,0.01,6194
french translator,1,0.01,6195
business executive,1,0.01,6196
analyst executive...,1,0.01,6197
support executive,1,0.01,6198
pp,1,0.01,6199
gts,1,0.01,6200
web trends,1,0.01,6201
ensighten,1,0.01,6202
tealium...,1,0.01,6203
web analyst,1,0.01,6204
application design...,1,0.01,6205
elearning,1,0.01,6206
unity 3d game developer,1,0.01,6207
whitebox testing,1,0.01,6208
hr budgeting,1,0.01,6209
stability,1,0.01,6210
tablet...,1,0.01,6211
wfm software,1,0.01,6212
contact center workforce management...,1,0.01,6213
receivable management...,1,0.01,6214
data analyst - head,1,0.01,6215
bugzilla...,1,0.01,6216
production supervising...,1,0.01,6217
daily production planning,1,0.01,6218
manpower handling,1,0.01,6219
product demonstrator...,1,0.01,6220
promotional events...,1,0.01,6221
phase 2,1,0.01,6222
geotechnical engineering,1,0.01,6223
highway tunnels,1,0.01,6224
defect logging...,1,0.01,6225
web forms,1,0.01,6226
jscript,1,0.01,6227
remedy,1,0.01,6228
us sales,1,0.01,6229
supervisor,1,0.01,6230
equity research associate,1,0.01,6231
financial models,1,0.01,6232
airways,1,0.01,6233
air cargo,1,0.01,6234
airline,1,0.01,6235
cargo,1,0.01,6236
design verification...,1,0.01,6237
bpo process...,1,0.01,6238
human resource counsellor...,1,0.01,6239
hr counsellor,1,0.01,6240
html. css,1,0.01,6241
bjmc,1,0.01,6242
bhm,1,0.01,6243
google analytics analyst specialist,1,0.01,6244
vms...,1,0.01,6245
cqa,1,0.01,6246
custom,1,0.01,6247
corporate quality assurance,1,0.01,6248
fp...,1,0.01,6249
economic research...,1,0.01,6250
bhopal,1,0.01,6251
cat model,1,0.01,6252
catastrophe modeling...,1,0.01,6253
catastrophe modelling,1,0.01,6254
oracle 10g...,1,0.01,6255
oracle application framework,1,0.01,6256
machine - learning,1,0.01,6257
software test engineer...,1,0.01,6258
hr generalist activities...,1,0.01,6259
desktop support engineer,1,0.01,6260
technical support engineer,1,0.01,6261
business to business,1,0.01,6262
leadgeneration...,1,0.01,6263
six sigma black belt,1,0.01,6264
audio visual...,1,0.01,6265
salesforce development...,1,0.01,6266
head - credit policy,1,0.01,6267
home loan,1,0.01,6268
sem research,1,0.01,6269
sql server dba...,1,0.01,6270
spring framework...,1,0.01,6271
windows 8.1,1,0.01,6272
access...,1,0.01,6273
employee training,1,0.01,6274
dy...,1,0.01,6275
big data programming manager,1,0.01,6276
detailed design,1,0.01,6277
consumer durables...,1,0.01,6278
life asia,1,0.01,6279
content research,1,0.01,6280
creative writing...,1,0.01,6281
account manager,1,0.01,6282
manager - customer success,1,0.01,6283
team training...,1,0.01,6284
ui / ux,1,0.01,6285
user management,1,0.01,6286
sas sql...,1,0.01,6287
analytical qa,1,0.01,6288
ptp...,1,0.01,6289
bi tableau developer,1,0.01,6290
amazon aws...,1,0.01,6291
scm management,1,0.01,6292
qa npd,1,0.01,6293
quality npd,1,0.01,6294
quality qa,1,0.01,6295
8d,1,0.01,6296
tfs...,1,0.01,6297
d fmea,1,0.01,6298
mule api,1,0.01,6299
' ; ' ; mobile automation testing' ; ' ; ...,1,0.01,6300
intellectual property rights...,1,0.01,6301
warehouse...,1,0.01,6302
tse,1,0.01,6303
content reviewer...,1,0.01,6304
diagnostics,1,0.01,6305
object...,1,0.01,6306
obia,1,0.01,6307
hazop,1,0.01,6308
health,1,0.01,6309
java script...,1,0.01,6310
condition...,1,0.01,6311
vapi,1,0.01,6312
bearings,1,0.01,6313
vibration analysis,1,0.01,6314
golden source,1,0.01,6315
lead business analyst - noida,1,0.01,6316
google cloud computing,1,0.01,6317
medical equipment,1,0.01,6318
business requirement analysis...,1,0.01,6319
mechnical,1,0.01,6320
mechanical diploma,1,0.01,6321
diploma...,1,0.01,6322
iti,1,0.01,6323
it program manager...,1,0.01,6324
desktop engineering,1,0.01,6325
ionic framework...,1,0.01,6326
graphic design,1,0.01,6327
phone banking,1,0.01,6328
python development...,1,0.01,6329
knowledge supervising associate,1,0.01,6330
ms bi,1,0.01,6331
sbt,1,0.01,6332
bitbucket,1,0.01,6333
scala development,1,0.01,6334
internet surfing,1,0.01,6335
internal medicine,1,0.01,6336
dax,1,0.01,6337
credit evaluation,1,0.01,6338
secretarial skills,1,0.01,6339
job portal...,1,0.01,6340
serarching,1,0.01,6341
call,1,0.01,6342
qa engineer...,1,0.01,6343
trade processing,1,0.01,6344
quality compliance...,1,0.01,6345
escription,1,0.01,6346
google tag manager...,1,0.01,6347
google tag management,1,0.01,6348
branch operations,1,0.01,6349
sme finance,1,0.01,6350
accounts receivable calling,1,0.01,6351
hospital billing...,1,0.01,6352
epic,1,0.01,6353
purchase analyst,1,0.01,6354
calls...,1,0.01,6355
access control system,1,0.01,6356
sumif,1,0.01,6357
transacations...,1,0.01,6358
payment,1,0.01,6359
payment gateway,1,0.01,6360
frontend developer,1,0.01,6361
physician billing,1,0.01,6362
hospital billing,1,0.01,6363
jmeter...,1,0.01,6364
ars,1,0.01,6365
cmdb,1,0.01,6366
solidity,1,0.01,6367
hyper ledger...,1,0.01,6368
ethereum,1,0.01,6369
bitcoin,1,0.01,6370
smart contract,1,0.01,6371
database analyst...,1,0.01,6372
sdn,1,0.01,6373
network functions virtualization...,1,0.01,6374
nfv,1,0.01,6375
analog marketing,1,0.01,6376
channel,1,0.01,6377
defect management,1,0.01,6378
credit risk modelling,1,0.01,6379
ar specialist,1,0.01,6380
eob analysis,1,0.01,6381
hospital operations,1,0.01,6382
global...,1,0.01,6383
spss / sas,1,0.01,6384
marketing promotions,1,0.01,6385
angular5,1,0.01,6386
javascirpt,1,0.01,6387
online customer acquisition,1,0.01,6388
financial budgeting,1,0.01,6389
ml...,1,0.01,6390
research sales,1,0.01,6391
research analyst sales,1,0.01,6392
market research sales,1,0.01,6393
ebo,1,0.01,6394
oracle service cloud,1,0.01,6395
operational analysis,1,0.01,6396
merger and acquisition...,1,0.01,6397
arabic,1,0.01,6398
""" ; data science"" or "" ; data scientist"" ;",1,0.01,6399
debian,1,0.01,6400
client acquire...,1,0.01,6401
customer acquire,1,0.01,6402
mf,1,0.01,6403
auto,1,0.01,6404
erection,1,0.01,6405
installation...,1,0.01,6406
sheetmetal,1,0.01,6407
press,1,0.01,6408
kitchen,1,0.01,6409
english writing...,1,0.01,6410
sas bi,1,0.01,6411
resource optimization,1,0.01,6412
strategic sales planning,1,0.01,6413
b2c product industry,1,0.01,6414
plastic,1,0.01,6415
biw,1,0.01,6416
cost optimization...,1,0.01,6417
sheet metal,1,0.01,6418
bi / dw...,1,0.01,6419
social media strategist,1,0.01,6420
wmr analytics...,1,0.01,6421
commercial contracts,1,0.01,6422
spend mapping,1,0.01,6423
autocad...,1,0.01,6424
doe,1,0.01,6425
freshers jobs,1,0.01,6426
medical coding jobs...,1,0.01,6427
ad server,1,0.01,6428
win forms,1,0.01,6429
window,1,0.01,6430
winform,1,0.01,6431
ios framework,1,0.01,6432
core...,1,0.01,6433
adp mainframe,1,0.01,6434
adp,1,0.01,6435
lta,1,0.01,6436
debt restructuring,1,0.01,6437
x - ray,1,0.01,6438
spectrometer,1,0.01,6439
xrf...,1,0.01,6440
sql server 2005 08,1,0.01,6441
sql servers,1,0.01,6442
business economics,1,0.01,6443
manager - banking analytics,1,0.01,6444
delivery lead,1,0.01,6445
accounts reconciliation,1,0.01,6446
project funding,1,0.01,6447
document management system...,1,0.01,6448
datto,1,0.01,6449
noc,1,0.01,6450
hands...,1,0.01,6451
solarwinds,1,0.01,6452
veam,1,0.01,6453
n+ cert,1,0.01,6454
r programming...,1,0.01,6455
commercial operations,1,0.01,6456
chartering,1,0.01,6457
commercial...,1,0.01,6458
ansa analysis,1,0.01,6459
femfat,1,0.01,6460
male investment banking,1,0.01,6461
derivative market,1,0.01,6462
ipsec vpn...,1,0.01,6463
project analyst,1,0.01,6464
gdpr,1,0.01,6465
hp data protector,1,0.01,6466
bengali,1,0.01,6467
quant finance,1,0.01,6468
index,1,0.01,6469
asset classes...,1,0.01,6470
consultant - customer analytics,1,0.01,6471
orcad,1,0.01,6472
pspice,1,0.01,6473
electronics circuits,1,0.01,6474
supply chain analytics,1,0.01,6475
icwa inter,1,0.01,6476
private broking...,1,0.01,6477
chromatographer,1,0.01,6478
ruby rails...,1,0.01,6479
school,1,0.01,6480
content creation...,1,0.01,6481
mitigation,1,0.01,6482
service contracts,1,0.01,6483
timing analysis...,1,0.01,6484
static,1,0.01,6485
ckend,1,0.01,6486
process monitoring...,1,0.01,6487
cpc...,1,0.01,6488
non cpc,1,0.01,6489
leadership...,1,0.01,6490
finished products...,1,0.01,6491
selling skills...,1,0.01,6492
online product management,1,0.01,6493
database architect,1,0.01,6494
coding method,1,0.01,6495
figures analyze,1,0.01,6496
interpret to find conclusion...,1,0.01,6497
facts,1,0.01,6498
data analysts,1,0.01,6499
system programming...,1,0.01,6500
instrumentation engineering,1,0.01,6501
process definition...,1,0.01,6502
adla...,1,0.01,6503
data lake store,1,0.01,6504
odbc,1,0.01,6505
senior ar analyst...,1,0.01,6506
marketing generalist,1,0.01,6507
mainframes,1,0.01,6508
mainframe,1,0.01,6509
logical ability...,1,0.01,6510
data reviewer,1,0.01,6511
doctor...,1,0.01,6512
mbb,1,0.01,6513
black belt...,1,0.01,6514
reserving / reporting,1,0.01,6515
excel sheet,1,0.01,6516
network engineer,1,0.01,6517
google forms...,1,0.01,6518
adl...,1,0.01,6519
dp,1,0.01,6520
sap apo,1,0.01,6521
cif,1,0.01,6522
snp,1,0.01,6523
problem analysis...,1,0.01,6524
operations leadership...,1,0.01,6525
m tech fresher,1,0.01,6526
me fresher,1,0.01,6527
polymer chemistry,1,0.01,6528
polymer science,1,0.01,6529
concept selling,1,0.01,6530
sales lead generation...,1,0.01,6531
mds,1,0.01,6532
healthcare management,1,0.01,6533
test engineer...,1,0.01,6534
rice,1,0.01,6535
evangelizing,1,0.01,6536
channel management...,1,0.01,6537
project administration,1,0.01,6538
quality control analyst,1,0.01,6539
business trainer,1,0.01,6540
aml...,1,0.01,6541
general manager...,1,0.01,6542
swot analysis,1,0.01,6543
fashion technology,1,0.01,6544
back end processing,1,0.01,6545
social service,1,0.01,6546
new projects...,1,0.01,6547
statistical analysis plan...,1,0.01,6548
strategic sourcing analyst,1,0.01,6549
cinema 4d,1,0.01,6550
big data consultant...,1,0.01,6551
advance analytics,1,0.01,6552
map / reduce,1,0.01,6553
manager learning & development...,1,0.01,6554
unified communications...,1,0.01,6555
policy making,1,0.01,6556
leave & attendance...,1,0.01,6557
hrm analytics,1,0.01,6558
microsoft technologies,1,0.01,6559
revenue management...,1,0.01,6560
oracle fusion,1,0.01,6561
user administration,1,0.01,6562
tally software,1,0.01,6563
inventory process...,1,0.01,6564
sap or any other erp,1,0.01,6565
claims...,1,0.01,6566
sap application,1,0.01,6567
bsc it,1,0.01,6568
msc it,1,0.01,6569
maintaining,1,0.01,6570
manpower,1,0.01,6571
enterprise security,1,0.01,6572
fund administration...,1,0.01,6573
digital marketing analyst,1,0.01,6574
""" ; google analytics"" or "" ; google tag manager"" or ""...",1,0.01,6575
promotion response modeling...,1,0.01,6576
mfc,1,0.01,6577
atl com,1,0.01,6578
application support engineer...,1,0.01,6579
international,1,0.01,6580
adwords analyst,1,0.01,6581
gurgaon...,1,0.01,6582
inventory control...,1,0.01,6583
os win2008,1,0.01,6584
iis7.0,1,0.01,6585
manufacturing process,1,0.01,6586
social tools,1,0.01,6587
sales co - ordinator,1,0.01,6588
coordinator...,1,0.01,6589
inventory operations,1,0.01,6590
policy research,1,0.01,6591
contract staffing,1,0.01,6592
procurement management,1,0.01,6593
dsp coding...,1,0.01,6594
multi - thread,1,0.01,6595
product owner,1,0.01,6596
wages,1,0.01,6597
bonus,1,0.01,6598
superannuation,1,0.01,6599
customer service orientation,1,0.01,6600
technical staff,1,0.01,6601
quality engineering...,1,0.01,6602
cost audit...,1,0.01,6603
test development,1,0.01,6604
purchase executive,1,0.01,6605
sheet metal...,1,0.01,6606
special purpose machines,1,0.01,6607
french analyst,1,0.01,6608
french language analyst...,1,0.01,6609
debt...,1,0.01,6610
it / software engineer,1,0.01,6611
agronomy,1,0.01,6612
agri,1,0.01,6613
active directory...,1,0.01,6614
revenue forecasting...,1,0.01,6615
client satisfaction...,1,0.01,6616
cash posting,1,0.01,6617
corrective...,1,0.01,6618
""" ; internal auditor""",1,0.01,6619
sap deal / presales architect,1,0.01,6620
blueprinting,1,0.01,6621
product development structure,1,0.01,6622
bom,1,0.01,6623
product structure,1,0.01,6624
pdm,1,0.01,6625
water treatment,1,0.01,6626
waste water treatment...,1,0.01,6627
trend ananlysis,1,0.01,6628
financial planninfg,1,0.01,6629
sqlserver,1,0.01,6630
finance manager,1,0.01,6631
books closing,1,0.01,6632
fixed assets management...,1,0.01,6633
""" ; deep learning"" ;",1,0.01,6634
manager - fraud analytics,1,0.01,6635
a...,1,0.01,6636
preferably in the uae.,1,0.01,6637
3 - 5 years experience in fmcg / retail business,1,0.01,6638
change control,1,0.01,6639
enterprise library,1,0.01,6640
dbx...,1,0.01,6641
foundry,1,0.01,6642
general administration,1,0.01,6643
patent landscaping,1,0.01,6644
promotional campaigns,1,0.01,6645
six sigma quality,1,0.01,6646
dialer management...,1,0.01,6647
vlan...,1,0.01,6648
ipsec vpn,1,0.01,6649
market analyst,1,0.01,6650
business models,1,0.01,6651
knockoutjs,1,0.01,6652
memcache,1,0.01,6653
jaipur,1,0.01,6654
post graduate,1,0.01,6655
tsa,1,0.01,6656
forex...,1,0.01,6657
geographical information system analyst,1,0.01,6658
navigation,1,0.01,6659
mapping...,1,0.01,6660
ofbiz,1,0.01,6661
alfresco,1,0.01,6662
oyo rooms...,1,0.01,6663
ftp...,1,0.01,6664
service delivery management...,1,0.01,6665
visual,1,0.01,6666
export documentation,1,0.01,6667
procure to pay...,1,0.01,6668
ad operations executive...,1,0.01,6669
am training,1,0.01,6670
am...,1,0.01,6671
capital market domain,1,0.01,6672
android application development,1,0.01,6673
technical writer...,1,0.01,6674
english writer,1,0.01,6675
ibm rational doors,1,0.01,6676
authorization,1,0.01,6677
grc,1,0.01,6678
user management...,1,0.01,6679
manager - sas analytics -,1,0.01,6680
business process improvement...,1,0.01,6681
machine planning...,1,0.01,6682
mrp,1,0.01,6683
ites recruitment,1,0.01,6684
mass hiring,1,0.01,6685
typing speed...,1,0.01,6686
title search,1,0.01,6687
hr coordinator,1,0.01,6688
representative,1,0.01,6689
advertising agency,1,0.01,6690
nice...,1,0.01,6691
er coder,1,0.01,6692
fin,1,0.01,6693
oracle fusion...,1,0.01,6694
b2b collection,1,0.01,6695
rds,1,0.01,6696
kinesis,1,0.01,6697
dynamodb...,1,0.01,6698
ec2,1,0.01,6699
elasticsearch,1,0.01,6700
redshift,1,0.01,6701
s3,1,0.01,6702
intellectual property rights,1,0.01,6703
ipr,1,0.01,6704
compensation benchmarking...,1,0.01,6705
switching...,1,0.01,6706
spotfire...,1,0.01,6707
inprocess quality,1,0.01,6708
batch manufacturing,1,0.01,6709
hazop...,1,0.01,6710
inbound executive,1,0.01,6711
kpo executive,1,0.01,6712
non voice operations,1,0.01,6713
technology...,1,0.01,6714
iphone developer,1,0.01,6715
ios application...,1,0.01,6716
ios app,1,0.01,6717
time management skills...,1,0.01,6718
web research...,1,0.01,6719
manager - business development,1,0.01,6720
digital marketing analyst...,1,0.01,6721
cost controlling...,1,0.01,6722
cost planning,1,0.01,6723
cost controller,1,0.01,6724
""" ; seo"" ;",1,0.01,6725
""" ; seo executive"" ;",1,0.01,6726
""" ; smo"" ; ...",1,0.01,6727
technical project manager,1,0.01,6728
program manager...,1,0.01,6729
oracle warehouse builder,1,0.01,6730
owb,1,0.01,6731
enterprise information management...,1,0.01,6732
eia analytics,1,0.01,6733
manager - consulting,1,0.01,6734
data infrastructure...,1,0.01,6735
bonus act...,1,0.01,6736
payroll software,1,0.01,6737
bing,1,0.01,6738
supply planning,1,0.01,6739
socila media,1,0.01,6740
campaign,1,0.01,6741
maths...,1,0.01,6742
software programmer,1,0.01,6743
software engineering analyst...,1,0.01,6744
risk rating,1,0.01,6745
icaap,1,0.01,6746
digital communication,1,0.01,6747
nism...,1,0.01,6748
follow ups...,1,0.01,6749
msi,1,0.01,6750
app - v,1,0.01,6751
application packaging...,1,0.01,6752
orca,1,0.01,6753
fraud analyst...,1,0.01,6754
medical coding fresher...,1,0.01,6755
market analytics,1,0.01,6756
currency,1,0.01,6757
image analysis,1,0.01,6758
matlab image processing,1,0.01,6759
quality assurance tester,1,0.01,6760
quality analyst -,1,0.01,6761
siperian,1,0.01,6762
idq,1,0.01,6763
immigration,1,0.01,6764
visa processing,1,0.01,6765
process quality...,1,0.01,6766
mulesoft j2ee architect...,1,0.01,6767
mulesoft architect,1,0.01,6768
mulesoft java architect,1,0.01,6769
embedded software,1,0.01,6770
associate - sap,1,0.01,6771
international travel,1,0.01,6772
bonus...,1,0.01,6773
technical voice process,1,0.01,6774
engineering analysis,1,0.01,6775
calculations,1,0.01,6776
finite...,1,0.01,6777
sdlc life...,1,0.01,6778
ms world,1,0.01,6779
appraisal management...,1,0.01,6780
manager - financial & material analysis,1,0.01,6781
commercial accounting,1,0.01,6782
large scale data,1,0.01,6783
p&l fluctuation analysis...,1,0.01,6784
netapp...,1,0.01,6785
replication,1,0.01,6786
global service desk,1,0.01,6787
it help desk...,1,0.01,6788
aem software developer,1,0.01,6789
aem developer,1,0.01,6790
jcr...,1,0.01,6791
rational rose,1,0.01,6792
sap services...,1,0.01,6793
one source...,1,0.01,6794
office assistant...,1,0.01,6795
sox 404...,1,0.01,6796
altera...,1,0.01,6797
specman,1,0.01,6798
natural resource management,1,0.01,6799
team skills...,1,0.01,6800
delphi,1,0.01,6801
costing analyst,1,0.01,6802
v,1,0.01,6803
strong,1,0.01,6804
amd row...,1,0.01,6805
oracle order management,1,0.01,6806
new  development,1,0.01,6807
development lead,1,0.01,6808
""" ; java"" and "" ; rest"" ;",1,0.01,6809
process validation...,1,0.01,6810
water validation,1,0.01,6811
web trends...,1,0.01,6812
site catalyst,1,0.01,6813
sap analytics,1,0.01,6814
control and assurance methodologies...,1,0.01,6815
mobile application design,1,0.01,6816
infrastructure support...,1,0.01,6817
steam absorption chillers engineer...,1,0.01,6818
chillers engineer,1,0.01,6819
advertisement...,1,0.01,6820
dotcom,1,0.01,6821
intelligence,1,0.01,6822
process control...,1,0.01,6823
icwa inter...,1,0.01,6824
performance tuning analyst,1,0.01,6825
stock,1,0.01,6826
facility planning,1,0.01,6827
demand management,1,0.01,6828
market research associate,1,0.01,6829
procurementconsulting,1,0.01,6830
middle management...,1,0.01,6831
fidic,1,0.01,6832
visual basic...,1,0.01,6833
office365,1,0.01,6834
dynamics ax,1,0.01,6835
dynamics365,1,0.01,6836
html css...,1,0.01,6837
web design,1,0.01,6838
pnl,1,0.01,6839
enterprise risk,1,0.01,6840
business insights,1,0.01,6841
senior project and manager...,1,0.01,6842
spring cloud,1,0.01,6843
microsoft...,1,0.01,6844
pension,1,0.01,6845
analog electronics,1,0.01,6846
commodity,1,0.01,6847
tni...,1,0.01,6848
quality assurance analysis...,1,0.01,6849
x86...,1,0.01,6850
expense management,1,0.01,6851
sales budgeting...,1,0.01,6852
hydra,1,0.01,6853
mes apriso,1,0.01,6854
collections head,1,0.01,6855
education loan,1,0.01,6856
sql tuning,1,0.01,6857
branch head...,1,0.01,6858
lending analytics,1,0.01,6859
revenue assurance...,1,0.01,6860
customer interfacing...,1,0.01,6861
media management...,1,0.01,6862
commercial credit,1,0.01,6863
blazemeter,1,0.01,6864
puppet automation,1,0.01,6865
red hat,1,0.01,6866
user interface development,1,0.01,6867
gui development,1,0.01,6868
qt development...,1,0.01,6869
technical vice president...,1,0.01,6870
technical director,1,0.01,6871
technical vp,1,0.01,6872
nav developer,1,0.01,6873
navision developer,1,0.01,6874
ms dynamics...,1,0.01,6875
qc management,1,0.01,6876
haccp...,1,0.01,6877
forensic,1,0.01,6878
erp systems,1,0.01,6879
qa auditor,1,0.01,6880
patent specialist,1,0.01,6881
patent writer...,1,0.01,6882
global selling,1,0.01,6883
overseas sales,1,0.01,6884
insights,1,0.01,6885
jax - ws...,1,0.01,6886
advanced,1,0.01,6887
msoffice,1,0.01,6888
professional networking,1,0.01,6889
sourcing strategy...,1,0.01,6890
android os...,1,0.01,6891
machine learning developer,1,0.01,6892
manufacturing quality...,1,0.01,6893
connect,1,0.01,6894
cross...,1,0.01,6895
brand development,1,0.01,6896
fund management...,1,0.01,6897
ftl,1,0.01,6898
complaint management...,1,0.01,6899
modeling analyst,1,0.01,6900
jquery and plugins,1,0.01,6901
financial sector...,1,0.01,6902
html fresher,1,0.01,6903
pharma marketing,1,0.01,6904
pharmaceutical sales,1,0.01,6905
sales & mktg...,1,0.01,6906
valgrind,1,0.01,6907
enterprise solutions,1,0.01,6908
spreadsheets,1,0.01,6909
cots,1,0.01,6910
ipvpn,1,0.01,6911
oss,1,0.01,6912
public speaking...,1,0.01,6913
connectors,1,0.01,6914
adapters,1,0.01,6915
oracle identity manager,1,0.01,6916
purchase price allocation,1,0.01,6917
market comparables,1,0.01,6918
rcm specialist,1,0.01,6919
medical billing specialist,1,0.01,6920
ap ar,1,0.01,6921
fusion finance,1,0.01,6922
etax,1,0.01,6923
ap accounts receivable,1,0.01,6924
ap accounts payable,1,0.01,6925
lab chemist,1,0.01,6926
etp,1,0.01,6927
ro,1,0.01,6928
mee,1,0.01,6929
uf,1,0.01,6930
cashflow...,1,0.01,6931
mis research...,1,0.01,6932
individual tax...,1,0.01,6933
1065,1,0.01,6934
1040,1,0.01,6935
us taxation,1,0.01,6936
1120,1,0.01,6937
cdm...,1,0.01,6938
bugdeting,1,0.01,6939
academic content...,1,0.01,6940
sports...,1,0.01,6941
ecommerce development,1,0.01,6942
e commerce manager...,1,0.01,6943
solar...,1,0.01,6944
e - governance,1,0.01,6945
e - auction,1,0.01,6946
supplier,1,0.01,6947
vendor,1,0.01,6948
walkin,1,0.01,6949
implement,1,0.01,6950
database building,1,0.01,6951
freelance writing,1,0.01,6952
ux program manager,1,0.01,6953
quality systems...,1,0.01,6954
quality assurance engineering...,1,0.01,6955
account services,1,0.01,6956
claim changes skills,1,0.01,6957
proprietary research...,1,0.01,6958
fibre,1,0.01,6959
wireline services,1,0.01,6960
d2h,1,0.01,6961
optical,1,0.01,6962
broadband services,1,0.01,6963
stock trader...,1,0.01,6964
pic,1,0.01,6965
microprocessors,1,0.01,6966
intel...,1,0.01,6967
periodic review,1,0.01,6968
negative check,1,0.01,6969
rf optimization...,1,0.01,6970
kpi monitoring,1,0.01,6971
global delivery...,1,0.01,6972
analysis partnering,1,0.01,6973
excise,1,0.01,6974
oracle fusion middleware...,1,0.01,6975
vulnerability analyses and risk assessments...,1,0.01,6976
seo content manager,1,0.01,6977
search engine submission,1,0.01,6978
statistical simulation / regression modeling,1,0.01,6979
logistic modelling,1,0.01,6980
system configurations,1,0.01,6981
relationship manager...,1,0.01,6982
operation executive,1,0.01,6983
robotic process automation...,1,0.01,6984
kendo ui,1,0.01,6985
senior business development executive,1,0.01,6986
mentoring,1,0.01,6987
blue prism,1,0.01,6988
moa...,1,0.01,6989
lean manufacturing...,1,0.01,6990
amdocs,1,0.01,6991
r language programming,1,0.01,6992
big data tools,1,0.01,6993
lpaas...,1,0.01,6994
bfsi/ banking client,1,0.01,6995
structuring,1,0.01,6996
ich,1,0.01,6997
urban transformation,1,0.01,6998
site merchandising...,1,0.01,6999
avaya,1,0.01,7000
protocols...,1,0.01,7001
senior software engineer - etl - hyderabad,1,0.01,7002
senior hadoop developer,1,0.01,7003
sas bi stack,1,0.01,7004
software solution sales...,1,0.01,7005
sepa...,1,0.01,7006
security operation centre,1,0.01,7007
asa firewall,1,0.01,7008
pim,1,0.01,7009
application support analyst...,1,0.01,7010
international logistics,1,0.01,7011
asm,1,0.01,7012
backend architectures,1,0.01,7013
nlp engines...,1,0.01,7014
mybatis,1,0.01,7015
roadmap...,1,0.01,7016
forging,1,0.01,7017
heat treatment process,1,0.01,7018
powder coating...,1,0.01,7019
taxonomy...,1,0.01,7020
cell...,1,0.01,7021
brokerage receivable,1,0.01,7022
egus ...,1,0.01,7023
brokerage payable,1,0.01,7024
listed derivatives,1,0.01,7025
software architectures,1,0.01,7026
software lead,1,0.01,7027
team leader analytics...,1,0.01,7028
am analytics,1,0.01,7029
assistant manager analytics,1,0.01,7030
sap fiori...,1,0.01,7031
bank statements,1,0.01,7032
brs,1,0.01,7033
customer relationship management,1,0.01,7034
engineering projects...,1,0.01,7035
service engineering,1,0.01,7036
aero engine,1,0.01,7037
manual test engineer,1,0.01,7038
mantas,1,0.01,7039
social advertising analyst...,1,0.01,7040
social media analyst,1,0.01,7041
consultant - data science,1,0.01,7042
portal handling,1,0.01,7043
data engineer...,1,0.01,7044
hr information system,1,0.01,7045
storage testing,1,0.01,7046
lte / 5g base,1,0.01,7047
lte senior developer...,1,0.01,7048
contractual role,1,0.01,7049
critical care,1,0.01,7050
doctor,1,0.01,7051
blogger,1,0.01,7052
cmc,1,0.01,7053
bi system...,1,0.01,7054
linux os,1,0.01,7055
database architecture...,1,0.01,7056
scala back - end development,1,0.01,7057
network management...,1,0.01,7058
report painter,1,0.01,7059
sap fi module,1,0.01,7060
collaborations,1,0.01,7061
asset,1,0.01,7062
and,1,0.01,7063
bill of material preparation...,1,0.01,7064
bom preparation,1,0.01,7065
hardware engineering...,1,0.01,7066
joining formalities...,1,0.01,7067
arima...,1,0.01,7068
quality procedures,1,0.01,7069
asnt level ii,1,0.01,7070
eclipse ide...,1,0.01,7071
java servlets,1,0.01,7072
pay per click expert,1,0.01,7073
territory sales manager...,1,0.01,7074
cransoft,1,0.01,7075
fraud analytics...,1,0.01,7076
preventive action,1,0.01,7077
sap pm...,1,0.01,7078
it data analyst,1,0.01,7079
voucher entry...,1,0.01,7080
jd edwards...,1,0.01,7081
sitecatalyst...,1,0.01,7082
identity server...,1,0.01,7083
api manager,1,0.01,7084
grievances...,1,0.01,7085
article writing,1,0.01,7086
compensation and benefits...,1,0.01,7087
channel finance...,1,0.01,7088
distributor management,1,0.01,7089
market coverage,1,0.01,7090
digital hiirng...,1,0.01,7091
end to end recruitment,1,0.01,7092
offshore hiring,1,0.01,7093
market strategies,1,0.01,7094
consumer experience,1,0.01,7095
advanced pricing,1,0.01,7096
ifrs...,1,0.01,7097
mobile apps tester,1,0.01,7098
manual tester,1,0.01,7099
strategy analyst,1,0.01,7100
software licensing...,1,0.01,7101
backend support,1,0.01,7102
vtp,1,0.01,7103
demand planning...,1,0.01,7104
sterling integrator,1,0.01,7105
manager - qa...,1,0.01,7106
audit assistant,1,0.01,7107
audit executive,1,0.01,7108
data mart,1,0.01,7109
embedded systems development...,1,0.01,7110
r&d engineering,1,0.01,7111
java fresher,1,0.01,7112
image analytics,1,0.01,7113
rest api...,1,0.01,7114
cma,1,0.01,7115
b2c social media...,1,0.01,7116
social media and digital marketing manager,1,0.01,7117
distributor sales...,1,0.01,7118
crm implementation,1,0.01,7119
autodesk,1,0.01,7120
equities,1,0.01,7121
java architect...,1,0.01,7122
sap business object,1,0.01,7123
sap boxi...,1,0.01,7124
value at risk...,1,0.01,7125
greek,1,0.01,7126
learning and development...,1,0.01,7127
qlik view,1,0.01,7128
temporary,1,0.01,7129
part - time,1,0.01,7130
contractual...,1,0.01,7131
channel partner acquisition,1,0.01,7132
merchant acquiring...,1,0.01,7133
recruiting...,1,0.01,7134
bugzilla,1,0.01,7135
test complete,1,0.01,7136
conflict resolution...,1,0.01,7137
b service...,1,0.01,7138
ranorex,1,0.01,7139
vugen,1,0.01,7140
hp quality center...,1,0.01,7141
adobe premiere pro,1,0.01,7142
video editing,1,0.01,7143
english literature,1,0.01,7144
print media,1,0.01,7145
java j2ee...,1,0.01,7146
sql server 2012 / 2016,1,0.01,7147
windows 8 / 10,1,0.01,7148
raid configurations...,1,0.01,7149
vmware esx,1,0.01,7150
system software...,1,0.01,7151
content filtering,1,0.01,7152
content auditing...,1,0.01,7153
call quality analyst...,1,0.01,7154
supply chain operations...,1,0.01,7155
sla management...,1,0.01,7156
lubricants...,1,0.01,7157
datalake,1,0.01,7158
manufacturing industry,1,0.01,7159
erp navision exposure,1,0.01,7160
manager - operational projects...,1,0.01,7161
retail lending,1,0.01,7162
proactive,1,0.01,7163
investment portfolio,1,0.01,7164
portfolio risk reporting,1,0.01,7165
als design,1,0.01,7166
production optimisation,1,0.01,7167
esp design,1,0.01,7168
gas lift design,1,0.01,7169
qxdm,1,0.01,7170
umts,1,0.01,7171
protocol stack,1,0.01,7172
2g,1,0.01,7173
excellent communication skill,1,0.01,7174
write,1,0.01,7175
product manager...,1,0.01,7176
bsc freshr,1,0.01,7177
be fresher,1,0.01,7178
bcom fresher,1,0.01,7179
digital platforms...,1,0.01,7180
sox analyst,1,0.01,7181
mortgage services,1,0.01,7182
integration protocols,1,0.01,7183
staffing...,1,0.01,7184
ground staff activities,1,0.01,7185
avalon activities,1,0.01,7186
cabin crew activities,1,0.01,7187
infopath...,1,0.01,7188
sem expert...,1,0.01,7189
web programming,1,0.01,7190
facilitation,1,0.01,7191
lcms...,1,0.01,7192
catalogues,1,0.01,7193
text...,1,0.01,7194
l&d,1,0.01,7195
executive data & reports,1,0.01,7196
data quality assessment,1,0.01,7197
healthcare sme,1,0.01,7198
learning development consultant,1,0.01,7199
ointments,1,0.01,7200
tablets,1,0.01,7201
gc...,1,0.01,7202
row,1,0.01,7203
ophthalmic,1,0.01,7204
document control,1,0.01,7205
edms,1,0.01,7206
document management system,1,0.01,7207
j2ee developer,1,0.01,7208
jewellery...,1,0.01,7209
jewellery designer,1,0.01,7210
gems,1,0.01,7211
jewelry,1,0.01,7212
software development engineering,1,0.01,7213
visual c#,1,0.01,7214
it service management,1,0.01,7215
heat,1,0.01,7216
lectora,1,0.01,7217
ar callers,1,0.01,7218
daniel management,1,0.01,7219
ui design,1,0.01,7220
""" ; google analytics""",1,0.01,7221
claims management,1,0.01,7222
health claims,1,0.01,7223
tpa,1,0.01,7224
teaching...,1,0.01,7225
power...,1,0.01,7226
team lead operations,1,0.01,7227
product service...,1,0.01,7228
catering management,1,0.01,7229
food preparation,1,0.01,7230
project design,1,0.01,7231
dxc,1,0.01,7232
dell,1,0.01,7233
ibm...,1,0.01,7234
hpe,1,0.01,7235
hp,1,0.01,7236
setting up e - commerce strategy,1,0.01,7237
business case development...,1,0.01,7238
white paper,1,0.01,7239
atl...,1,0.01,7240
retail business...,1,0.01,7241
software acquisition,1,0.01,7242
vendor licensing,1,0.01,7243
it product development...,1,0.01,7244
hana modelling,1,0.01,7245
xsjs,1,0.01,7246
xso,1,0.01,7247
xsodata,1,0.01,7248
native hana,1,0.01,7249
firmware interaction,1,0.01,7250
maya,1,0.01,7251
3ds max,1,0.01,7252
3dmax,1,0.01,7253
policy management...,1,0.01,7254
full stack engineer,1,0.01,7255
it asset...,1,0.01,7256
am - quality,1,0.01,7257
tl - quality,1,0.01,7258
qa- punjabi...,1,0.01,7259
patent assistant...,1,0.01,7260
patent executive,1,0.01,7261
middle east,1,0.01,7262
dockers,1,0.01,7263
kubernates,1,0.01,7264
cloud support,1,0.01,7265
identity,1,0.01,7266
idm,1,0.01,7267
cloud application...,1,0.01,7268
hpspital marketing executive,1,0.01,7269
hpspital business development executive,1,0.01,7270
kernel programming...,1,0.01,7271
gap,1,0.01,7272
corporate salary...,1,0.01,7273
marcom...,1,0.01,7274
technical research analyst,1,0.01,7275
technical research executive...,1,0.01,7276
secured funding,1,0.01,7277
passionate,1,0.01,7278
service desk management,1,0.01,7279
windchill,1,0.01,7280
autodesk vault,1,0.01,7281
team center...,1,0.01,7282
teamcenter,1,0.01,7283
english writer...,1,0.01,7284
communication writer,1,0.01,7285
civil design,1,0.01,7286
master analyst...,1,0.01,7287
ms azure architect,1,0.01,7288
azure automation,1,0.01,7289
no -...,1,0.01,7290
ms azure,1,0.01,7291
azure sql,1,0.01,7292
accountancy...,1,0.01,7293
warehouse operations analyst,1,0.01,7294
li,1,0.01,7295
courses,1,0.01,7296
targeting,1,0.01,7297
close,1,0.01,7298
sale,1,0.01,7299
methods,1,0.01,7300
jira configuration,1,0.01,7301
jira service desk,1,0.01,7302
jira support,1,0.01,7303
atlassian...,1,0.01,7304
global calling...,1,0.01,7305
analytics specialist,1,0.01,7306
codeigniter...,1,0.01,7307
it management...,1,0.01,7308
supplier development...,1,0.01,7309
redlining...,1,0.01,7310
export import...,1,0.01,7311
senior executive,1,0.01,7312
technical staff...,1,0.01,7313
plant layout,1,0.01,7314
lean manufacturing,1,0.01,7315
area operation manager,1,0.01,7316
cluster manager,1,0.01,7317
catering,1,0.01,7318
silverlight,1,0.01,7319
executive assistant to technical director...,1,0.01,7320
procedures...,1,0.01,7321
ideas,1,0.01,7322
costing engineer,1,0.01,7323
value analysis value engineer,1,0.01,7324
product costing engineer,1,0.01,7325
manager - operational projects,1,0.01,7326
process excellence...,1,0.01,7327
cts,1,0.01,7328
ssta,1,0.01,7329
cadence,1,0.01,7330
claims associate,1,0.01,7331
claim executive,1,0.01,7332
claims processing...,1,0.01,7333
claim officer,1,0.01,7334
pla,1,0.01,7335
ipsec,1,0.01,7336
ehs management,1,0.01,7337
ts 16949...,1,0.01,7338
mass production,1,0.01,7339
opex,1,0.01,7340
purchase orders,1,0.01,7341
blending,1,0.01,7342
overdraft...,1,0.01,7343
cash credit,1,0.01,7344
term loan,1,0.01,7345
working capital finance,1,0.01,7346
stress testing management,1,0.01,7347
trainee...,1,0.01,7348
providing training...,1,0.01,7349
p4p analysis,1,0.01,7350
snagit,1,0.01,7351
mechanical maintenance,1,0.01,7352
economic developments,1,0.01,7353
asme codes...,1,0.01,7354
performance reporting,1,0.01,7355
headcount planning,1,0.01,7356
metric planning,1,0.01,7357
backoffice,1,0.01,7358
factory...,1,0.01,7359
plant,1,0.01,7360
sta...,1,0.01,7361
slas,1,0.01,7362
area sales management...,1,0.01,7363
cloud sales,1,0.01,7364
database developer...,1,0.01,7365
mysql database,1,0.01,7366
mysql db,1,0.01,7367
digital marketing executive...,1,0.01,7368
plumbing...,1,0.01,7369
dtd,1,0.01,7370
otm consultant...,1,0.01,7371
mr,1,0.01,7372
account relationship management...,1,0.01,7373
oracle apps technical,1,0.01,7374
plan to procure,1,0.01,7375
uv - vis,1,0.01,7376
dsc...,1,0.01,7377
gpc,1,0.01,7378
cutsomer support...,1,0.01,7379
sales co - ordinator...,1,0.01,7380
3d image,1,0.01,7381
medical image analysis developer,1,0.01,7382
online marketing manager,1,0.01,7383
sea born...,1,0.01,7384
stastical analysis,1,0.01,7385
business writing,1,0.01,7386
idea generation,1,0.01,7387
pricing research,1,0.01,7388
obiee reports,1,0.01,7389
tableau dashboards...,1,0.01,7390
relation driven,1,0.01,7391
business awareness,1,0.01,7392
high integrity...,1,0.01,7393
oracle sql server,1,0.01,7394
mfc developer,1,0.01,7395
jcaps,1,0.01,7396
dellboomi,1,0.01,7397
dell boomi,1,0.01,7398
genetics,1,0.01,7399
project leader...,1,0.01,7400
fresher male...,1,0.01,7401
online reasearch,1,0.01,7402
banking management,1,0.01,7403
finance business partner,1,0.01,7404
debit note,1,0.01,7405
big data architect...,1,0.01,7406
financial information,1,0.01,7407
event production,1,0.01,7408
cvent,1,0.01,7409
corporate events,1,0.01,7410
analyst - financial planning,1,0.01,7411
financial services general,1,0.01,7412
itgc,1,0.01,7413
system engineer...,1,0.01,7414
citibank,1,0.01,7415
encore,1,0.01,7416
hcl...,1,0.01,7417
hsbc,1,0.01,7418
data warehousing design and development...,1,0.01,7419
large corporates,1,0.01,7420
analyst - large corporates,1,0.01,7421
credit ratings,1,0.01,7422
sme...,1,0.01,7423
zonal,1,0.01,7424
synon,1,0.01,7425
as400,1,0.01,7426
packaging,1,0.01,7427
contract manufacturing,1,0.01,7428
bamboo,1,0.01,7429
""" ; technical presales"" ;",1,0.01,7430
""" ; technical writer"" ;",1,0.01,7431
security compliance...,1,0.01,7432
wsad,1,0.01,7433
jax - rpc,1,0.01,7434
rad,1,0.01,7435
unix support engineer...,1,0.01,7436
casualty...,1,0.01,7437
p&c,1,0.01,7438
telephonic...,1,0.01,7439
corporate restructuring,1,0.01,7440
fractal analysis,1,0.01,7441
mu sigma,1,0.01,7442
fractal,1,0.01,7443
fdqm,1,0.01,7444
java security,1,0.01,7445
mq...,1,0.01,7446
vendor evaluation...,1,0.01,7447
application server,1,0.01,7448
fresher job,1,0.01,7449
sportswear apparel company,1,0.01,7450
p&l...,1,0.01,7451
head marketing,1,0.01,7452
building construction,1,0.01,7453
civil design...,1,0.01,7454
know your customer,1,0.01,7455
website analysis...,1,0.01,7456
kubernetes...,1,0.01,7457
saltstack,1,0.01,7458
public policy...,1,0.01,7459
land acquisition...,1,0.01,7460
strategic marketing planning,1,0.01,7461
salt,1,0.01,7462
engagement...,1,0.01,7463
impala...,1,0.01,7464
outward,1,0.01,7465
material...,1,0.01,7466
mcsa,1,0.01,7467
procurement planning,1,0.01,7468
sql server 2005/2008/2012 t-sql coding,1,0.01,7469
ssis /etl developer,1,0.01,7470
leachables...,1,0.01,7471
ic oes,1,0.01,7472
plasma spectroscopy,1,0.01,7473
icp ms,1,0.01,7474
birt,1,0.01,7475
model validation analyst,1,0.01,7476
compliances...,1,0.01,7477
training and development,1,0.01,7478
selection process...,1,0.01,7479
sanity testing...,1,0.01,7480
phone,1,0.01,7481
high performance computing,1,0.01,7482
file system,1,0.01,7483
sap master data management...,1,0.01,7484
sap mdm,1,0.01,7485
atg implementation,1,0.01,7486
atg e - commerce,1,0.01,7487
endeca,1,0.01,7488
java atg,1,0.01,7489
fixed asset accounting...,1,0.01,7490
cloud apis,1,0.01,7491
customer experience management...,1,0.01,7492
adwords tag,1,0.01,7493
consultancy,1,0.01,7494
call calibration,1,0.01,7495
process management...,1,0.01,7496
ux architecture...,1,0.01,7497
competitor...,1,0.01,7498
adsense,1,0.01,7499
chartered accountant inter,1,0.01,7500
atm,1,0.01,7501
pos...,1,0.01,7502
scobol,1,0.01,7503
pl / sql,1,0.01,7504
biztalk,1,0.01,7505
customer relationship manager,1,0.01,7506
score development,1,0.01,7507
predictive models...,1,0.01,7508
hdinsight stack...,1,0.01,7509
microsoft cloud analytics azure architect,1,0.01,7510
business understanding...,1,0.01,7511
app store optimization specialist,1,0.01,7512
app store optimization...,1,0.01,7513
recognition,1,0.01,7514
budget analyst,1,0.01,7515
budgetary control...,1,0.01,7516
entity framework...,1,0.01,7517
microbiology...,1,0.01,7518
executive management,1,0.01,7519
nostro reconciliation,1,0.01,7520
nostro,1,0.01,7521
media research...,1,0.01,7522
workday hcm implementation...,1,0.01,7523
workday hris,1,0.01,7524
workday configuration,1,0.01,7525
call center qa...,1,0.01,7526
non bpo...,1,0.01,7527
group finance,1,0.01,7528
xbrl tagging...,1,0.01,7529
bill processing,1,0.01,7530
abc analysis...,1,0.01,7531
strategy making,1,0.01,7532
business executive...,1,0.01,7533
machine installation,1,0.01,7534
tpm...,1,0.01,7535
igt...,1,0.01,7536
australian,1,0.01,7537
it senior analyst,1,0.01,7538
lotus domino,1,0.01,7539
mq series,1,0.01,7540
accounts & finance executive...,1,0.01,7541
finance executive,1,0.01,7542
workday reporting analyst,1,0.01,7543
workday hcm,1,0.01,7544
workday reporting,1,0.01,7545
spring boot...,1,0.01,7546
threat intelligence...,1,0.01,7547
malware,1,0.01,7548
sas graph,1,0.01,7549
tableau architect...,1,0.01,7550
business development operations analyst,1,0.01,7551
healthcare analytics...,1,0.01,7552
quantitative models...,1,0.01,7553
web servers,1,0.01,7554
java application containers,1,0.01,7555
wallet,1,0.01,7556
lease agreement,1,0.01,7557
land acquisition,1,0.01,7558
asset...,1,0.01,7559
sas coding,1,0.01,7560
senior business systems analyst ba,1,0.01,7561
sql - multiple locations,1,0.01,7562
security engineering...,1,0.01,7563
go,1,0.01,7564
ojt...,1,0.01,7565
fixed assets...,1,0.01,7566
equity trading,1,0.01,7567
process re -...,1,0.01,7568
information management...,1,0.01,7569
languages...,1,0.01,7570
qualitative research manager,1,0.01,7571
strategy implementation...,1,0.01,7572
research financial analysis...,1,0.01,7573
gl close...,1,0.01,7574
area credit manager...,1,0.01,7575
bpo trainer,1,0.01,7576
q.a.,1,0.01,7577
cro...,1,0.01,7578
r&d associate,1,0.01,7579
scikit,1,0.01,7580
rta...,1,0.01,7581
itil process,1,0.01,7582
fmcg industry,1,0.01,7583
data engineering lead,1,0.01,7584
relational sql,1,0.01,7585
data engineering,1,0.01,7586
pharma analytics...,1,0.01,7587
account development...,1,0.01,7588
microstrategy...,1,0.01,7589
webfocus,1,0.01,7590
lightning...,1,0.01,7591
area credit manager,1,0.01,7592
master of...,1,0.01,7593
nodejs...,1,0.01,7594
teamcity,1,0.01,7595
udeploy,1,0.01,7596
kpo operations...,1,0.01,7597
kpo officer,1,0.01,7598
kpo operations,1,0.01,7599
financial data,1,0.01,7600
email writing...,1,0.01,7601
language skills,1,0.01,7602
custom clearance,1,0.01,7603
senior ar caller,1,0.01,7604
nand,1,0.01,7605
jtag,1,0.01,7606
routing...,1,0.01,7607
openshift,1,0.01,7608
architect...,1,0.01,7609
product roadmaps,1,0.01,7610
b2b saas,1,0.01,7611
appliances...,1,0.01,7612
agriculture...,1,0.01,7613
b.sci agriculture,1,0.01,7614
hypothesis,1,0.01,7615
analyst - private equity,1,0.01,7616
tlf,1,0.01,7617
order processing,1,0.01,7618
elastic machine learning,1,0.01,7619
product director...,1,0.01,7620
hyperion planning...,1,0.01,7621
clasic asp,1,0.01,7622
personnel,1,0.01,7623
hardware development...,1,0.01,7624
broking research,1,0.01,7625
insurance research,1,0.01,7626
ahu,1,0.01,7627
energy audit...,1,0.01,7628
chillers,1,0.01,7629
fcpa lddr,1,0.01,7630
business process supervisor compliance...,1,0.01,7631
us healthcare compliance,1,0.01,7632
gpp,1,0.01,7633
offshore...,1,0.01,7634
marine,1,0.01,7635
fundamental research...,1,0.01,7636
system engineering...,1,0.01,7637
consultant - sas analytics,1,0.01,7638
appscan...,1,0.01,7639
webinspect,1,0.01,7640
consultancy...,1,0.01,7641
purification,1,0.01,7642
apms...,1,0.01,7643
windows administration...,1,0.01,7644
oracle rdbms,1,0.01,7645
sql db2,1,0.01,7646
etl testing...,1,0.01,7647
sap analytics cloud consultant,1,0.01,7648
nexus...,1,0.01,7649
sonar,1,0.01,7650
safe,1,0.01,7651
etabs,1,0.01,7652
medical scribe,1,0.01,7653
iso internal auditor...,1,0.01,7654
imps,1,0.01,7655
neft,1,0.01,7656
swift gateways...,1,0.01,7657
rtgs,1,0.01,7658
indirect taxes,1,0.01,7659
bluetooth...,1,0.01,7660
connectivity modules,1,0.01,7661
energy management,1,0.01,7662
cfr,1,0.01,7663
audit activities...,1,0.01,7664
cat modeler,1,0.01,7665
risklink...,1,0.01,7666
cpu trouble shooting...,1,0.01,7667
manpower planning & talent acquisition,1,0.01,7668
coc,1,0.01,7669
pathology...,1,0.01,7670
e&m,1,0.01,7671
anesthesia,1,0.01,7672
anaesthesia,1,0.01,7673
ccs,1,0.01,7674
cic,1,0.01,7675
luxury,1,0.01,7676
stock management,1,0.01,7677
corporate sales...,1,0.01,7678
technical specifications...,1,0.01,7679
manpower budgeting,1,0.01,7680
wordpress developer...,1,0.01,7681
brds,1,0.01,7682
frds,1,0.01,7683
keyword,1,0.01,7684
analysis ...,1,0.01,7685
pyramid,1,0.01,7686
smac,1,0.01,7687
architectural,1,0.01,7688
mobile...,1,0.01,7689
interact with the client strong analytical thinking...,1,0.01,7690
magento...,1,0.01,7691
gcr fso - analyst,1,0.01,7692
amex,1,0.01,7693
inventory accounting...,1,0.01,7694
security infra...,1,0.01,7695
security infrastructure,1,0.01,7696
industrial products...,1,0.01,7697
taxes,1,0.01,7698
senior actuarial analyst,1,0.01,7699
non voice...,1,0.01,7700
datascience,1,0.01,7701
repair,1,0.01,7702
mrb,1,0.01,7703
instrument engineer,1,0.01,7704
electronics...,1,0.01,7705
mac os...,1,0.01,7706
public health,1,0.01,7707
epidemiology,1,0.01,7708
product implementation...,1,0.01,7709
treasury management,1,0.01,7710
retail credit,1,0.01,7711
credit head,1,0.01,7712
big data solution architect,1,0.01,7713
elasticsearch...,1,0.01,7714
direct marketing...,1,0.01,7715
bs,1,0.01,7716
network eng,1,0.01,7717
hse training,1,0.01,7718
fire,1,0.01,7719
first...,1,0.01,7720
hazard identification,1,0.01,7721
cognos tm1 developer,1,0.01,7722
ar executive...,1,0.01,7723
t sql,1,0.01,7724
cursor,1,0.01,7725
tsql,1,0.01,7726
tagging...,1,0.01,7727
logistics operations,1,0.01,7728
call center management,1,0.01,7729
distribution theory...,1,0.01,7730
pivot tables,1,0.01,7731
data - analytics,1,0.01,7732
financial statement...,1,0.01,7733
tele sales,1,0.01,7734
requirement...,1,0.01,7735
siem solutions,1,0.01,7736
vulnerability tools...,1,0.01,7737
adobe site catalyst,1,0.01,7738
inventory...,1,0.01,7739
vulnerability management...,1,0.01,7740
itil v3,1,0.01,7741
jr.qa,1,0.01,7742
writing bug report...,1,0.01,7743
market assessment,1,0.01,7744
wbs,1,0.01,7745
technical management,1,0.01,7746
lease analyst,1,0.01,7747
lease translation,1,0.01,7748
lease research,1,0.01,7749
jms...,1,0.01,7750
transactional,1,0.01,7751
financial strategy,1,0.01,7752
oracle 11g,1,0.01,7753
part time...,1,0.01,7754
corporate tax,1,0.01,7755
tax strategy...,1,0.01,7756
marketing sales...,1,0.01,7757
wire transfer,1,0.01,7758
field sales officer...,1,0.01,7759
business processanalysis...,1,0.01,7760
decision scientist,1,0.01,7761
laravel framework,1,0.01,7762
data lake,1,0.01,7763
low cost marketing,1,0.01,7764
ivr developer...,1,0.01,7765
genesys framework,1,0.01,7766
database management system...,1,0.01,7767
international clients...,1,0.01,7768
consultative sales...,1,0.01,7769
solutions consultant,1,0.01,7770
microsoft technologies...,1,0.01,7771
togaf 9.x,1,0.01,7772
machine learning studio...,1,0.01,7773
sap solution manager,1,0.01,7774
keynote,1,0.01,7775
strategist...,1,0.01,7776
seo associate...,1,0.01,7777
compliance monitoring,1,0.01,7778
ingenium,1,0.01,7779
acrobat...,1,0.01,7780
transition...,1,0.01,7781
investment research analyst,1,0.01,7782
group sales,1,0.01,7783
agile design,1,0.01,7784
sap hybris,1,0.01,7785
quality operations...,1,0.01,7786
mcx...,1,0.01,7787
derivative,1,0.01,7788
mortgage underwriting,1,0.01,7789
mortgage loans...,1,0.01,7790
initiative...,1,0.01,7791
manager - supply chain analytics,1,0.01,7792
16 bit...,1,0.01,7793
circuit designing,1,0.01,7794
restful api...,1,0.01,7795
quotation,1,0.01,7796
order processing...,1,0.01,7797
murex,1,0.01,7798
agile product owner...,1,0.01,7799
sketch...,1,0.01,7800
software quality,1,0.01,7801
defect reporting,1,0.01,7802
stock management...,1,0.01,7803
finance analysis...,1,0.01,7804
sql server development...,1,0.01,7805
financial products...,1,0.01,7806
secretarial activities...,1,0.01,7807
cpg data analytics,1,0.01,7808
cpg data analysis,1,0.01,7809
cpg data mining,1,0.01,7810
vb.net developer,1,0.01,7811
vba developer,1,0.01,7812
vb developer,1,0.01,7813
web application security,1,0.01,7814
drafting...,1,0.01,7815
denial,1,0.01,7816
database executive,1,0.01,7817
database tester...,1,0.01,7818
database administrator,1,0.01,7819
interfaces...,1,0.01,7820
workday consultant,1,0.01,7821
model development head,1,0.01,7822
deposits,1,0.01,7823
financial planning analyst,1,0.01,7824
spring batch...,1,0.01,7825
microsoft t - sql,1,0.01,7826
sql server integration services,1,0.01,7827
tw collection,1,0.01,7828
nagios...,1,0.01,7829
budget analysis...,1,0.01,7830
d.pharm,1,0.01,7831
m.pharm...,1,0.01,7832
b.pharm,1,0.01,7833
cost element accounting,1,0.01,7834
sap fico consultant,1,0.01,7835
customer service executive,1,0.01,7836
finalization,1,0.01,7837
customer service operations management,1,0.01,7838
business units operations,1,0.01,7839
sram,1,0.01,7840
memory design & verification engineer,1,0.01,7841
eda,1,0.01,7842
spare parts,1,0.01,7843
ticketing tools,1,0.01,7844
windows administration,1,0.01,7845
gcc,1,0.01,7846
digital signal processing,1,0.01,7847
infrastructure services...,1,0.01,7848
programmer / analyst,1,0.01,7849
transparency analytics / predictive modelling,1,0.01,7850
data analyst - gurgaon,1,0.01,7851
client s management,1,0.01,7852
data models,1,0.01,7853
process flows,1,0.01,7854
bank accounting...,1,0.01,7855
cognos tm1,1,0.01,7856
ibm cognos tm1,1,0.01,7857
provider credentialing,1,0.01,7858
credentialing,1,0.01,7859
provider enrollment...,1,0.01,7860
dermatologist,1,0.01,7861
dnb,1,0.01,7862
dermatology,1,0.01,7863
derma,1,0.01,7864
consultant dermatologist,1,0.01,7865
sap enterprise portal,1,0.01,7866
vap,1,0.01,7867
category...,1,0.01,7868
mep,1,0.01,7869
succession planning,1,0.01,7870
culture building...,1,0.01,7871
hris...,1,0.01,7872
visual...,1,0.01,7873
.pm,1,0.01,7874
implementations...,1,0.01,7875
credit card analytics...,1,0.01,7876
transaction risk,1,0.01,7877
technology risk...,1,0.01,7878
vendor qualification,1,0.01,7879
sop preparation...,1,0.01,7880
yolo,1,0.01,7881
gpu o,1,0.01,7882
ml algorithms,1,0.01,7883
rhadoop,1,0.01,7884
gcp,1,0.01,7885
rc,1,0.01,7886
filenet,1,0.01,7887
disbursement...,1,0.01,7888
pro,1,0.01,7889
budget impact models...,1,0.01,7890
literature reviews,1,0.01,7891
patient reported outcomes,1,0.01,7892
fund accounting analyst...,1,0.01,7893
franchise sales...,1,0.01,7894
cl,1,0.01,7895
ile rpg,1,0.01,7896
oot,1,0.01,7897
deviation,1,0.01,7898
link builder,1,0.01,7899
link building executive,1,0.01,7900
production department,1,0.01,7901
ca chartered accountant,1,0.01,7902
direct taxation,1,0.01,7903
application administration...,1,0.01,7904
analyst - service desk,1,0.01,7905
triage,1,0.01,7906
data loss prevention,1,0.01,7907
cognitive computing...,1,0.01,7908
furniture,1,0.01,7909
housing loan,1,0.01,7910
retail lending...,1,0.01,7911
auto loans,1,0.01,7912
financial ratios,1,0.01,7913
manager - marketing,1,0.01,7914
accounts payable analyst...,1,0.01,7915
accounts payable executive,1,0.01,7916
corporate branding,1,0.01,7917
classic asp,1,0.01,7918
active server pages,1,0.01,7919
prospect,1,0.01,7920
direct mail...,1,0.01,7921
managed services...,1,0.01,7922
defined contribution...,1,0.01,7923
defined benefits,1,0.01,7924
fica,1,0.01,7925
express cargo,1,0.01,7926
courier and transportation and warehousing...,1,0.01,7927
knowledge of office procedures,1,0.01,7928
familiarity with online calendars and cloud...,1,0.01,7929
video analyst,1,0.01,7930
protocol testing,1,0.01,7931
diameter...,1,0.01,7932
3gpp,1,0.01,7933
stock analysis...,1,0.01,7934
capital market operations,1,0.01,7935
hana 2.0 architecture...,1,0.01,7936
content analysis...,1,0.01,7937
ifrs model development,1,0.01,7938
communication coach,1,0.01,7939
v&a trainer...,1,0.01,7940
a r&d,1,0.01,7941
ad...,1,0.01,7942
related sustances,1,0.01,7943
crf,1,0.01,7944
statistician...,1,0.01,7945
firmware...,1,0.01,7946
assembly language,1,0.01,7947
dsp coding,1,0.01,7948
command center,1,0.01,7949
workforce analyst,1,0.01,7950
802.1q...,1,0.01,7951
ripv1,1,0.01,7952
fired heaters,1,0.01,7953
thermal and mechanical design,1,0.01,7954
reformers,1,0.01,7955
burners...,1,0.01,7956
linguistics,1,0.01,7957
interpreter,1,0.01,7958
market data analysis,1,0.01,7959
industry analysis reports,1,0.01,7960
dealer handling,1,0.01,7961
seo optimization,1,0.01,7962
claims adjudication,1,0.01,7963
mstp...,1,0.01,7964
service operations...,1,0.01,7965
b,1,0.01,7966
acccounts...,1,0.01,7967
it architecture...,1,0.01,7968
operating environments,1,0.01,7969
accounts reconciliation...,1,0.01,7970
content marketer,1,0.01,7971
asset valuation...,1,0.01,7972
quality testing,1,0.01,7973
japanese...,1,0.01,7974
payroll preparation,1,0.01,7975
data science python...,1,0.01,7976
sas reporting,1,0.01,7977
law enforcement,1,0.01,7978
baf fresher,1,0.01,7979
linear and non linear analysis of structures,1,0.01,7980
quantitative techniques,1,0.01,7981
biotechnologist,1,0.01,7982
bsc biotech...,1,0.01,7983
m tech biotech,1,0.01,7984
b tech biotech,1,0.01,7985
backlink building,1,0.01,7986
link builder research...,1,0.01,7987
link builder analyst,1,0.01,7988
statutory compliances,1,0.01,7989
ux designer,1,0.01,7990
visualizing,1,0.01,7991
designer,1,0.01,7992
eutx delivery project manager,1,0.01,7993
lean six sigma...,1,0.01,7994
reinsurance operations,1,0.01,7995
inside sales...,1,0.01,7996
documentation tools...,1,0.01,7997
inbound calls...,1,0.01,7998
sales order processing,1,0.01,7999
prepaid,1,0.01,8000
search engine optimization analysis,1,0.01,8001
seo expert...,1,0.01,8002
ivhm...,1,0.01,8003
civil...,1,0.01,8004
software architect,1,0.01,8005
pollution control...,1,0.01,8006
waste management,1,0.01,8007
model building,1,0.01,8008
wsdl,1,0.01,8009
data entry operator...,1,0.01,8010
label designing,1,0.01,8011
eu,1,0.01,8012
label design,1,0.01,8013
new packaging,1,0.01,8014
cfia,1,0.01,8015
aqis...,1,0.01,8016
online advertising...,1,0.01,8017
upph,1,0.01,8018
uph,1,0.01,8019
opex...,1,0.01,8020
line balancing,1,0.01,8021
business intelligence engineer,1,0.01,8022
retail finance,1,0.01,8023
manager - collections,1,0.01,8024
s,1,0.01,8025
health care services,1,0.01,8026
cobit,1,0.01,8027
supply...,1,0.01,8028
data business analyst,1,0.01,8029
numpy basics...,1,0.01,8030
fatigue analysis,1,0.01,8031
internet banking,1,0.01,8032
target oriented,1,0.01,8033
dhtml...,1,0.01,8034
php professional,1,0.01,8035
web analytic,1,0.01,8036
.net developer,1,0.01,8037
db2 dba,1,0.01,8038
db2 database administrator,1,0.01,8039
db2 udb dba,1,0.01,8040
asp dotnet,1,0.01,8041
ku,1,0.01,8042
ggsiu,1,0.01,8043
ansal,1,0.01,8044
mdu,1,0.01,8045
du,1,0.01,8046
lovely,1,0.01,8047
arya,1,0.01,8048
sol...,1,0.01,8049
poornima,1,0.01,8050
jnu,1,0.01,8051
uk calling...,1,0.01,8052
voice quality,1,0.01,8053
front office management,1,0.01,8054
commercial controller,1,0.01,8055
head commercial,1,0.01,8056
tender,1,0.01,8057
estimation...,1,0.01,8058
angular 5,1,0.01,8059
html 5,1,0.01,8060
dfc,1,0.01,8061
dql,1,0.01,8062
budgeting preparation...,1,0.01,8063
credit risk analysis...,1,0.01,8064
machine learning manager,1,0.01,8065
mpi...,1,0.01,8066
consumer electronics...,1,0.01,8067
peoplesoft hrms,1,0.01,8068
peoplesoft fscm,1,0.01,8069
investran,1,0.01,8070
inverstran,1,0.01,8071
benefits administration,1,0.01,8072
order...,1,0.01,8073
boiler...,1,0.01,8074
front- end,1,0.01,8075
ads agency,1,0.01,8076
manager - recruitment,1,0.01,8077
5g,1,0.01,8078
link...,1,0.01,8079
phonegap...,1,0.01,8080
sourcing management,1,0.01,8081
home care...,1,0.01,8082
jbehave,1,0.01,8083
security operations center analyst,1,0.01,8084
soc analyst...,1,0.01,8085
collection audit,1,0.01,8086
modeling python,1,0.01,8087
ppc analyst,1,0.01,8088
executive assistance...,1,0.01,8089
cosmetics,1,0.01,8090
beauty...,1,0.01,8091
salon,1,0.01,8092
counter sales,1,0.01,8093
programming strategy,1,0.01,8094
content developement,1,0.01,8095
consumer analyst,1,0.01,8096
web production,1,0.01,8097
digital imaging,1,0.01,8098
it market analysis...,1,0.01,8099
it market research,1,0.01,8100
automobile engineering,1,0.01,8101
mech,1,0.01,8102
aeronautical...,1,0.01,8103
software engineer- microstrategy_ chennai,1,0.01,8104
technical consulting,1,0.01,8105
technical strategy...,1,0.01,8106
salesforce development,1,0.01,8107
medical device,1,0.01,8108
detailing...,1,0.01,8109
record 2 report,1,0.01,8110
business process re - engineering...,1,0.01,8111
finance reporting,1,0.01,8112
cat,1,0.01,8113
machine learnin,1,0.01,8114
anlaytics,1,0.01,8115
information...,1,0.01,8116
windows os...,1,0.01,8117
client relationships,1,0.01,8118
mlt...,1,0.01,8119
sterility testing,1,0.01,8120
ui mock ups,1,0.01,8121
inside sales account manager...,1,0.01,8122
inside sales executive,1,0.01,8123
customer escalation,1,0.01,8124
hr planning...,1,0.01,8125
data entry operator operation,1,0.01,8126
commercial lending...,1,0.01,8127
hpcl,1,0.01,8128
giacitil v2 or v3 foundations training...,1,0.01,8129
cciso,1,0.01,8130
consultant - risk assurance services,1,0.01,8131
sap ui5,1,0.01,8132
hcp,1,0.01,8133
medical records,1,0.01,8134
pharma records,1,0.01,8135
physiotherapy...,1,0.01,8136
crm solutions,1,0.01,8137
equity market...,1,0.01,8138
medical transcription editor...,1,0.01,8139
online retail,1,0.01,8140
competition mapping,1,0.01,8141
fund flow analysis,1,0.01,8142
senior mis analyst,1,0.01,8143
mcse...,1,0.01,8144
randomization...,1,0.01,8145
csr review,1,0.01,8146
vuejs,1,0.01,8147
project control...,1,0.01,8148
non - linear analysis...,1,0.01,8149
linear analysis,1,0.01,8150
zfs,1,0.01,8151
server architecture...,1,0.01,8152
pardot,1,0.01,8153
campaign...,1,0.01,8154
psd,1,0.01,8155
2d animation,1,0.01,8156
ranking tools,1,0.01,8157
gurgaon,1,0.01,8158
webmaster,1,0.01,8159
delhi,1,0.01,8160
seo tools,1,0.01,8161
oracle erp,1,0.01,8162
nexpose,1,0.01,8163
aop,1,0.01,8164
analytics technology,1,0.01,8165
working...,1,0.01,8166
horeca,1,0.01,8167
fresher graduate...,1,0.01,8168
cash flow statement...,1,0.01,8169
security systems...,1,0.01,8170
brand solutions...,1,0.01,8171
pharmacy...,1,0.01,8172
doubleclick for publishers...,1,0.01,8173
real time analyst,1,0.01,8174
wfm analyst...,1,0.01,8175
b.tech...,1,0.01,8176
statistical techniques,1,0.01,8177
salesforce.com developer...,1,0.01,8178
sfdc developer,1,0.01,8179
sr. sfdc developer,1,0.01,8180
information developer,1,0.01,8181
dita...,1,0.01,8182
female...,1,0.01,8183
mathematical models,1,0.01,8184
commercial industry,1,0.01,8185
public sector,1,0.01,8186
hardware design,1,0.01,8187
six sigma certified,1,0.01,8188
call quality assurance...,1,0.01,8189
call quality control,1,0.01,8190
call qa,1,0.01,8191
mis dashboard,1,0.01,8192
reporting services...,1,0.01,8193
reconcillation,1,0.01,8194
financial planning and analysis,1,0.01,8195
interface developers,1,0.01,8196
debit cards,1,0.01,8197
manager research scientist,1,0.01,8198
data - modeling...,1,0.01,8199
retrofit,1,0.01,8200
sd module,1,0.01,8201
senior research analyst...,1,0.01,8202
social marketing...,1,0.01,8203
uima,1,0.01,8204
gate,1,0.01,8205
berkley,1,0.01,8206
stanford,1,0.01,8207
uv spectrophotometer,1,0.01,8208
ansi,1,0.01,8209
din,1,0.01,8210
astm,1,0.01,8211
geometry,1,0.01,8212
nx,1,0.01,8213
dmu,1,0.01,8214
seating,1,0.01,8215
exterior,1,0.01,8216
biw design,1,0.01,8217
bank liablities...,1,0.01,8218
dbm,1,0.01,8219
wages...,1,0.01,8220
interior designing,1,0.01,8221
interiors,1,0.01,8222
operational tax,1,0.01,8223
marathi...,1,0.01,8224
exit,1,0.01,8225
attendance management,1,0.01,8226
hrba,1,0.01,8227
head finance,1,0.01,8228
cfo...,1,0.01,8229
objective - c...,1,0.01,8230
logistics manager,1,0.01,8231
supply chain manager...,1,0.01,8232
ibm mdm,1,0.01,8233
mdm solution architect,1,0.01,8234
mdm solutrion,1,0.01,8235
proxy,1,0.01,8236
""" ; xpath""",1,0.01,8237
""" ; xslfo"" ;",1,0.01,8238
""" ; xslt"" ;",1,0.01,8239
datawarehousing tool...,1,0.01,8240
sql query,1,0.01,8241
sql server query,1,0.01,8242
specification,1,0.01,8243
storage...,1,0.01,8244
scsi,1,0.01,8245
sata,1,0.01,8246
prime time...,1,0.01,8247
timing,1,0.01,8248
material management...,1,0.01,8249
issue,1,0.01,8250
receiving,1,0.01,8251
spark programming,1,0.01,8252
supplier relationship...,1,0.01,8253
google apps...,1,0.01,8254
capacity building,1,0.01,8255
provar...,1,0.01,8256
compensation & benefit,1,0.01,8257
shared service,1,0.01,8258
ui engineer,1,0.01,8259
sass,1,0.01,8260
sales executive,1,0.01,8261
teams manager...,1,0.01,8262
teams leader,1,0.01,8263
map / reduce...,1,0.01,8264
hql,1,0.01,8265
work flow management,1,0.01,8266
blue pumpkin...,1,0.01,8267
adworld,1,0.01,8268
dao,1,0.01,8269
call forecasting,1,0.01,8270
bill of quantity,1,0.01,8271
stock borrow loan,1,0.01,8272
soapui,1,0.01,8273
rest assured...,1,0.01,8274
postman,1,0.01,8275
stakeholders interview,1,0.01,8276
key account handling,1,0.01,8277
fmcg sales...,1,0.01,8278
software sales...,1,0.01,8279
datastage...,1,0.01,8280
excellent communication...,1,0.01,8281
data - visualization,1,0.01,8282
sales tax,1,0.01,8283
dtp,1,0.01,8284
dso,1,0.01,8285
market forecasting,1,0.01,8286
engineering head,1,0.01,8287
profit centre operations...,1,0.01,8288
german,1,0.01,8289
german language specialist...,1,0.01,8290
wamp,1,0.01,8291
information systems analysts and consultants,1,0.01,8292
process training...,1,0.01,8293
business transformation...,1,0.01,8294
field...,1,0.01,8295
venture capital...,1,0.01,8296
bid preparation...,1,0.01,8297
client communication...,1,0.01,8298
fund audit,1,0.01,8299
master black belt,1,0.01,8300
arcgis desktop,1,0.01,8301
indirect taxes...,1,0.01,8302
merger and acquisition tax,1,0.01,8303
financial inclusion...,1,0.01,8304
referral marketing,1,0.01,8305
cordova...,1,0.01,8306
english language...,1,0.01,8307
adhoc testing,1,0.01,8308
support services,1,0.01,8309
mobile device management...,1,0.01,8310
business development lead...,1,0.01,8311
er...,1,0.01,8312
microsoft sql server,1,0.01,8313
microsoft visual studio,1,0.01,8314
sql coding,1,0.01,8315
statutory accounting,1,0.01,8316
r studio...,1,0.01,8317
cx insights specialist,1,0.01,8318
robotics...,1,0.01,8319
minitab,1,0.01,8320
business strategy formulation...,1,0.01,8321
nielsen,1,0.01,8322
object - oriented design...,1,0.01,8323
head - engineering,1,0.01,8324
dpr,1,0.01,8325
pmo executive,1,0.01,8326
project management office analyst,1,0.01,8327
key...,1,0.01,8328
field engineering...,1,0.01,8329
router,1,0.01,8330
modem,1,0.01,8331
wifi,1,0.01,8332
leased line,1,0.01,8333
oculus,1,0.01,8334
vr content,1,0.01,8335
htc vive,1,0.01,8336
vr developer,1,0.01,8337
hololens,1,0.01,8338
3d modelling...,1,0.01,8339
sla,1,0.01,8340
operation and calibration...,1,0.01,8341
water sampling & analysis,1,0.01,8342
phishing,1,0.01,8343
spam,1,0.01,8344
capital computation...,1,0.01,8345
crar,1,0.01,8346
capital adequacy,1,0.01,8347
credit risk analysis -,1,0.01,8348
data scientist -,1,0.01,8349
od interventions...,1,0.01,8350
google cloud computing platform...,1,0.01,8351
web designer,1,0.01,8352
risk policy...,1,0.01,8353
mortgages,1,0.01,8354
loan against property,1,0.01,8355
ncl forecast,1,0.01,8356
pa,1,0.01,8357
business intelliegence,1,0.01,8358
it development,1,0.01,8359
lc - icp,1,0.01,8360
leachables,1,0.01,8361
lc - ms,1,0.01,8362
check for finance requirements,1,0.01,8363
vehicle sales...,1,0.01,8364
analytical development...,1,0.01,8365
not specified,1,0.01,8366
coveo search,1,0.01,8367
helix habitat,1,0.01,8368
sfcc...,1,0.01,8369
application security code review - sac,1,0.01,8370
peoplesoft,1,0.01,8371
peopletools,1,0.01,8372
data summarizing,1,0.01,8373
uplc,1,0.01,8374
accounts receivable executive...,1,0.01,8375
liferay,1,0.01,8376
portlets,1,0.01,8377
bsc nurse,1,0.01,8378
physiotherapist,1,0.01,8379
compliance management,1,0.01,8380
accounts manager...,1,0.01,8381
audit manager,1,0.01,8382
map,1,0.01,8383
arc objects,1,0.01,8384
re - qualification,1,0.01,8385
21 cfr...,1,0.01,8386
ba...,1,0.01,8387
banking operation...,1,0.01,8388
data science expert,1,0.01,8389
statistical computing,1,0.01,8390
qa testing...,1,0.01,8391
software tester,1,0.01,8392
marking,1,0.01,8393
mnm,1,0.01,8394
catalog analyst,1,0.01,8395
search operations,1,0.01,8396
search ops,1,0.01,8397
retail merchandising,1,0.01,8398
cost...,1,0.01,8399
hard goods,1,0.01,8400
project co - ordinator...,1,0.01,8401
quality audit...,1,0.01,8402
successfactor,1,0.01,8403
ind as,1,0.01,8404
crm dynamics,1,0.01,8405
mobile app,1,0.01,8406
.net technology...,1,0.01,8407
accounts assistant...,1,0.01,8408
ca internaltional accounting...,1,0.01,8409
google cloud specialist,1,0.01,8410
manager - hr operations,1,0.01,8411
head - digital marketing,1,0.01,8412
etl developer...,1,0.01,8413
annual reports,1,0.01,8414
ind,1,0.01,8415
modeler...,1,0.01,8416
wealth...,1,0.01,8417
core web developer,1,0.01,8418
risk consulting...,1,0.01,8419
hajj and umrah packages...,1,0.01,8420
leisure holiday,1,0.01,8421
hotel booking,1,0.01,8422
assistant manager,1,0.01,8423
sales order,1,0.01,8424
power management...,1,0.01,8425
mm module,1,0.01,8426
injection moulding...,1,0.01,8427
plastic extrusion,1,0.01,8428
code review...,1,0.01,8429
data enrichment...,1,0.01,8430
sharepoint server,1,0.01,8431
msmq,1,0.01,8432
dot net programmer,1,0.01,8433
sap project systems,1,0.01,8434
sap ps,1,0.01,8435
""" ; insurance""",1,0.01,8436
""" ; business development"" ;",1,0.01,8437
product roadmap...,1,0.01,8438
solid state electronics...,1,0.01,8439
service engineer,1,0.01,8440
rostering...,1,0.01,8441
generators,1,0.01,8442
google adwordspage,1,0.01,8443
google webmaster...,1,0.01,8444
m pharmacy fresher,1,0.01,8445
b pharmacy fresher,1,0.01,8446
m pharm fresher,1,0.01,8447
m pharm,1,0.01,8448
sales promotion...,1,0.01,8449
prototype...,1,0.01,8450
java se,1,0.01,8451
web 2.0,1,0.01,8452
bioanalytical reporting,1,0.01,8453
credit approval...,1,0.01,8454
improvement activities,1,0.01,8455
ra,1,0.01,8456
document...,1,0.01,8457
aeronautical engineering,1,0.01,8458
wind energy,1,0.01,8459
ms word...,1,0.01,8460
voice analyst,1,0.01,8461
voice research,1,0.01,8462
balance...,1,0.01,8463
netapp storage,1,0.01,8464
dissolution...,1,0.01,8465
dealer development,1,0.01,8466
network development,1,0.01,8467
network application,1,0.01,8468
cybersecurity,1,0.01,8469
lan controller ...,1,0.01,8470
database analyst,1,0.01,8471
computer analyst /software developer,1,0.01,8472
employee orientation...,1,0.01,8473
transactional monitoring...,1,0.01,8474
functional test analyst...,1,0.01,8475
application deployment...,1,0.01,8476
rpm,1,0.01,8477
oee,1,0.01,8478
rejection analysis...,1,0.01,8479
asp net,1,0.01,8480
gap...,1,0.01,8481
maintenance engineering,1,0.01,8482
power plant...,1,0.01,8483
fraud detection,1,0.01,8484
cost management,1,0.01,8485
warranty,1,0.01,8486
property...,1,0.01,8487
good communications skills written & oral...,1,0.01,8488
sap sr. co functional,1,0.01,8489
co- product costing,1,0.01,8490
aa...,1,0.01,8491
isometrics...,1,0.01,8492
autocad 3d,1,0.01,8493
uvm,1,0.01,8494
p & l,1,0.01,8495
cost audit report,1,0.01,8496
tph,1,0.01,8497
marketing managerment...,1,0.01,8498
angular...,1,0.01,8499
business continuity...,1,0.01,8500
datawarehouse,1,0.01,8501
it online sales...,1,0.01,8502
variance,1,0.01,8503
rackspace,1,0.01,8504
qualtrics,1,0.01,8505
fundamental analysis...,1,0.01,8506
tax calculations...,1,0.01,8507
tax analysis,1,0.01,8508
tax laws,1,0.01,8509
pas tax -  analyst,1,0.01,8510
tax analyst,1,0.01,8511
international accounting,1,0.01,8512
spoken english,1,0.01,8513
category incharge,1,0.01,8514
manager - supply...,1,0.01,8515
order fulfillment,1,0.01,8516
finance transformation,1,0.01,8517
commissioning,1,0.01,8518
dg,1,0.01,8519
targetlink,1,0.01,8520
embedded c,1,0.01,8521
sil,1,0.01,8522
azure power...,1,0.01,8523
adf developer,1,0.01,8524
contracts management,1,0.01,8525
contract analyst,1,0.01,8526
cse,1,0.01,8527
base sas...,1,0.01,8528
""" ; back office operations"" ;",1,0.01,8529
""" ; operations"" ;",1,0.01,8530
sales executive...,1,0.01,8531
sales engineer,1,0.01,8532
motion graphics,1,0.01,8533
geneva,1,0.01,8534
simcorp,1,0.01,8535
test plan preparation...,1,0.01,8536
alteryx consultant...,1,0.01,8537
alteryx developer,1,0.01,8538
cfd...,1,0.01,8539
ansys workbench,1,0.01,8540
demand generation...,1,0.01,8541
msc 2016 pass...,1,0.01,8542
double click for publishers,1,0.01,8543
double click,1,0.01,8544
ansi c,1,0.01,8545
kom shell,1,0.01,8546
ict manager,1,0.01,8547
business architect,1,0.01,8548
telecommunication,1,0.01,8549
database configuration,1,0.01,8550
customer data analyst,1,0.01,8551
internet browsing,1,0.01,8552
content analyst,1,0.01,8553
hp...,1,0.01,8554
angular.js,1,0.01,8555
linq...,1,0.01,8556
property it helpdesk,1,0.01,8557
property helpdesk,1,0.01,8558
flash...,1,0.01,8559
zedo,1,0.01,8560
coverage banker,1,0.01,8561
e - commerece,1,0.01,8562
blueprism,1,0.01,8563
kofax,1,0.01,8564
uipath,1,0.01,8565
canada,1,0.01,8566
systems manager...,1,0.01,8567
creation,1,0.01,8568
business advisory,1,0.01,8569
android application development...,1,0.01,8570
recovery...,1,0.01,8571
awr,1,0.01,8572
entry level...,1,0.01,8573
international marketing...,1,0.01,8574
drupal...,1,0.01,8575
audit documentation,1,0.01,8576
insurance domain,1,0.01,8577
p&c insurance,1,0.01,8578
conceptualization,1,0.01,8579
usability...,1,0.01,8580
software product development...,1,0.01,8581
dimension,1,0.01,8582
iom,1,0.01,8583
typesetting,1,0.01,8584
prepress,1,0.01,8585
adobe acrobat...,1,0.01,8586
tableau analytics,1,0.01,8587
news writing,1,0.01,8588
shares,1,0.01,8589
factiva...,1,0.01,8590
ms azure...,1,0.01,8591
amazon aws,1,0.01,8592
digital marketing executive,1,0.01,8593
firebug...,1,0.01,8594
customer interactionunion,1,0.01,8595
sales account...,1,0.01,8596
model governance framework...,1,0.01,8597
accounts...,1,0.01,8598
online lead generation...,1,0.01,8599
customer success manager,1,0.01,8600
fertilizer,1,0.01,8601
operating model...,1,0.01,8602
profit optimization,1,0.01,8603
should cost,1,0.01,8604
should be costing...,1,0.01,8605
should costing,1,0.01,8606
business controller,1,0.01,8607
ar collections,1,0.01,8608
oracle business intelligence...,1,0.01,8609
protocol development...,1,0.01,8610
eda tools,1,0.01,8611
urban transport,1,0.01,8612
transport planner,1,0.01,8613
civil infrastructure...,1,0.01,8614
mainframe testing,1,0.01,8615
mainframes tester...,1,0.01,8616
accounts assistant,1,0.01,8617
native java...,1,0.01,8618
qa qc engineer,1,0.01,8619
bio statistician...,1,0.01,8620
retail measurement repair...,1,0.01,8621
retail measurement service,1,0.01,8622
visualisations,1,0.01,8623
animations...,1,0.01,8624
seo officer,1,0.01,8625
ppc officer,1,0.01,8626
placement coordinator...,1,0.01,8627
placement officer,1,0.01,8628
successfactors...,1,0.01,8629
document controller- qms...,1,0.01,8630
sales planning...,1,0.01,8631
electronics circuit analysis,1,0.01,8632
digital circuit analysis...,1,0.01,8633
finance and tax and audit,1,0.01,8634
commercial contracts...,1,0.01,8635
clearing,1,0.01,8636
amazon kinesis,1,0.01,8637
fi - gl,1,0.01,8638
profit centre...,1,0.01,8639
inpatient coding,1,0.01,8640
ip drg,1,0.01,8641
ip arg,1,0.01,8642
inpatient drg,1,0.01,8643
business process re...,1,0.01,8644
soa experience,1,0.01,8645
java8,1,0.01,8646
messaging queues,1,0.01,8647
technical business analyst,1,0.01,8648
creditors,1,0.01,8649
field executive,1,0.01,8650
br,1,0.01,8651
building,1,0.01,8652
field operations,1,0.01,8653
sterility,1,0.01,8654
sterile,1,0.01,8655
bet...,1,0.01,8656
mlt,1,0.01,8657
online lead generation,1,0.01,8658
sketch,1,0.01,8659
invision,1,0.01,8660
adobe suite,1,0.01,8661
fulltime...,1,0.01,8662
data sciences,1,0.01,8663
hse,1,0.01,8664
11g,1,0.01,8665
user survey,1,0.01,8666
network administration,1,0.01,8667
snmp...,1,0.01,8668
academic analyst...,1,0.01,8669
cloud engineers,1,0.01,8670
azure stream analytics,1,0.01,8671
sql analytics...,1,0.01,8672
h1b sales,1,0.01,8673
bench sales,1,0.01,8674
bench marketing,1,0.01,8675
bench business development,1,0.01,8676
mis generation...,1,0.01,8677
industrial marketing analysis,1,0.01,8678
lean...,1,0.01,8679
claims manager,1,0.01,8680
motor claims,1,0.01,8681
claims analyst,1,0.01,8682
projects execution,1,0.01,8683
agile master,1,0.01,8684
purchase to pay,1,0.01,8685
po 2 po,1,0.01,8686
model maintenance,1,0.01,8687
s - plus,1,0.01,8688
big data implementation lead,1,0.01,8689
product validation,1,0.01,8690
test plan creation,1,0.01,8691
copy writer...,1,0.01,8692
cds,1,0.01,8693
var modeling,1,0.01,8694
audit executive...,1,0.01,8695
ssh tunneling,1,0.01,8696
ssh,1,0.01,8697
proposal...,1,0.01,8698
senior software engineer,1,0.01,8699
engagement / brand manager,1,0.01,8700
full stack programmer,1,0.01,8701
full stack designer,1,0.01,8702
six sigma initiatives,1,0.01,8703
pharma selling...,1,0.01,8704
pmt,1,0.01,8705
new product launch,1,0.01,8706
confirmit...,1,0.01,8707
btech,1,0.01,8708
design analyst,1,0.01,8709
work measurement,1,0.01,8710
work sampling,1,0.01,8711
facility planning...,1,0.01,8712
lead...,1,0.01,8713
java j2ee,1,0.01,8714
business intelligence developer,1,0.01,8715
nist...,1,0.01,8716
economics...,1,0.01,8717
microsoft certified,1,0.01,8718
mcitp,1,0.01,8719
product support analyst,1,0.01,8720
murex credit risk,1,0.01,8721
murex market risk,1,0.01,8722
murex credit analysis...,1,0.01,8723
computer languages...,1,0.01,8724
insurance processing...,1,0.01,8725
technical support analyst - desktop support - hyderabad,1,0.01,8726
gis software,1,0.01,8727
field work...,1,0.01,8728
project procurement,1,0.01,8729
tax agent,1,0.01,8730
company auditor,1,0.01,8731
ls dyna,1,0.01,8732
sub assembly...,1,0.01,8733
ls prepost,1,0.01,8734
explicit & implicit analyses,1,0.01,8735
bi lifecycle...,1,0.01,8736
lead consultant,1,0.01,8737
java development...,1,0.01,8738
technical skills...,1,0.01,8739
legal operations...,1,0.01,8740
senior product manager,1,0.01,8741
nginx...,1,0.01,8742
3d printing...,1,0.01,8743
manager - process excellence & analytics,1,0.01,8744
double click for publishing,1,0.01,8745
moat...,1,0.01,8746
oas,1,0.01,8747
analyst sales,1,0.01,8748
head of dcl reconciliations,1,0.01,8749
advisory services analyst - hyderabad,1,0.01,8750
it procurement manager,1,0.01,8751
operation head,1,0.01,8752
insurance broking...,1,0.01,8753
java beans,1,0.01,8754
fabric,1,0.01,8755
denim,1,0.01,8756
accessories...,1,0.01,8757
spectroscopy,1,0.01,8758
analytical techniques...,1,0.01,8759
business analyst - robotics process automation - gurgaon,1,0.01,8760
equipment finance,1,0.01,8761
bu planning,1,0.01,8762
trading...,1,0.01,8763
strategy formulation,1,0.01,8764
ile,1,0.01,8765
rpgile,1,0.01,8766
clp,1,0.01,8767
iseries,1,0.01,8768
aldon,1,0.01,8769
bioinformatics...,1,0.01,8770
car manufacturing,1,0.01,8771
it sales...,1,0.01,8772
advertising trafficker,1,0.01,8773
ad trafficker,1,0.01,8774
digital ad trafficker,1,0.01,8775
dfp...,1,0.01,8776
manager corporate strategy,1,0.01,8777
customer service management...,1,0.01,8778
sales administration,1,0.01,8779
security compliance,1,0.01,8780
bsa...,1,0.01,8781
c sharp,1,0.01,8782
c #,1,0.01,8783
asp .net,1,0.01,8784
relationship,1,0.01,8785
sms,1,0.01,8786
data quality consultant is,1,0.01,8787
manager - insight & analytics,1,0.01,8788
sap concur analytics,1,0.01,8789
control plan,1,0.01,8790
8d analysis,1,0.01,8791
mrm,1,0.01,8792
middle office,1,0.01,8793
product engineering...,1,0.01,8794
sip...,1,0.01,8795
unified communications,1,0.01,8796
pstn,1,0.01,8797
idc,1,0.01,8798
storm,1,0.01,8799
preventive...,1,0.01,8800
cyber law...,1,0.01,8801
legal notices,1,0.01,8802
us process...,1,0.01,8803
full stack programmer...,1,0.01,8804
java fullstack,1,0.01,8805
advance sas,1,0.01,8806
sap b1,1,0.01,8807
mes,1,0.01,8808
database marketing...,1,0.01,8809
orchestration...,1,0.01,8810
mstr...,1,0.01,8811
dimensional modeling,1,0.01,8812
dwh concepts,1,0.01,8813
websphere mq...,1,0.01,8814
qa lead,1,0.01,8815
software project,1,0.01,8816
background verification...,1,0.01,8817
vat...,1,0.01,8818
case processing,1,0.01,8819
commerce...,1,0.01,8820
aws iam,1,0.01,8821
aws data analytics,1,0.01,8822
cloud architecture,1,0.01,8823
windows mobile...,1,0.01,8824
tender analysis...,1,0.01,8825
south africa,1,0.01,8826
sales business analyst,1,0.01,8827
product communication,1,0.01,8828
ppc / sem expert,1,0.01,8829
power business intelligence,1,0.01,8830
mcx,1,0.01,8831
csa,1,0.01,8832
mohali,1,0.01,8833
customer support associate,1,0.01,8834
senior customer support associate,1,0.01,8835
merchandise planning,1,0.01,8836
fashion retail,1,0.01,8837
tolap,1,0.01,8838
visualization...,1,0.01,8839
floor management...,1,0.01,8840
company analysis,1,0.01,8841
jax -...,1,0.01,8842
catastropohe modekling...,1,0.01,8843
audits...,1,0.01,8844
internal audits,1,0.01,8845
consultant - risk management,1,0.01,8846
firebase,1,0.01,8847
webservices...,1,0.01,8848
product configuration,1,0.01,8849
""" ; mathematics"" ; ...",1,0.01,8850
""" ; python"" ;",1,0.01,8851
""" ; c++"" ;",1,0.01,8852
msc micro,1,0.01,8853
b.sc micro,1,0.01,8854
marketing lead,1,0.01,8855
apprentice leader,1,0.01,8856
social media analytics,1,0.01,8857
forensic investigations,1,0.01,8858
lean six...,1,0.01,8859
schematic...,1,0.01,8860
mixed signal design,1,0.01,8861
sharepoint...,1,0.01,8862
associate process analyst,1,0.01,8863
offline...,1,0.01,8864
cross sell risk solutions,1,0.01,8865
advanced ms excel,1,0.01,8866
gas chromatography,1,0.01,8867
sap bi / bw,1,0.01,8868
msc 2016 pass,1,0.01,8869
msc 2017 pass...,1,0.01,8870
fraud strategy,1,0.01,8871
direct & indirect tax compliances,1,0.01,8872
financial statement preparation...,1,0.01,8873
people orientation...,1,0.01,8874
api analyst,1,0.01,8875
active pharmaceutical ingredient...,1,0.01,8876
report development,1,0.01,8877
l2...,1,0.01,8878
nsm,1,0.01,8879
cluster...,1,0.01,8880
capital expenditure...,1,0.01,8881
plastic...,1,0.01,8882
finished goods,1,0.01,8883
quality officer,1,0.01,8884
financial s,1,0.01,8885
pe,1,0.01,8886
search engine optimization expert,1,0.01,8887
stress test modeling...,1,0.01,8888
wfm...,1,0.01,8889
category planning,1,0.01,8890
category planning analyst,1,0.01,8891
dft...,1,0.01,8892
ic design,1,0.01,8893
training analysis...,1,0.01,8894
price negotiation...,1,0.01,8895
new vendor development,1,0.01,8896
fraud monitoring...,1,0.01,8897
synopsys...,1,0.01,8898
p&l management...,1,0.01,8899
skill development...,1,0.01,8900
industrial training,1,0.01,8901
hospital summarizer,1,0.01,8902
uhg...,1,0.01,8903
medical summarizer,1,0.01,8904
corporate,1,0.01,8905
ecb,1,0.01,8906
php mysql,1,0.01,8907
real estate construction,1,0.01,8908
handling civil...,1,0.01,8909
automobile...,1,0.01,8910
diesel engines...,1,0.01,8911
hr assistance,1,0.01,8912
office secretary,1,0.01,8913
business hr...,1,0.01,8914
document verification,1,0.01,8915
graduate fresher...,1,0.01,8916
machine maintenance,1,0.01,8917
machine operating...,1,0.01,8918
panel designing,1,0.01,8919
control panel...,1,0.01,8920
commercial activities,1,0.01,8921
appscan,1,0.01,8922
burpsuite...,1,0.01,8923
google app engine,1,0.01,8924
language reviewer...,1,0.01,8925
english language trainer,1,0.01,8926
e - filing...,1,0.01,8927
processor architecture...,1,0.01,8928
cms...,1,0.01,8929
sops,1,0.01,8930
service request management...,1,0.01,8931
internal controls...,1,0.01,8932
reverse takeover,1,0.01,8933
configuring,1,0.01,8934
power distribution,1,0.01,8935
apdrp,1,0.01,8936
power sector,1,0.01,8937
lld...,1,0.01,8938
detail design...,1,0.01,8939
academic...,1,0.01,8940
mis updation,1,0.01,8941
linear algebra,1,0.01,8942
summary statistics...,1,0.01,8943
hypothesis testing,1,0.01,8944
valve,1,0.01,8945
value,1,0.01,8946
component,1,0.01,8947
sheet,1,0.01,8948
piping material engineer,1,0.01,8949
""" ; business analyst""",1,0.01,8950
""" ; data warehousing"" ;",1,0.01,8951
policy & advocacy manager,1,0.01,8952
organizational strategy.,1,0.01,8953
strategic development,1,0.01,8954
direct tax...,1,0.01,8955
customer service operations...,1,0.01,8956
design & programming,1,0.01,8957
social media analytics...,1,0.01,8958
service quality...,1,0.01,8959
aso,1,0.01,8960
quality initiatives,1,0.01,8961
qc management...,1,0.01,8962
sponsorship selling,1,0.01,8963
sponsorship marketing...,1,0.01,8964
competitive benchmarking,1,0.01,8965
agile process,1,0.01,8966
collaboration,1,0.01,8967
performance monitoring,1,0.01,8968
nwdi,1,0.01,8969
talent engagement...,1,0.01,8970
revenue recognition...,1,0.01,8971
law...,1,0.01,8972
upselling,1,0.01,8973
transcriber,1,0.01,8974
call listening,1,0.01,8975
private cloud,1,0.01,8976
active directory administration,1,0.01,8977
it infrastructure support,1,0.01,8978
unix shell scripting...,1,0.01,8979
proactively analyze issues,1,0.01,8980
resolving employee queries...,1,0.01,8981
functional testing analysis,1,0.01,8982
regulatory...,1,0.01,8983
customer audits,1,0.01,8984
iso 13485,1,0.01,8985
prakash international,1,0.01,8986
symrise...,1,0.01,8987
connell,1,0.01,8988
new initiatives...,1,0.01,8989
research skills,1,0.01,8990
graduate...,1,0.01,8991
wires,1,0.01,8992
testing tools...,1,0.01,8993
patent litigation,1,0.01,8994
patent prosecution...,1,0.01,8995
skills...,1,0.01,8996
keyboard,1,0.01,8997
transaction management,1,0.01,8998
transaction services...,1,0.01,8999
archer,1,0.01,9000
qroc...,1,0.01,9001
soar,1,0.01,9002
annual reports...,1,0.01,9003
implementation...,1,0.01,9004
environment testing,1,0.01,9005
air testing...,1,0.01,9006
nox,1,0.01,9007
freight forwarding rate,1,0.01,9008
shipping rate...,1,0.01,9009
freight forwarding,1,0.01,9010
freight rate,1,0.01,9011
bug tracking,1,0.01,9012
cxo...,1,0.01,9013
continuous...,1,0.01,9014
business analyst adm,1,0.01,9015
scripting language,1,0.01,9016
cyber forensics...,1,0.01,9017
manager client servicing,1,0.01,9018
buyer activities...,1,0.01,9019
creative solutions...,1,0.01,9020
fixed income derivatives...,1,0.01,9021
knitted,1,0.01,9022
noida,1,0.01,9023
account receivable,1,0.01,9024
secondary research market research,1,0.01,9025
end user support,1,0.01,9026
amazon...,1,0.01,9027
contracting,1,0.01,9028
amc,1,0.01,9029
dealing,1,0.01,9030
functionality testing,1,0.01,9031
data integrator,1,0.01,9032
information research...,1,0.01,9033
reactnative,1,0.01,9034
reactjs,1,0.01,9035
functional support,1,0.01,9036
fire safety...,1,0.01,9037
los,1,0.01,9038
loan management systems,1,0.01,9039
loan orignation...,1,0.01,9040
digital certificates,1,0.01,9041
relationship building...,1,0.01,9042
international taxation...,1,0.01,9043
jasper reports,1,0.01,9044
software troubleshooting,1,0.01,9045
four wheeler,1,0.01,9046
vehicle,1,0.01,9047
external reporting...,1,0.01,9048
adobe cq5,1,0.01,9049
process implementation,1,0.01,9050
fabrication,1,0.01,9051
spare parts...,1,0.01,9052
enterprise business,1,0.01,9053
international banking,1,0.01,9054
chat application support,1,0.01,9055
british telecom,1,0.01,9056
fatigu and damage tolerance analysis...,1,0.01,9057
f&dt,1,0.01,9058
microsoft hdinsight...,1,0.01,9059
no - sql databases,1,0.01,9060
quality orientation...,1,0.01,9061
business process management...,1,0.01,9062
call coordinator...,1,0.01,9063
pcb,1,0.01,9064
spice,1,0.01,9065
spice modeling,1,0.01,9066
dev...,1,0.01,9067
dev ops,1,0.01,9068
data tables...,1,0.01,9069
dedicated...,1,0.01,9070
positive attitude & self disciplined,1,0.01,9071
skillful & result oriented,1,0.01,9072
consumer behaviour,1,0.01,9073
sil...,1,0.01,9074
stlc...,1,0.01,9075
collaterals...,1,0.01,9076
product implementation,1,0.01,9077
sez,1,0.01,9078
usa mortgage,1,0.01,9079
mbs...,1,0.01,9080
product optimization...,1,0.01,9081
data controller,1,0.01,9082
sales invoice,1,0.01,9083
study director,1,0.01,9084
tox,1,0.01,9085
toxicity...,1,0.01,9086
oecd,1,0.01,9087
qa engineer,1,0.01,9088
qa analyst...,1,0.01,9089
business analyst - gurgaon,1,0.01,9090
usgaap,1,0.01,9091
monetary accounting,1,0.01,9092
rtr closing admin analyst,1,0.01,9093
functional safety,1,0.01,9094
bcms,1,0.01,9095
onboarding ee,1,0.01,9096
r&r,1,0.01,9097
reawrd...,1,0.01,9098
rfi response,1,0.01,9099
rfp/ rfi,1,0.01,9100
dmfi,1,0.01,9101
feasibility study...,1,0.01,9102
dmfi feasibility study - individual consultant,1,0.01,9103
engineer - email security,1,0.01,9104
antispam,1,0.01,9105
recruitment and staffing,1,0.01,9106
human resources,1,0.01,9107
meta - data modeling,1,0.01,9108
eauction,1,0.01,9109
institutional equity reserach analyst,1,0.01,9110
threading...,1,0.01,9111
nfc,1,0.01,9112
purchase planning,1,0.01,9113
applications...,1,0.01,9114
product lifecycle...,1,0.01,9115
product developer,1,0.01,9116
success,1,0.01,9117
fresher trainee,1,0.01,9118
fresher engineer...,1,0.01,9119
technical publication,1,0.01,9120
head finance & accounts...,1,0.01,9121
charted accountant,1,0.01,9122
predictive dialing...,1,0.01,9123
predictive,1,0.01,9124
dialer manager,1,0.01,9125
shortlisting...,1,0.01,9126
e / m coding,1,0.01,9127
e / m coder,1,0.01,9128
market operations,1,0.01,9129
credit approval,1,0.01,9130
credit approval memo...,1,0.01,9131
qtp...,1,0.01,9132
oracle workflow,1,0.01,9133
rice...,1,0.01,9134
mantis...,1,0.01,9135
dynamic leader,1,0.01,9136
web services os,1,0.01,9137
publicity,1,0.01,9138
business head services,1,0.01,9139
general manager services sales...,1,0.01,9140
enhancements,1,0.01,9141
solaris,1,0.01,9142
java / j2ee project...,1,0.01,9143
java / j2ee developmen,1,0.01,9144
pci,1,0.01,9145
xilinx,1,0.01,9146
altera,1,0.01,9147
fpga design,1,0.01,9148
human capital...,1,0.01,9149
vxml,1,0.01,9150
wtp,1,0.01,9151
mld,1,0.01,9152
water,1,0.01,9153
sewer,1,0.01,9154
team,1,0.01,9155
leader,1,0.01,9156
pipeline,1,0.01,9157
sas text mining,1,0.01,9158
sas viya,1,0.01,9159
sas vdmml,1,0.01,9160
ppap...,1,0.01,9161
pfmea,1,0.01,9162
entrepreneur,1,0.01,9163
asset modelling,1,0.01,9164
numerical analysis,1,0.01,9165
japanese language expert...,1,0.01,9166
japanese interpreter,1,0.01,9167
wind,1,0.01,9168
project engineering...,1,0.01,9169
controller,1,0.01,9170
site engineering,1,0.01,9171
fire fighting,1,0.01,9172
fintech,1,0.01,9173
graduates legal,1,0.01,9174
graduates...,1,0.01,9175
freshers legal,1,0.01,9176
client servicing executive,1,0.01,9177
retail outlets,1,0.01,9178
mba writer...,1,0.01,9179
media,1,0.01,9180
media monitoring,1,0.01,9181
dockets,1,0.01,9182
patent filing,1,0.01,9183
ip admin,1,0.01,9184
product trainer...,1,0.01,9185
communication deputy manager...,1,0.01,9186
communication manager,1,0.01,9187
merchant services...,1,0.01,9188
performance reporting...,1,0.01,9189
installation,1,0.01,9190
patch management,1,0.01,9191
ts multiple locations,1,0.01,9192
senior business analyst - hyderabad,1,0.01,9193
infrastructure...,1,0.01,9194
cart,1,0.01,9195
c# .net,1,0.01,9196
project communications,1,0.01,9197
ecommerce...,1,0.01,9198
vendor negotiation,1,0.01,9199
database architecture,1,0.01,9200
drug discovery,1,0.01,9201
drm,1,0.01,9202
risk & fraud,1,0.01,9203
risk investigation,1,0.01,9204
mystery...,1,0.01,9205
fraud,1,0.01,9206
product trainer,1,0.01,9207
date research,1,0.01,9208
electrical projects,1,0.01,9209
hr mba...,1,0.01,9210
saml,1,0.01,9211
adfs,1,0.01,9212
team manager,1,0.01,9213
cfs...,1,0.01,9214
exim,1,0.01,9215
associate - sap bpc,1,0.01,9216
ms dynamics 365,1,0.01,9217
automation testing ms crm...,1,0.01,9218
msd 365 tester,1,0.01,9219
interconnect,1,0.01,9220
oss / bss,1,0.01,9221
roaming,1,0.01,9222
mobile banking,1,0.01,9223
web hosting production support...,1,0.01,9224
web hosting support,1,0.01,9225
server side...,1,0.01,9226
manager crm,1,0.01,9227
customer relations,1,0.01,9228
database security,1,0.01,9229
nt...,1,0.01,9230
internal communication...,1,0.01,9231
guest blogging,1,0.01,9232
guest posting,1,0.01,9233
distributor sales,1,0.01,9234
data patterns...,1,0.01,9235
bug life cycle,1,0.01,9236
ctd,1,0.01,9237
ckup,1,0.01,9238
vm ware...,1,0.01,9239
it skills...,1,0.01,9240
forex operations...,1,0.01,9241
liquidity,1,0.01,9242
chemical analyst,1,0.01,9243
chemical research,1,0.01,9244
chemical r&d,1,0.01,9245
quality assurance engineer,1,0.01,9246
mobile automation testing,1,0.01,9247
transport management...,1,0.01,9248
wholesale banking...,1,0.01,9249
anova...,1,0.01,9250
coupa,1,0.01,9251
genome,1,0.01,9252
erp testing,1,0.01,9253
documentation executive,1,0.01,9254
es6,1,0.01,9255
improvement initiatives,1,0.01,9256
exit analysis...,1,0.01,9257
bhr,1,0.01,9258
pof,1,0.01,9259
desktop,1,0.01,9260
tableau server,1,0.01,9261
intermediate,1,0.01,9262
intermediate manufacturing,1,0.01,9263
consultant - machine learning,1,0.01,9264
agile software development...,1,0.01,9265
selection process,1,0.01,9266
product innovation...,1,0.01,9267
apc,1,0.01,9268
physical verification...,1,0.01,9269
pmt...,1,0.01,9270
service...,1,0.01,9271
domestic marketing,1,0.01,9272
sales support specialist,1,0.01,9273
sugarcrm...,1,0.01,9274
data reconciliation,1,0.01,9275
hoovers,1,0.01,9276
fosster,1,0.01,9277
knowledge...,1,0.01,9278
capacity,1,0.01,9279
i - server...,1,0.01,9280
commercial underwriting...,1,0.01,9281
storyboarding,1,0.01,9282
senior process associate,1,0.01,9283
bonds,1,0.01,9284
reuters...,1,0.01,9285
decision making,1,0.01,9286
data services...,1,0.01,9287
skill matrix...,1,0.01,9288
martech,1,0.01,9289
sumtotal,1,0.01,9290
saba,1,0.01,9291
cornerstone,1,0.01,9292
saba classroom...,1,0.01,9293
redis...,1,0.01,9294
sales insurance,1,0.01,9295
recovery management,1,0.01,9296
qa qc chemist,1,0.01,9297
lab analysis,1,0.01,9298
qc lab chemist,1,0.01,9299
azure data lake analytics...,1,0.01,9300
tourism,1,0.01,9301
tours,1,0.01,9302
travel management...,1,0.01,9303
travels,1,0.01,9304
fire protection,1,0.01,9305
service level...,1,0.01,9306
blade,1,0.01,9307
aero structural,1,0.01,9308
turbine design,1,0.01,9309
rotor,1,0.01,9310
information technology support...,1,0.01,9311
credit risk iii...,1,0.01,9312
market researcher analyst,1,0.01,9313
dhcp,1,0.01,9314
snmp,1,0.01,9315
derivative operations,1,0.01,9316
forensic audit...,1,0.01,9317
aptean,1,0.01,9318
project proposal,1,0.01,9319
web analytics manage,1,0.01,9320
defect tracking...,1,0.01,9321
customer master,1,0.01,9322
solid orals,1,0.01,9323
distribution system,1,0.01,9324
email security,1,0.01,9325
metadata management,1,0.01,9326
fermentation,1,0.01,9327
upstream,1,0.01,9328
cell culture,1,0.01,9329
regulatory filling,1,0.01,9330
abaqus...,1,0.01,9331
pro - mechanica,1,0.01,9332
raw material procurement,1,0.01,9333
restful web apis...,1,0.01,9334
sssr,1,0.01,9335
logistics operations...,1,0.01,9336
scipy...,1,0.01,9337
naivebayes,1,0.01,9338
version...,1,0.01,9339
breakdown maintenance,1,0.01,9340
erection commissioning...,1,0.01,9341
performance improvement...,1,0.01,9342
team coordination...,1,0.01,9343
good analytical skills,1,0.01,9344
good presentation and behavioral skills,1,0.01,9345
center...,1,0.01,9346
azure data factory...,1,0.01,9347
enhancement...,1,0.01,9348
tender costing...,1,0.01,9349
tender acquition,1,0.01,9350
speech analytics,1,0.01,9351
hr fresher...,1,0.01,9352
hpsm,1,0.01,9353
incident and change management,1,0.01,9354
telecom billing,1,0.01,9355
ecm...,1,0.01,9356
microsoft dynamics nav,1,0.01,9357
dynamics crm,1,0.01,9358
lab devices...,1,0.01,9359
lab instrument,1,0.01,9360
laborator instrument,1,0.01,9361
laboratory instrument,1,0.01,9362
kpi analysis...,1,0.01,9363
six sigma certified...,1,0.01,9364
customer service representative...,1,0.01,9365
customer care executive,1,0.01,9366
qa automation,1,0.01,9367
moodle,1,0.01,9368
cat modelling,1,0.01,9369
cat...,1,0.01,9370
tech associate...,1,0.01,9371
senior...,1,0.01,9372
bank...,1,0.01,9373
oracle dba...,1,0.01,9374
patching,1,0.01,9375
pareto,1,0.01,9376
sterling commerce,1,0.01,9377
onsite support,1,0.01,9378
24x7,1,0.01,9379
digital banking portaflio,1,0.01,9380
is audit...,1,0.01,9381
risk manager,1,0.01,9382
isg,1,0.01,9383
dot net frameworks,1,0.01,9384
master data...,1,0.01,9385
online marketing  ...,1,0.01,9386
discrete manufacturing,1,0.01,9387
sales quality auditor...,1,0.01,9388
sales quality analyst,1,0.01,9389
demand generation,1,0.01,9390
assessing...,1,0.01,9391
documemtation,1,0.01,9392
certification,1,0.01,9393
agricultural,1,0.01,9394
reference data...,1,0.01,9395
antimon,1,0.01,9396
software project management,1,0.01,9397
head of projects,1,0.01,9398
health...,1,0.01,9399
occupational health,1,0.01,9400
health care,1,0.01,9401
oracle hrms functional consultant...,1,0.01,9402
oracle h,1,0.01,9403
workflow management,1,0.01,9404
appian,1,0.01,9405
billing engineer,1,0.01,9406
work permit...,1,0.01,9407
business communication,1,0.01,9408
telecom sales,1,0.01,9409
oracle identity manager...,1,0.01,9410
consultant / senior consultant / managers,1,0.01,9411
ml engineer,1,0.01,9412
cloud nl api,1,0.01,9413
operation,1,0.01,9414
non it,1,0.01,9415
va,1,0.01,9416
socket programming,1,0.01,9417
threads,1,0.01,9418
swing,1,0.01,9419
ict business analyst,1,0.01,9420
ict system analyst,1,0.01,9421
mis officer...,1,0.01,9422
article submission...,1,0.01,9423
blog submission,1,0.01,9424
php web developer...,1,0.01,9425
project enhancement...,1,0.01,9426
office...,1,0.01,9427
microbiological r&d...,1,0.01,9428
microbiological analysis,1,0.01,9429
microbiological research,1,0.01,9430
consumer analytics...,1,0.01,9431
telerik,1,0.01,9432
seo trainee,1,0.01,9433
agile testing...,1,0.01,9434
soc research analyst,1,0.01,9435
asic research analyst,1,0.01,9436
it manager,1,0.01,9437
work flow management analyst...,1,0.01,9438
work force management analyst,1,0.01,9439
network topologies...,1,0.01,9440
data interpretation...,1,0.01,9441
it recruitment...,1,0.01,9442
qa tester,1,0.01,9443
srl,1,0.01,9444
profiling,1,0.01,9445
thermal engineering...,1,0.01,9446
tp management schools,1,0.01,9447
sp jain,1,0.01,9448
symbiosis,1,0.01,9449
gas...,1,0.01,9450
estimator,1,0.01,9451
big data engineer...,1,0.01,9452
it service desk analyst...,1,0.01,9453
google cloud rackspace...,1,0.01,9454
procurement executive...,1,0.01,9455
sales analyst,1,0.01,9456
clinical sas programing,1,0.01,9457
clinical,1,0.01,9458
cdisc,1,0.01,9459
connect...,1,0.01,9460
technical process...,1,0.01,9461
shared services...,1,0.01,9462
test automation,1,0.01,9463
test estimation,1,0.01,9464
""" ; financial reporting"" ;",1,0.01,9465
fina...,1,0.01,9466
people development,1,0.01,9467
athena,1,0.01,9468
amazon redshift...,1,0.01,9469
timber,1,0.01,9470
forestry,1,0.01,9471
international trade...,1,0.01,9472
wood,1,0.01,9473
territory modeling specialist...,1,0.01,9474
sales mis,1,0.01,9475
dra api,1,0.01,9476
research associate dra api...,1,0.01,9477
dra dmf,1,0.01,9478
budget preparation...,1,0.01,9479
ppc specialist,1,0.01,9480
process enhancement...,1,0.01,9481
botany,1,0.01,9482
medical coder...,1,0.01,9483
test design...,1,0.01,9484
transaction services,1,0.01,9485
core java developer,1,0.01,9486
core java / j2ee developer,1,0.01,9487
dies,1,0.01,9488
officer,1,0.01,9489
portfolio administration,1,0.01,9490
loan officer,1,0.01,9491
instrumental analysis...,1,0.01,9492
laboratory material,1,0.01,9493
labeling,1,0.01,9494
modular kitchen,1,0.01,9495
modular sales...,1,0.01,9496
furniture sales,1,0.01,9497
connex,1,0.01,9498
epoc,1,0.01,9499
base 24,1,0.01,9500
eft,1,0.01,9501
safety officer activities,1,0.01,9502
fire fighting...,1,0.01,9503
process industry,1,0.01,9504
packing material...,1,0.01,9505
vendor audit,1,0.01,9506
test strategy...,1,0.01,9507
manager business analysis,1,0.01,9508
clinical operations,1,0.01,9509
kore.ai,1,0.01,9510
luis,1,0.01,9511
watson,1,0.01,9512
chat bot,1,0.01,9513
ms bot framework,1,0.01,9514
it operations,1,0.01,9515
work order,1,0.01,9516
contract administration,1,0.01,9517
tcode,1,0.01,9518
fast track...,1,0.01,9519
plugins...,1,0.01,9520
canvas,1,0.01,9521
wbt...,1,0.01,9522
legal consultancy,1,0.01,9523
soft skills trainer...,1,0.01,9524
medical coding executive...,1,0.01,9525
phd spss and statistical analysis...,1,0.01,9526
doctorate scholar,1,0.01,9527
webform,1,0.01,9528
fund reconciliation,1,0.01,9529
underwriting experience,1,0.01,9530
product mapping,1,0.01,9531
certified scrum master...,1,0.01,9532
claim submission,1,0.01,9533
rejection handling...,1,0.01,9534
seo marketing,1,0.01,9535
analyticshtml css,1,0.01,9536
road shows...,1,0.01,9537
bpma,1,0.01,9538
data league...,1,0.01,9539
evw,1,0.01,9540
layers,1,0.01,9541
hling  queries...,1,0.01,9542
dairy products,1,0.01,9543
receivable management,1,0.01,9544
glassfish,1,0.01,9545
petty cash...,1,0.01,9546
public policy,1,0.01,9547
networking skills...,1,0.01,9548
system design...,1,0.01,9549
netinsight,1,0.01,9550
badis,1,0.01,9551
bapis,1,0.01,9552
scala programming...,1,0.01,9553
scala developer,1,0.01,9554
amazon ec2,1,0.01,9555
lambda...,1,0.01,9556
sales mis...,1,0.01,9557
operational,1,0.01,9558
feature...,1,0.01,9559
prtg...,1,0.01,9560
scom 2012 / 2016,1,0.01,9561
sitescope,1,0.01,9562
oms,1,0.01,9563
directing,1,0.01,9564
online product management...,1,0.01,9565
head - product management,1,0.01,9566
end...,1,0.01,9567
system support,1,0.01,9568
call center jobs...,1,0.01,9569
event operations,1,0.01,9570
parking,1,0.01,9571
roadmap,1,0.01,9572
liquent,1,0.01,9573
insight publishing,1,0.01,9574
insight epub,1,0.01,9575
isi toolbox...,1,0.01,9576
telco,1,0.01,9577
key accounts manager...,1,0.01,9578
checkpoint,1,0.01,9579
pix...,1,0.01,9580
asp net...,1,0.01,9581
uv spectrometer...,1,0.01,9582
product software engineering services...,1,0.01,9583
on boarding,1,0.01,9584
on - boarding,1,0.01,9585
language editor,1,0.01,9586
industrial design,1,0.01,9587
aerospike,1,0.01,9588
network penetration testing,1,0.01,9589
yaml,1,0.01,9590
linux system admin,1,0.01,9591
bi publisher,1,0.01,9592
business analyst and tester...,1,0.01,9593
netcool webtop,1,0.01,9594
chief intelligence officer,1,0.01,9595
tpf,1,0.01,9596
tpfc,1,0.01,9597
assembler,1,0.01,9598
tpfdf,1,0.01,9599
senior travel analyst,1,0.01,9600
travel assistant,1,0.01,9601
gds...,1,0.01,9602
travel analyst,1,0.01,9603
ricew,1,0.01,9604
oracle 11 i / r.12,1,0.01,9605
ebs...,1,0.01,9606
erp functional analyst,1,0.01,9607
soft skill,1,0.01,9608
business system...,1,0.01,9609
process consulting...,1,0.01,9610
paid search manager,1,0.01,9611
nutritionist & dietetics,1,0.01,9612
fresher job...,1,0.01,9613
cq5...,1,0.01,9614
financial report writing,1,0.01,9615
partner management...,1,0.01,9616
retail liabilities,1,0.01,9617
retail risk strategy,1,0.01,9618
marketing research...,1,0.01,9619
terminal operations,1,0.01,9620
insurance claims...,1,0.01,9621
product design engineering,1,0.01,9622
big data technologies,1,0.01,9623
business process analysis...,1,0.01,9624
oracle financial functional consultant,1,0.01,9625
india localization,1,0.01,9626
creative...,1,0.01,9627
career planning,1,0.01,9628
travel consultant,1,0.01,9629
travel executive...,1,0.01,9630
ticketing executive,1,0.01,9631
access control,1,0.01,9632
sap grc consultant,1,0.01,9633
talend...,1,0.01,9634
consultant to advise us on formulations for...,1,0.01,9635
looking for full time employee,1,0.01,9636
company auditor ...,1,0.01,9637
trade...,1,0.01,9638
energy efficiency,1,0.01,9639
usa payroll,1,0.01,9640
australia payroll...,1,0.01,9641
male nurse...,1,0.01,9642
nurse,1,0.01,9643
nursing,1,0.01,9644
staff nurse,1,0.01,9645
gnm,1,0.01,9646
mar...,1,0.01,9647
new solution,1,0.01,9648
price management,1,0.01,9649
solution research,1,0.01,9650
jewellery consultant...,1,0.01,9651
analytics certification,1,0.01,9652
google webmaster tools...,1,0.01,9653
etl/ informatica,1,0.01,9654
benefits...,1,0.01,9655
digital insights,1,0.01,9656
kisssoft,1,0.01,9657
gear box,1,0.01,9658
gearbox,1,0.01,9659
management accounting...,1,0.01,9660
elc,1,0.01,9661
security monitoring...,1,0.01,9662
pneumatics,1,0.01,9663
electro - pneumatics...,1,0.01,9664
anti - money laundering,1,0.01,9665
sas aml,1,0.01,9666
sas aml developer,1,0.01,9667
revenue analysis...,1,0.01,9668
inbound customer service,1,0.01,9669
domestic process...,1,0.01,9670
material requirement planning,1,0.01,9671
trend forecasting...,1,0.01,9672
invoice process,1,0.01,9673
scanning,1,0.01,9674
barcode,1,0.01,9675
flex...,1,0.01,9676
service industry...,1,0.01,9677
m3 erp,1,0.01,9678
credit recovery...,1,0.01,9679
swaps,1,0.01,9680
credit derivatives,1,0.01,9681
propert & casualty,1,0.01,9682
gitlab,1,0.01,9683
investment processes,1,0.01,9684
fod,1,0.01,9685
apron discipline,1,0.01,9686
annexure 14,1,0.01,9687
actuarial manager,1,0.01,9688
pricing analyst...,1,0.01,9689
product consultant,1,0.01,9690
professor activities,1,0.01,9691
reverse logistics,1,0.01,9692
8076014360,1,0.01,9693
technical sales specialist...,1,0.01,9694
8448100705,1,0.01,9695
financial structuring...,1,0.01,9696
debt financing,1,0.01,9697
itil framework,1,0.01,9698
graph,1,0.01,9699
good communication,1,0.01,9700
computer knowledge,1,0.01,9701
brand promotion...,1,0.01,9702
financial forecasting...,1,0.01,9703
business management analyst,1,0.01,9704
french language specialist,1,0.01,9705
french analyst...,1,0.01,9706
patent research...,1,0.01,9707
order fulfillment...,1,0.01,9708
lawyer activities,1,0.01,9709
litigation document review,1,0.01,9710
portfolio analysis...,1,0.01,9711
fto,1,0.01,9712
purchase accounting,1,0.01,9713
inventory acounting,1,0.01,9714
brand...,1,0.01,9715
iso documentation,1,0.01,9716
google adwords professional...,1,0.01,9717
equity strategy analyst,1,0.01,9718
project support,1,0.01,9719
ms office word...,1,0.01,9720
leasing...,1,0.01,9721
relational dbs,1,0.01,9722
rs...,1,0.01,9723
coordination skills,1,0.01,9724
metatag,1,0.01,9725
linkbuilding...,1,0.01,9726
firmware development...,1,0.01,9727
teacher training,1,0.01,9728
academic trainer...,1,0.01,9729
academics,1,0.01,9730
avaya...,1,0.01,9731
senior seo analyst,1,0.01,9732
senior smo...,1,0.01,9733
senior seo specialist,1,0.01,9734
x - ray search,1,0.01,9735
screening...,1,0.01,9736
business network planning...,1,0.01,9737
business rf planning,1,0.01,9738
senior consultant,1,0.01,9739
process integration,1,0.01,9740
google shopping...,1,0.01,9741
tqm,1,0.01,9742
model,1,0.01,9743
sem specialist...,1,0.01,9744
eretail,1,0.01,9745
eai,1,0.01,9746
bi tools,1,0.01,9747
employee engagement...,1,0.01,9748
m3,1,0.01,9749
ios app store...,1,0.01,9750
google play store,1,0.01,9751
security training,1,0.01,9752
strategic purchase...,1,0.01,9753
marcom,1,0.01,9754
good knowledge in codeigniter,1,0.01,9755
laravel -should know javascript...,1,0.01,9756
iqc,1,0.01,9757
firmware development,1,0.01,9758
embedded systems,1,0.01,9759
i2c,1,0.01,9760
gpio,1,0.01,9761
company,1,0.01,9762
big data development,1,0.01,9763
big data development lead,1,0.01,9764
ms officems excel,1,0.01,9765
optistruct,1,0.01,9766
heat transfer,1,0.01,9767
workforce planning,1,0.01,9768
qms...,1,0.01,9769
cst,1,0.01,9770
digital branding,1,0.01,9771
digital marketing campaigns...,1,0.01,9772
order 2 cash,1,0.01,9773
order 2 cash management...,1,0.01,9774
conducting interviews...,1,0.01,9775
payroll analyst,1,0.01,9776
payroll specialist,1,0.01,9777
project allocation...,1,0.01,9778
smm...,1,0.01,9779
digital transformation...,1,0.01,9780
credit operations,1,0.01,9781
medical coding job,1,0.01,9782
it staffing...,1,0.01,9783
us staffing,1,0.01,9784
junior seo analyst...,1,0.01,9785
personality development...,1,0.01,9786
stress management,1,0.01,9787
good communication skill,1,0.01,9788
mro...,1,0.01,9789
propulsion,1,0.01,9790
aircraft maintenance,1,0.01,9791
aircraft handling,1,0.01,9792
volume hiring,1,0.01,9793
web developer,1,0.01,9794
inspection engineering,1,0.01,9795
protection,1,0.01,9796
asset liability management,1,0.01,9797
java servlets...,1,0.01,9798
recruitment analyst...,1,0.01,9799
ptw,1,0.01,9800
condition monitoring,1,0.01,9801
dmaic...,1,0.01,9802
detailed project report,1,0.01,9803
manager - digital marketing,1,0.01,9804
crystal report...,1,0.01,9805
universe designer,1,0.01,9806
mba marketing...,1,0.01,9807
market planning...,1,0.01,9808
account planning,1,0.01,9809
campaign analysis,1,0.01,9810
recruiting events specialist,1,0.01,9811
event strategy,1,0.01,9812
msbi developer,1,0.01,9813
ios app design...,1,0.01,9814
cmd,1,0.01,9815
rdms,1,0.01,9816
data stage,1,0.01,9817
it business analyst,1,0.01,9818
hr - multiple locations,1,0.01,9819
manager data science - gurgaon,1,0.01,9820
creditors reconciliation,1,0.01,9821
design & development engineer,1,0.01,9822
3d - modeling,1,0.01,9823
finite element method analysis...,1,0.01,9824
fraud analysis,1,0.01,9825
card transaction monitoring,1,0.01,9826
marketing executive,1,0.01,9827
bpr,1,0.01,9828
aeronautical engineer,1,0.01,9829
aeronautical analyst...,1,0.01,9830
sample size...,1,0.01,9831
clinical stats,1,0.01,9832
functions in excel,1,0.01,9833
worksheet,1,0.01,9834
data sheets,1,0.01,9835
data processing analyst ii,1,0.01,9836
teradata...,1,0.01,9837
principal...,1,0.01,9838
walk - in,1,0.01,9839
hr project delivery,1,0.01,9840
hr management...,1,0.01,9841
hr strategies,1,0.01,9842
vmware vsphere,1,0.01,9843
ops associate,1,0.01,9844
boardex...,1,0.01,9845
prince,1,0.01,9846
qe,1,0.01,9847
lap...,1,0.01,9848
resourcing...,1,0.01,9849
customer support representative,1,0.01,9850
software asset management...,1,0.01,9851
microsoft licensing,1,0.01,9852
supplier governance manager,1,0.01,9853
demand estimation...,1,0.01,9854
proof reader,1,0.01,9855
editor,1,0.01,9856
sub...,1,0.01,9857
proofer,1,0.01,9858
copy writer,1,0.01,9859
international market...,1,0.01,9860
food...,1,0.01,9861
adso...,1,0.01,9862
fpga coding,1,0.01,9863
fpga architecture,1,0.01,9864
electrical distribution equipment...,1,0.01,9865
automotive electronics,1,0.01,9866
technical training...,1,0.01,9867
prosecution,1,0.01,9868
enterprise analytics...,1,0.01,9869
quality consultant,1,0.01,9870
ienergizer,1,0.01,9871
encore...,1,0.01,9872
gap planning...,1,0.01,9873
conduct research...,1,0.01,9874
data analytics and reporting specialist,1,0.01,9875
fluid mechanics...,1,0.01,9876
bdna,1,0.01,9877
flexera,1,0.01,9878
monitoring tools...,1,0.01,9879
shop...,1,0.01,9880
autonomous maintenance,1,0.01,9881
technology scouting,1,0.01,9882
predictive software...,1,0.01,9883
digital advertising,1,0.01,9884
industrial products,1,0.01,9885
charts...,1,0.01,9886
sccm...,1,0.01,9887
workforce reporting...,1,0.01,9888
workforce analysis,1,0.01,9889
wfm analysis,1,0.01,9890
madcap flare,1,0.01,9891
us kpo,1,0.01,9892
international kpo,1,0.01,9893
it helpdesk...,1,0.01,9894
finalisation of accounts,1,0.01,9895
data lakes,1,0.01,9896
technology architect,1,0.01,9897
non sql,1,0.01,9898
f5,1,0.01,9899
as java,1,0.01,9900
environments monitoring & tools analyst,1,0.01,9901
hadoop hdfs,1,0.01,9902
planning skills,1,0.01,9903
secondary market research,1,0.01,9904
storage smartprice advisor,1,0.01,9905
sfdc...,1,0.01,9906
application integration...,1,0.01,9907
tender management,1,0.01,9908
quotation management...,1,0.01,9909
quality analyst - selenium,1,0.01,9910
datase design,1,0.01,9911
mts...,1,0.01,9912
mechanical engineer,1,0.01,9913
q,1,0.01,9914
cash application,1,0.01,9915
xilinx...,1,0.01,9916
technician activities...,1,0.01,9917
gis technician,1,0.01,9918
retrofit...,1,0.01,9919
analytics big data,1,0.01,9920
vave...,1,0.01,9921
mobile phones...,1,0.01,9922
corporate lending...,1,0.01,9923
city operations head,1,0.01,9924
operational process...,1,0.01,9925
city operations,1,0.01,9926
mathcad...,1,0.01,9927
dwh testing,1,0.01,9928
sub editing...,1,0.01,9929
sub editorial,1,0.01,9930
sub editor,1,0.01,9931
ssis...,1,0.01,9932
general accounting...,1,0.01,9933
business modelling,1,0.01,9934
web testing,1,0.01,9935
cgi,1,0.01,9936
rfp responses,1,0.01,9937
implementation analyst,1,0.01,9938
implementation business analyst...,1,0.01,9939
proposal writting,1,0.01,9940
commercial management...,1,0.01,9941
qa non technical,1,0.01,9942
travel desk,1,0.01,9943
travel management,1,0.01,9944
corporate travel management...,1,0.01,9945
panel operations,1,0.01,9946
rtl,1,0.01,9947
sta analysis,1,0.01,9948
onfi 3.1 nand...,1,0.01,9949
nunit,1,0.01,9950
nhibernate,1,0.01,9951
audit compliance...,1,0.01,9952
job safety analysis...,1,0.01,9953
lpar,1,0.01,9954
nim,1,0.01,9955
lvm,1,0.01,9956
process analyst,1,0.01,9957
technology operations...,1,0.01,9958
content analyst...,1,0.01,9959
interface manager,1,0.01,9960
static equipment...,1,0.01,9961
inspection,1,0.01,9962
asnt level,1,0.01,9963
environmental science,1,0.01,9964
server support...,1,0.01,9965
after sales support,1,0.01,9966
lcms,1,0.01,9967
bioanalytical,1,0.01,9968
institutional marketing,1,0.01,9969
institutional sales...,1,0.01,9970
educational marketing,1,0.01,9971
it consulting...,1,0.01,9972
current...,1,0.01,9973
investments,1,0.01,9974
senior quality executive...,1,0.01,9975
senior quality analyst,1,0.01,9976
semiconductor manufacturing,1,0.01,9977
customer interfacing,1,0.01,9978
npi...,1,0.01,9979
spares planning,1,0.01,9980
fund accounting...,1,0.01,9981
zonal credit manager,1,0.01,9982
statutory accountings...,1,0.01,9983
workforce analyst...,1,0.01,9984
varnish...,1,0.01,9985
apache http server,1,0.01,9986
effort estimation,1,0.01,9987
entry level,1,0.01,9988
asset finance...,1,0.01,9989
it application specialist,1,0.01,9990
dataentry,1,0.01,9991
data entry operator,1,0.01,9992
e&m coder,1,0.01,9993
e&m coding,1,0.01,9994
e&m auditor,1,0.01,9995
quality analyst coding,1,0.01,9996
keystone...,1,0.01,9997
hypervisor,1,0.01,9998
web platform...,1,0.01,9999
inbound marketing...,1,0.01,10000
cash applications...,1,0.01,10001
business presentations,1,0.01,10002
quality center...,1,0.01,10003
advance predictive analytics,1,0.01,10004
glassfish...,1,0.01,10005
epcg,1,0.01,10006
dgft...,1,0.01,10007
import documentation,1,0.01,10008
wns...,1,0.01,10009
linux driver,1,0.01,10010
php developer...,1,0.01,10011
unix developer,1,0.01,10012
boost libraries...,1,0.01,10013
customer loyalty...,1,0.01,10014
p&id...,1,0.01,10015
caesar ii,1,0.01,10016
caesar,1,0.01,10017
piping piping layout,1,0.01,10018
analyst - performance management,1,0.01,10019
cards portfolio...,1,0.01,10020
casa,1,0.01,10021
chat process...,1,0.01,10022
debit,1,0.01,10023
h1b visa processing,1,0.01,10024
h1b immigration,1,0.01,10025
h1b visa,1,0.01,10026
kernel programming,1,0.01,10027
stringing,1,0.01,10028
instructional design...,1,0.01,10029
r - program,1,0.01,10030
commodities finance,1,0.01,10031
commodity trading...,1,0.01,10032
oncology...,1,0.01,10033
immunology,1,0.01,10034
castor,1,0.01,10035
finance executive...,1,0.01,10036
technical specialist...,1,0.01,10037
client meeting,1,0.01,10038
project scheduling...,1,0.01,10039
senior business analyst - noida,1,0.01,10040
up multiple locations,1,0.01,10041
objection handling,1,0.01,10042
medical coding freshers...,1,0.01,10043
fortigate,1,0.01,10044
manager quality assurance...,1,0.01,10045
marketing bsa...,1,0.01,10046
marketing business systems analyst,1,0.01,10047
ms excel modelling...,1,0.01,10048
delivery leadership,1,0.01,10049
mall management,1,0.01,10050
space management...,1,0.01,10051
property management,1,0.01,10052
c4c implementation...,1,0.01,10053
hybris marketing,1,0.01,10054
corporate hr head,1,0.01,10055
providing feedback...,1,0.01,10056
business analyst - noida,1,0.01,10057
computer engineer,1,0.01,10058
internal controls,1,0.01,10059
audit consultant,1,0.01,10060
financial audits...,1,0.01,10061
customer servicing...,1,0.01,10062
recovery officer,1,0.01,10063
collection officer,1,0.01,10064
collection executive,1,0.01,10065
dealer development...,1,0.01,10066
regulatory reports...,1,0.01,10067
acl,1,0.01,10068
mechanical site,1,0.01,10069
detail drawings...,1,0.01,10070
working drawings,1,0.01,10071
space planning,1,0.01,10072
food technology,1,0.01,10073
office sales coordinator,1,0.01,10074
office sales admin...,1,0.01,10075
office coordination,1,0.01,10076
advance excel analyst,1,0.01,10077
quicksight,1,0.01,10078
b tech fresher...,1,0.01,10079
stock advisory,1,0.01,10080
analyst- rqa strategic projects & operations,1,0.01,10081
network...,1,0.01,10082
denial group,1,0.01,10083
revenue cycle analyst,1,0.01,10084
inter,1,0.01,10085
ias,1,0.01,10086
ipcc,1,0.01,10087
handling,1,0.01,10088
coordinating...,1,0.01,10089
net technologies,1,0.01,10090
quantitative skills,1,0.01,10091
do,1,0.01,10092
trade valuation,1,0.01,10093
call center executive,1,0.01,10094
call center agent...,1,0.01,10095
regional accounts,1,0.01,10096
payer,1,0.01,10097
ar caller...,1,0.01,10098
flow chart,1,0.01,10099
brs...,1,0.01,10100
codeignitor,1,0.01,10101
extjs 4 or 5,1,0.01,10102
sencha framework,1,0.01,10103
proposal writing...,1,0.01,10104
tealeaf,1,0.01,10105
pl / sql...,1,0.01,10106
principal statistician - gurgaon,1,0.01,10107
uk payroll processing...,1,0.01,10108
sdks,1,0.01,10109
offline apps,1,0.01,10110
advanced customer insight...,1,0.01,10111
powerpoint presentation...,1,0.01,10112
sap lumira,1,0.01,10113
storage testing...,1,0.01,10114
six sigma quality...,1,0.01,10115
system development,1,0.01,10116
collection analyst,1,0.01,10117
value analysis...,1,0.01,10118
bio statistical analysis,1,0.01,10119
bio data analysis...,1,0.01,10120
reporting analysis,1,0.01,10121
spanish,1,0.01,10122
portuguese,1,0.01,10123
oracle apps...,1,0.01,10124
ramdajs,1,0.01,10125
npm,1,0.01,10126
law process outsourcing,1,0.01,10127
courier,1,0.01,10128
stpi,1,0.01,10129
anguar js,1,0.01,10130
knockoutjs...,1,0.01,10131
blanket po,1,0.01,10132
process setup,1,0.01,10133
elt,1,0.01,10134
map reduce,1,0.01,10135
coveo...,1,0.01,10136
helix,1,0.01,10137
land...,1,0.01,10138
russian,1,0.01,10139
crowdstrike,1,0.01,10140
carbon black,1,0.01,10141
edr,1,0.01,10142
hmm,1,0.01,10143
tech ba,1,0.01,10144
site operations,1,0.01,10145
voice support...,1,0.01,10146
factory operations,1,0.01,10147
partnerships...,1,0.01,10148
pc,1,0.01,10149
piping design,1,0.01,10150
outcome,1,0.01,10151
auditors,1,0.01,10152
product life...,1,0.01,10153
mst batch operations,1,0.01,10154
markup languages...,1,0.01,10155
product life cycle management,1,0.01,10156
mentor graphics...,1,0.01,10157
java automation,1,0.01,10158
eagle pace,1,0.01,10159
framework manager,1,0.01,10160
analysis studio,1,0.01,10161
query studio,1,0.01,10162
international law...,1,0.01,10163
psm...,1,0.01,10164
dice,1,0.01,10165
thane,1,0.01,10166
mumbai,1,0.01,10167
pcb...,1,0.01,10168
micro market analysis...,1,0.01,10169
emergency response,1,0.01,10170
ohsas 18001...,1,0.01,10171
loan against property...,1,0.01,10172
bl,1,0.01,10173
catastrophe analytics,1,0.01,10174
qc engineering...,1,0.01,10175
qa engineering,1,0.01,10176
content designing...,1,0.01,10177
hardware procurement,1,0.01,10178
machine design,1,0.01,10179
adams,1,0.01,10180
mbd,1,0.01,10181
vehicle dynamics,1,0.01,10182
cae tools,1,0.01,10183
usability analysis,1,0.01,10184
custom analytics,1,0.01,10185
sap implementation...,1,0.01,10186
international call center...,1,0.01,10187
product analyst,1,0.01,10188
selenium ide,1,0.01,10189
sas model,1,0.01,10190
sas model developer,1,0.01,10191
function modules,1,0.01,10192
iseb...,1,0.01,10193
social media campaign...,1,0.01,10194
human resource business partner,1,0.01,10195
recruitment & analysis,1,0.01,10196
engineering change management,1,0.01,10197
semiconductor manufacturing...,1,0.01,10198
system maintenance,1,0.01,10199
it product management...,1,0.01,10200
kubernetus,1,0.01,10201
sensu,1,0.01,10202
aws2,1,0.01,10203
cassendra,1,0.01,10204
operation team...,1,0.01,10205
manager - model validation,1,0.01,10206
ms windows...,1,0.01,10207
performance management system...,1,0.01,10208
customized interactive dashboards,1,0.01,10209
axis...,1,0.01,10210
selling reserach...,1,0.01,10211
clarity,1,0.01,10212
pmo lead,1,0.01,10213
quality gate,1,0.01,10214
7qc,1,0.01,10215
temenos t24...,1,0.01,10216
collection strategies...,1,0.01,10217
satyawati,1,0.01,10218
dav...,1,0.01,10219
gargi,1,0.01,10220
janki,1,0.01,10221
lpu,1,0.01,10222
business analytical...,1,0.01,10223
sla management,1,0.01,10224
printing...,1,0.01,10225
dpt,1,0.01,10226
market operations...,1,0.01,10227
upsell...,1,0.01,10228
test case review,1,0.01,10229
bigquery...,1,0.01,10230
dataflow,1,0.01,10231
full stack data engineer,1,0.01,10232
java developer...,1,0.01,10233
accounts finalisation,1,0.01,10234
cash flow modelling...,1,0.01,10235
frd...,1,0.01,10236
pension valuation,1,0.01,10237
management systems...,1,0.01,10238
asp.net developer...,1,0.01,10239
sales force effectiveness...,1,0.01,10240
windows application,1,0.01,10241
project monitoring,1,0.01,10242
technical assistant,1,0.01,10243
publisher affiliate manager...,1,0.01,10244
affiliate manager,1,0.01,10245
sensors,1,0.01,10246
telecalling...,1,0.01,10247
lease,1,0.01,10248
lease admin,1,0.01,10249
abstraction,1,0.01,10250
lease abstraction...,1,0.01,10251
accounting entries...,1,0.01,10252
web metrics...,1,0.01,10253
internet...,1,0.01,10254
budget preparation,1,0.01,10255
pega rules process commander,1,0.01,10256
prpc,1,0.01,10257
pega support...,1,0.01,10258
employment law...,1,0.01,10259
php mysql...,1,0.01,10260
microsoft sql coding...,1,0.01,10261
recognition...,1,0.01,10262
release engineering,1,0.01,10263
matlab programmer,1,0.01,10264
stata,1,0.01,10265
service tax return...,1,0.01,10266
ricef...,1,0.01,10267
supply chain analytics...,1,0.01,10268
sap mobile...,1,0.01,10269
askia...,1,0.01,10270
plsql developer,1,0.01,10271
plsql programmer...,1,0.01,10272
baan,1,0.01,10273
configuration management...,1,0.01,10274
program testing,1,0.01,10275
process equipment...,1,0.01,10276
quality stage...,1,0.01,10277
technical product management,1,0.01,10278
preventive,1,0.01,10279
cotton,1,0.01,10280
maintenance management...,1,0.01,10281
policy development,1,0.01,10282
opencart,1,0.01,10283
front office operations,1,0.01,10284
problem resolution...,1,0.01,10285
automation tools...,1,0.01,10286
""" ; kpo"" ;",1,0.01,10287
""" ; capital market"" ;",1,0.01,10288
sales mba marketing...,1,0.01,10289
sr.manager,1,0.01,10290
sr.qc executive,1,0.01,10291
demat executive...,1,0.01,10292
e commerce manager,1,0.01,10293
customer communication...,1,0.01,10294
indirect tax...,1,0.01,10295
corporate accounts,1,0.01,10296
hr processes...,1,0.01,10297
analyst abap,1,0.01,10298
bank guarantee,1,0.01,10299
r python...,1,0.01,10300
deadline - oriented,1,0.01,10301
managing profitability,1,0.01,10302
cpm,1,0.01,10303
mis generation,1,0.01,10304
tensor flow,1,0.01,10305
portfolio optimization...,1,0.01,10306
vms,1,0.01,10307
service management analyst...,1,0.01,10308
internal...,1,0.01,10309
group lead,1,0.01,10310
r&d...,1,0.01,10311
anda,1,0.01,10312
site inspection,1,0.01,10313
random forest,1,0.01,10314
list of strings,1,0.01,10315
machine learning model...,1,0.01,10316
corephp...,1,0.01,10317
livestock...,1,0.01,10318
oracle hr,1,0.01,10319
hr analytic & bi,1,0.01,10320
business review...,1,0.01,10321
risk and control,1,0.01,10322
windows 10,1,0.01,10323
google apps,1,0.01,10324
vdi,1,0.01,10325
solution architect...,1,0.01,10326
verbal...,1,0.01,10327
big query,1,0.01,10328
google cloud platform,1,0.01,10329
sas management console,1,0.01,10330
b2c sales...,1,0.01,10331
java j2ee developer,1,0.01,10332
parquet...,1,0.01,10333
avro,1,0.01,10334
global procurement...,1,0.01,10335
ohsas 18000,1,0.01,10336
business credit analyst,1,0.01,10337
tga,1,0.01,10338
anvisa,1,0.01,10339
jenkins automation testing,1,0.01,10340
cucumber...,1,0.01,10341
spoken english...,1,0.01,10342
gis information system,1,0.01,10343
gis engineer,1,0.01,10344
experimental design...,1,0.01,10345
react native...,1,0.01,10346
test reporting...,1,0.01,10347
bpo non...,1,0.01,10348
liquidity management,1,0.01,10349
erp training,1,0.01,10350
iphone...,1,0.01,10351
product marketing manager,1,0.01,10352
writing test cases...,1,0.01,10353
ui development...,1,0.01,10354
workflow design,1,0.01,10355
couchbase,1,0.01,10356
owsap,1,0.01,10357
cognos business intelligence,1,0.01,10358
financial associate,1,0.01,10359
f&a associate,1,0.01,10360
hplc...,1,0.01,10361
uv - vis spectrophotometer,1,0.01,10362
backend architect,1,0.01,10363
monitoring tools,1,0.01,10364
failure...,1,0.01,10365
risk assessment...,1,0.01,10366
sqa analyst,1,0.01,10367
startup...,1,0.01,10368
exit management,1,0.01,10369
trade processing...,1,0.01,10370
jewellery,1,0.01,10371
b.pharma,1,0.01,10372
sanction...,1,0.01,10373
senior profile...,1,0.01,10374
harness design,1,0.01,10375
sas visual analytics consultant,1,0.01,10376
m. sc. chemistry,1,0.01,10377
bengaluru...,1,0.01,10378
kanada,1,0.01,10379
bangalore,1,0.01,10380
manual reporting,1,0.01,10381
hw,1,0.01,10382
qualcomm,1,0.01,10383
msm,1,0.01,10384
domestic international bpo,1,0.01,10385
domestic voice process,1,0.01,10386
domestic call centre...,1,0.01,10387
game development,1,0.01,10388
circuits,1,0.01,10389
internet of things...,1,0.01,10390
fraud analysis...,1,0.01,10391
tat,1,0.01,10392
gradute...,1,0.01,10393
webdynpro...,1,0.01,10394
sap workflow,1,0.01,10395
gis...,1,0.01,10396
portfolio risk management,1,0.01,10397
intercompany reconciliation...,1,0.01,10398
receipt,1,0.01,10399
manager - treasury,1,0.01,10400
management representative,1,0.01,10401
iso 13485...,1,0.01,10402
qmr,1,0.01,10403
application server...,1,0.01,10404
bi solution architect...,1,0.01,10405
bi architect,1,0.01,10406
quality operation,1,0.01,10407
quality manager,1,0.01,10408
aem...,1,0.01,10409
adobe campaign specialist,1,0.01,10410
sabre,1,0.01,10411
team development...,1,0.01,10412
python scripting...,1,0.01,10413
analytics architect,1,0.01,10414
seo smo executive,1,0.01,10415
marine structures,1,0.01,10416
cargo structures,1,0.01,10417
shipping structures,1,0.01,10418
security analytics,1,0.01,10419
black stratus...,1,0.01,10420
support analyst,1,0.01,10421
support engineer,1,0.01,10422
pwd,1,0.01,10423
third party inspection,1,0.01,10424
product validation...,1,0.01,10425
oracle apps finance,1,0.01,10426
oracle apps finance technical,1,0.01,10427
associate software engineer analyst - hyderabad,1,0.01,10428
stakeholders...,1,0.01,10429
qc call center...,1,0.01,10430
qualitybpo,1,0.01,10431
assistant chemical engineer...,1,0.01,10432
chemical engineer,1,0.01,10433
""" ; hadoop administrator""",1,0.01,10434
horton,1,0.01,10435
domestic...,1,0.01,10436
mail,1,0.01,10437
categorization,1,0.01,10438
category analyst...,1,0.01,10439
analytical lab chemist,1,0.01,10440
analytical lab assistant,1,0.01,10441
student counseling,1,0.01,10442
academic counsellor,1,0.01,10443
student counsellor,1,0.01,10444
hadoop architect,1,0.01,10445
bigdata architect...,1,0.01,10446
cloud ims,1,0.01,10447
cloud management...,1,0.01,10448
cloud ims business analyst,1,0.01,10449
it infrastructure services,1,0.01,10450
blogging...,1,0.01,10451
sorting,1,0.01,10452
listings,1,0.01,10453
web knowledge...,1,0.01,10454
cash flow analysis,1,0.01,10455
billing...,1,0.01,10456
interpersonal...,1,0.01,10457
div,1,0.01,10458
manpower planning,1,0.01,10459
uk,1,0.01,10460
raid,1,0.01,10461
domain controller...,1,0.01,10462
life actuarial...,1,0.01,10463
environmental sciences,1,0.01,10464
environment management,1,0.01,10465
health &...,1,0.01,10466
c++ - software engineer,1,0.01,10467
lot...,1,0.01,10468
medicinal chemistry...,1,0.01,10469
synthetic organic chemistry,1,0.01,10470
sas basel modelling,1,0.01,10471
like power bi,1,0.01,10472
pdl,1,0.01,10473
ab initio,1,0.01,10474
batch processing,1,0.01,10475
process development,1,0.01,10476
on...,1,0.01,10477
solaris...,1,0.01,10478
private banking,1,0.01,10479
eviews...,1,0.01,10480
shop floor management...,1,0.01,10481
market mix modellling,1,0.01,10482
. sql...,1,0.01,10483
modeller,1,0.01,10484
stock replenishment,1,0.01,10485
digital content,1,0.01,10486
sap consulting services,1,0.01,10487
amqp,1,0.01,10488
tcp / ip applications,1,0.01,10489
core structural design lead,1,0.01,10490
silicon engineering,1,0.01,10491
ip development,1,0.01,10492
failover,1,0.01,10493
obiee11g,1,0.01,10494
caching,1,0.01,10495
strategic communication...,1,0.01,10496
panda...,1,0.01,10497
r modelling,1,0.01,10498
netcore...,1,0.01,10499
digital servicing,1,0.01,10500
capital budgeting,1,0.01,10501
territory growth...,1,0.01,10502
mergers & acquisitions,1,0.01,10503
accounts receivable caller,1,0.01,10504
manager - content & social media,1,0.01,10505
demantra.,1,0.01,10506
ember.js ember.js,1,0.01,10507
ember,1,0.01,10508
manager - data analytics,1,0.01,10509
manufacturing...,1,0.01,10510
financial modeling analyst...,1,0.01,10511
service executive,1,0.01,10512
service desk executive,1,0.01,10513
ms outlook,1,0.01,10514
printer...,1,0.01,10515
business continuity planning...,1,0.01,10516
crisis management,1,0.01,10517
srs,1,0.01,10518
service applications design...,1,0.01,10519
sharepoint design,1,0.01,10520
content management system,1,0.01,10521
construction industry,1,0.01,10522
oil & gas,1,0.01,10523
install base,1,0.01,10524
ems...,1,0.01,10525
quantity estimation...,1,0.01,10526
urban...,1,0.01,10527
ci...,1,0.01,10528
sas data integration,1,0.01,10529
sas bi...,1,0.01,10530
sas data integration consultant,1,0.01,10531
upwork...,1,0.01,10532
guru,1,0.01,10533
mstp,1,0.01,10534
isis,1,0.01,10535
bulk sms,1,0.01,10536
arbitration...,1,0.01,10537
forensic planning,1,0.01,10538
patent management...,1,0.01,10539
patent attorney,1,0.01,10540
basic construction cycle,1,0.01,10541
optimization...,1,0.01,10542
language skills...,1,0.01,10543
receptionist activities...,1,0.01,10544
office administration,1,0.01,10545
microsoft sql,1,0.01,10546
bat command,1,0.01,10547
tax specialist,1,0.01,10548
indirect tax process,1,0.01,10549
vertex...,1,0.01,10550
retail marketing,1,0.01,10551
public affairs,1,0.01,10552
sustainable development,1,0.01,10553
program...,1,0.01,10554
storm...,1,0.01,10555
method,1,0.01,10556
prepare,1,0.01,10557
new,1,0.01,10558
raw,1,0.01,10559
of,1,0.01,10560
pharmacopial,1,0.01,10561
employee satisfaction,1,0.01,10562
financial force,1,0.01,10563
technical tests,1,0.01,10564
it - hardware & networking...,1,0.01,10565
system admin,1,0.01,10566
mktg,1,0.01,10567
mailchimp,1,0.01,10568
datainterpretation,1,0.01,10569
analyst trainee,1,0.01,10570
service management...,1,0.01,10571
creation...,1,0.01,10572
js,1,0.01,10573
hybrid mobile application development,1,0.01,10574
a+,1,0.01,10575
gaap...,1,0.01,10576
franchise...,1,0.01,10577
mobile digital analytics,1,0.01,10578
mobile analytics,1,0.01,10579
technical author...,1,0.01,10580
framework design,1,0.01,10581
audit analytics,1,0.01,10582
aspect,1,0.01,10583
avaya cms,1,0.01,10584
finance analyst,1,0.01,10585
medicine,1,0.01,10586
biomedical...,1,0.01,10587
hr fresher,1,0.01,10588
fresher trainee...,1,0.01,10589
pci dss,1,0.01,10590
strong interpersonal...,1,0.01,10591
powerbi...,1,0.01,10592
anaconda,1,0.01,10593
it business analyst...,1,0.01,10594
user documentation...,1,0.01,10595
pos,1,0.01,10596
problem analysis,1,0.01,10597
sql server 2008...,1,0.01,10598
sqa,1,0.01,10599
smart worker,1,0.01,10600
french language...,1,0.01,10601
sem manager,1,0.01,10602
content designing,1,0.01,10603
channel strategy,1,0.01,10604
deviation...,1,0.01,10605
salesforce.com...,1,0.01,10606
data retention...,1,0.01,10607
roi / roas,1,0.01,10608
double click search...,1,0.01,10609
bing ads,1,0.01,10610
pharmaceuticals,1,0.01,10611
pharma analyst,1,0.01,10612
ajax...,1,0.01,10613
secondary skills,1,0.01,10614
head - content strategy & development,1,0.01,10615
trademark...,1,0.01,10616
intellectual property...,1,0.01,10617
word vba,1,0.01,10618
cgmp training...,1,0.01,10619
business process testing,1,0.01,10620
audit planning,1,0.01,10621
microsoft bi stack,1,0.01,10622
dwh...,1,0.01,10623
research analyst scientist...,1,0.01,10624
com,1,0.01,10625
quantitative developer,1,0.01,10626
team development,1,0.01,10627
sas egrc consultant,1,0.01,10628
sas / va reporting,1,0.01,10629
finance domain,1,0.01,10630
senior ar caller...,1,0.01,10631
sec executive...,1,0.01,10632
sap co...,1,0.01,10633
unsecured business loans,1,0.01,10634
sap is,1,0.01,10635
emc testing,1,0.01,10636
sap advisory,1,0.01,10637
sap hana analytics,1,0.01,10638
data import,1,0.01,10639
sql scripts,1,0.01,10640
db...,1,0.01,10641
production control,1,0.01,10642
control - m,1,0.01,10643
alteryx...,1,0.01,10644
ips...,1,0.01,10645
rip,1,0.01,10646
capex controller,1,0.01,10647
capital budgeting...,1,0.01,10648
ibm bpm,1,0.01,10649
autosys...,1,0.01,10650
commodity analyst,1,0.01,10651
data exploration...,1,0.01,10652
hy bond,1,0.01,10653
high yield bond,1,0.01,10654
distressed debt...,1,0.01,10655
