model_name,split_id,repeat_id,fold_id,sample_index,true_class,predicted_class,predicted_prob_class_1,is_correct
Baseline_Majority,0,0,0,0,1,1,1.0,True
Baseline_Majority,0,0,0,4,0,1,1.0,False
Baseline_Majority,0,0,0,5,0,1,1.0,False
Baseline_Majority,0,0,0,7,0,1,1.0,False
Baseline_Majority,0,0,0,8,1,1,1.0,True
Baseline_Majority,0,0,0,13,1,1,1.0,True
Baseline_Majority,0,0,0,17,1,1,1.0,True
Baseline_Majority,0,0,0,22,0,1,1.0,False
Baseline_Majority,0,0,0,25,1,1,1.0,True
Baseline_Majority,0,0,0,26,0,1,1.0,False
Baseline_Majority,0,0,0,39,1,1,1.0,True
Baseline_Majority,0,0,0,42,0,1,1.0,False
Baseline_Majority,0,0,0,55,1,1,1.0,True
Baseline_Majority,0,0,0,62,0,1,1.0,False
Baseline_Majority,0,0,0,72,1,1,1.0,True
Baseline_Majority,0,0,0,74,1,1,1.0,True
Baseline_Majority,0,0,0,78,1,1,1.0,True
Baseline_Majority,0,0,0,79,0,1,1.0,False
Baseline_Majority,0,0,0,82,1,1,1.0,True
Baseline_Majority,0,0,0,88,0,1,1.0,False
Baseline_Majority,0,0,0,95,0,1,1.0,False
Baseline_Majority,0,0,0,103,0,1,1.0,False
Baseline_Majority,0,0,0,104,0,1,1.0,False
Baseline_Majority,0,0,0,107,0,1,1.0,False
Baseline_Majority,0,0,0,111,1,1,1.0,True
Baseline_Majority,0,0,0,125,1,1,1.0,True
Baseline_Majority,0,0,0,129,1,1,1.0,True
Baseline_Majority,0,0,0,137,1,1,1.0,True
Baseline_Majority,1,0,1,1,0,1,1.0,False
Baseline_Majority,1,0,1,3,0,1,1.0,False
Baseline_Majority,1,0,1,6,1,1,1.0,True
Baseline_Majority,1,0,1,10,1,1,1.0,True
Baseline_Majority,1,0,1,27,0,1,1.0,False
Baseline_Majority,1,0,1,30,0,1,1.0,False
Baseline_Majority,1,0,1,31,0,1,1.0,False
Baseline_Majority,1,0,1,37,0,1,1.0,False
Baseline_Majority,1,0,1,40,1,1,1.0,True
Baseline_Majority,1,0,1,50,1,1,1.0,True
Baseline_Majority,1,0,1,57,0,1,1.0,False
Baseline_Majority,1,0,1,58,0,1,1.0,False
Baseline_Majority,1,0,1,68,1,1,1.0,True
Baseline_Majority,1,0,1,70,1,1,1.0,True
Baseline_Majority,1,0,1,75,1,1,1.0,True
Baseline_Majority,1,0,1,87,0,1,1.0,False
Baseline_Majority,1,0,1,94,1,1,1.0,True
Baseline_Majority,1,0,1,96,1,1,1.0,True
Baseline_Majority,1,0,1,98,1,1,1.0,True
Baseline_Majority,1,0,1,106,1,1,1.0,True
Baseline_Majority,1,0,1,112,0,1,1.0,False
Baseline_Majority,1,0,1,121,1,1,1.0,True
Baseline_Majority,1,0,1,127,1,1,1.0,True
Baseline_Majority,1,0,1,130,0,1,1.0,False
Baseline_Majority,1,0,1,131,0,1,1.0,False
Baseline_Majority,1,0,1,132,1,1,1.0,True
Baseline_Majority,1,0,1,133,1,1,1.0,True
Baseline_Majority,1,0,1,134,0,1,1.0,False
Baseline_Majority,2,0,2,9,0,1,1.0,False
Baseline_Majority,2,0,2,14,1,1,1.0,True
Baseline_Majority,2,0,2,20,0,1,1.0,False
Baseline_Majority,2,0,2,23,0,1,1.0,False
Baseline_Majority,2,0,2,24,1,1,1.0,True
Baseline_Majority,2,0,2,33,0,1,1.0,False
Baseline_Majority,2,0,2,34,0,1,1.0,False
Baseline_Majority,2,0,2,36,0,1,1.0,False
Baseline_Majority,2,0,2,41,0,1,1.0,False
Baseline_Majority,2,0,2,43,0,1,1.0,False
Baseline_Majority,2,0,2,47,1,1,1.0,True
Baseline_Majority,2,0,2,48,1,1,1.0,True
Baseline_Majority,2,0,2,51,1,1,1.0,True
Baseline_Majority,2,0,2,52,1,1,1.0,True
Baseline_Majority,2,0,2,54,0,1,1.0,False
Baseline_Majority,2,0,2,59,1,1,1.0,True
Baseline_Majority,2,0,2,60,1,1,1.0,True
Baseline_Majority,2,0,2,71,1,1,1.0,True
Baseline_Majority,2,0,2,76,1,1,1.0,True
Baseline_Majority,2,0,2,77,0,1,1.0,False
Baseline_Majority,2,0,2,80,0,1,1.0,False
Baseline_Majority,2,0,2,84,0,1,1.0,False
Baseline_Majority,2,0,2,86,1,1,1.0,True
Baseline_Majority,2,0,2,97,1,1,1.0,True
Baseline_Majority,2,0,2,113,1,1,1.0,True
Baseline_Majority,2,0,2,114,0,1,1.0,False
Baseline_Majority,2,0,2,120,1,1,1.0,True
Baseline_Majority,2,0,2,122,1,1,1.0,True
Baseline_Majority,3,0,3,16,0,1,1.0,False
Baseline_Majority,3,0,3,18,1,1,1.0,True
Baseline_Majority,3,0,3,29,1,1,1.0,True
Baseline_Majority,3,0,3,35,0,1,1.0,False
Baseline_Majority,3,0,3,44,0,1,1.0,False
Baseline_Majority,3,0,3,45,1,1,1.0,True
Baseline_Majority,3,0,3,46,1,1,1.0,True
Baseline_Majority,3,0,3,56,1,1,1.0,True
Baseline_Majority,3,0,3,61,0,1,1.0,False
Baseline_Majority,3,0,3,63,0,1,1.0,False
Baseline_Majority,3,0,3,64,0,1,1.0,False
Baseline_Majority,3,0,3,65,0,1,1.0,False
Baseline_Majority,3,0,3,66,1,1,1.0,True
Baseline_Majority,3,0,3,67,1,1,1.0,True
Baseline_Majority,3,0,3,73,1,1,1.0,True
Baseline_Majority,3,0,3,81,1,1,1.0,True
Baseline_Majority,3,0,3,83,0,1,1.0,False
Baseline_Majority,3,0,3,85,0,1,1.0,False
Baseline_Majority,3,0,3,90,1,1,1.0,True
Baseline_Majority,3,0,3,91,0,1,1.0,False
Baseline_Majority,3,0,3,92,1,1,1.0,True
Baseline_Majority,3,0,3,99,0,1,1.0,False
Baseline_Majority,3,0,3,102,1,1,1.0,True
Baseline_Majority,3,0,3,115,0,1,1.0,False
Baseline_Majority,3,0,3,118,0,1,1.0,False
Baseline_Majority,3,0,3,126,1,1,1.0,True
Baseline_Majority,3,0,3,135,0,1,1.0,False
Baseline_Majority,3,0,3,138,1,1,1.0,True
Baseline_Majority,4,0,4,2,1,1,1.0,True
Baseline_Majority,4,0,4,11,0,1,1.0,False
Baseline_Majority,4,0,4,12,1,1,1.0,True
Baseline_Majority,4,0,4,15,0,1,1.0,False
Baseline_Majority,4,0,4,19,1,1,1.0,True
Baseline_Majority,4,0,4,21,0,1,1.0,False
Baseline_Majority,4,0,4,28,0,1,1.0,False
Baseline_Majority,4,0,4,32,0,1,1.0,False
Baseline_Majority,4,0,4,38,0,1,1.0,False
Baseline_Majority,4,0,4,49,1,1,1.0,True
Baseline_Majority,4,0,4,53,1,1,1.0,True
Baseline_Majority,4,0,4,69,1,1,1.0,True
Baseline_Majority,4,0,4,89,1,1,1.0,True
Baseline_Majority,4,0,4,93,1,1,1.0,True
Baseline_Majority,4,0,4,100,0,1,1.0,False
Baseline_Majority,4,0,4,101,0,1,1.0,False
Baseline_Majority,4,0,4,105,0,1,1.0,False
Baseline_Majority,4,0,4,108,0,1,1.0,False
Baseline_Majority,4,0,4,109,1,1,1.0,True
Baseline_Majority,4,0,4,110,1,1,1.0,True
Baseline_Majority,4,0,4,116,1,1,1.0,True
Baseline_Majority,4,0,4,117,1,1,1.0,True
Baseline_Majority,4,0,4,119,0,1,1.0,False
Baseline_Majority,4,0,4,123,0,1,1.0,False
Baseline_Majority,4,0,4,124,1,1,1.0,True
Baseline_Majority,4,0,4,128,0,1,1.0,False
Baseline_Majority,4,0,4,136,1,1,1.0,True
Baseline_Majority,5,1,0,6,1,1,1.0,True
Baseline_Majority,5,1,0,12,1,1,1.0,True
Baseline_Majority,5,1,0,21,0,1,1.0,False
Baseline_Majority,5,1,0,22,0,1,1.0,False
Baseline_Majority,5,1,0,25,1,1,1.0,True
Baseline_Majority,5,1,0,26,0,1,1.0,False
Baseline_Majority,5,1,0,34,0,1,1.0,False
Baseline_Majority,5,1,0,43,0,1,1.0,False
Baseline_Majority,5,1,0,44,0,1,1.0,False
Baseline_Majority,5,1,0,47,1,1,1.0,True
Baseline_Majority,5,1,0,51,1,1,1.0,True
Baseline_Majority,5,1,0,52,1,1,1.0,True
Baseline_Majority,5,1,0,58,0,1,1.0,False
Baseline_Majority,5,1,0,74,1,1,1.0,True
Baseline_Majority,5,1,0,76,1,1,1.0,True
Baseline_Majority,5,1,0,82,1,1,1.0,True
Baseline_Majority,5,1,0,83,0,1,1.0,False
Baseline_Majority,5,1,0,88,0,1,1.0,False
Baseline_Majority,5,1,0,92,1,1,1.0,True
Baseline_Majority,5,1,0,98,1,1,1.0,True
Baseline_Majority,5,1,0,107,0,1,1.0,False
Baseline_Majority,5,1,0,116,1,1,1.0,True
Baseline_Majority,5,1,0,118,0,1,1.0,False
Baseline_Majority,5,1,0,123,0,1,1.0,False
Baseline_Majority,5,1,0,124,1,1,1.0,True
Baseline_Majority,5,1,0,129,1,1,1.0,True
Baseline_Majority,5,1,0,131,0,1,1.0,False
Baseline_Majority,5,1,0,137,1,1,1.0,True
Baseline_Majority,6,1,1,2,1,1,1.0,True
Baseline_Majority,6,1,1,3,0,1,1.0,False
Baseline_Majority,6,1,1,4,0,1,1.0,False
Baseline_Majority,6,1,1,9,0,1,1.0,False
Baseline_Majority,6,1,1,10,1,1,1.0,True
Baseline_Majority,6,1,1,15,0,1,1.0,False
Baseline_Majority,6,1,1,16,0,1,1.0,False
Baseline_Majority,6,1,1,17,1,1,1.0,True
Baseline_Majority,6,1,1,29,1,1,1.0,True
Baseline_Majority,6,1,1,41,0,1,1.0,False
Baseline_Majority,6,1,1,45,1,1,1.0,True
Baseline_Majority,6,1,1,55,1,1,1.0,True
Baseline_Majority,6,1,1,59,1,1,1.0,True
Baseline_Majority,6,1,1,65,0,1,1.0,False
Baseline_Majority,6,1,1,71,1,1,1.0,True
Baseline_Majority,6,1,1,77,0,1,1.0,False
Baseline_Majority,6,1,1,80,0,1,1.0,False
Baseline_Majority,6,1,1,90,1,1,1.0,True
Baseline_Majority,6,1,1,95,0,1,1.0,False
Baseline_Majority,6,1,1,96,1,1,1.0,True
Baseline_Majority,6,1,1,101,0,1,1.0,False
Baseline_Majority,6,1,1,102,1,1,1.0,True
Baseline_Majority,6,1,1,106,1,1,1.0,True
Baseline_Majority,6,1,1,108,0,1,1.0,False
Baseline_Majority,6,1,1,114,0,1,1.0,False
Baseline_Majority,6,1,1,125,1,1,1.0,True
Baseline_Majority,6,1,1,133,1,1,1.0,True
Baseline_Majority,6,1,1,138,1,1,1.0,True
Baseline_Majority,7,1,2,5,0,1,1.0,False
Baseline_Majority,7,1,2,11,0,1,1.0,False
Baseline_Majority,7,1,2,13,1,1,1.0,True
Baseline_Majority,7,1,2,14,1,1,1.0,True
Baseline_Majority,7,1,2,24,1,1,1.0,True
Baseline_Majority,7,1,2,28,0,1,1.0,False
Baseline_Majority,7,1,2,32,0,1,1.0,False
Baseline_Majority,7,1,2,33,0,1,1.0,False
Baseline_Majority,7,1,2,35,0,1,1.0,False
Baseline_Majority,7,1,2,38,0,1,1.0,False
Baseline_Majority,7,1,2,66,1,1,1.0,True
Baseline_Majority,7,1,2,67,1,1,1.0,True
Baseline_Majority,7,1,2,73,1,1,1.0,True
Baseline_Majority,7,1,2,79,0,1,1.0,False
Baseline_Majority,7,1,2,84,0,1,1.0,False
Baseline_Majority,7,1,2,86,1,1,1.0,True
Baseline_Majority,7,1,2,91,0,1,1.0,False
Baseline_Majority,7,1,2,93,1,1,1.0,True
Baseline_Majority,7,1,2,94,1,1,1.0,True
Baseline_Majority,7,1,2,104,0,1,1.0,False
Baseline_Majority,7,1,2,110,1,1,1.0,True
Baseline_Majority,7,1,2,112,0,1,1.0,False
Baseline_Majority,7,1,2,121,1,1,1.0,True
Baseline_Majority,7,1,2,122,1,1,1.0,True
Baseline_Majority,7,1,2,127,1,1,1.0,True
Baseline_Majority,7,1,2,132,1,1,1.0,True
Baseline_Majority,7,1,2,134,0,1,1.0,False
Baseline_Majority,7,1,2,136,1,1,1.0,True
Baseline_Majority,8,1,3,19,1,1,1.0,True
Baseline_Majority,8,1,3,30,0,1,1.0,False
Baseline_Majority,8,1,3,31,0,1,1.0,False
Baseline_Majority,8,1,3,36,0,1,1.0,False
Baseline_Majority,8,1,3,37,0,1,1.0,False
Baseline_Majority,8,1,3,39,1,1,1.0,True
Baseline_Majority,8,1,3,40,1,1,1.0,True
Baseline_Majority,8,1,3,42,0,1,1.0,False
Baseline_Majority,8,1,3,46,1,1,1.0,True
Baseline_Majority,8,1,3,54,0,1,1.0,False
Baseline_Majority,8,1,3,56,1,1,1.0,True
Baseline_Majority,8,1,3,57,0,1,1.0,False
Baseline_Majority,8,1,3,60,1,1,1.0,True
Baseline_Majority,8,1,3,62,0,1,1.0,False
Baseline_Majority,8,1,3,64,0,1,1.0,False
Baseline_Majority,8,1,3,72,1,1,1.0,True
Baseline_Majority,8,1,3,75,1,1,1.0,True
Baseline_Majority,8,1,3,81,1,1,1.0,True
Baseline_Majority,8,1,3,85,0,1,1.0,False
Baseline_Majority,8,1,3,87,0,1,1.0,False
Baseline_Majority,8,1,3,99,0,1,1.0,False
Baseline_Majority,8,1,3,105,0,1,1.0,False
Baseline_Majority,8,1,3,109,1,1,1.0,True
Baseline_Majority,8,1,3,111,1,1,1.0,True
Baseline_Majority,8,1,3,117,1,1,1.0,True
Baseline_Majority,8,1,3,120,1,1,1.0,True
Baseline_Majority,8,1,3,126,1,1,1.0,True
Baseline_Majority,8,1,3,135,0,1,1.0,False
Baseline_Majority,9,1,4,0,1,1,1.0,True
Baseline_Majority,9,1,4,1,0,1,1.0,False
Baseline_Majority,9,1,4,7,0,1,1.0,False
Baseline_Majority,9,1,4,8,1,1,1.0,True
Baseline_Majority,9,1,4,18,1,1,1.0,True
Baseline_Majority,9,1,4,20,0,1,1.0,False
Baseline_Majority,9,1,4,23,0,1,1.0,False
Baseline_Majority,9,1,4,27,0,1,1.0,False
Baseline_Majority,9,1,4,48,1,1,1.0,True
Baseline_Majority,9,1,4,49,1,1,1.0,True
Baseline_Majority,9,1,4,50,1,1,1.0,True
Baseline_Majority,9,1,4,53,1,1,1.0,True
Baseline_Majority,9,1,4,61,0,1,1.0,False
Baseline_Majority,9,1,4,63,0,1,1.0,False
Baseline_Majority,9,1,4,68,1,1,1.0,True
Baseline_Majority,9,1,4,69,1,1,1.0,True
Baseline_Majority,9,1,4,70,1,1,1.0,True
Baseline_Majority,9,1,4,78,1,1,1.0,True
Baseline_Majority,9,1,4,89,1,1,1.0,True
Baseline_Majority,9,1,4,97,1,1,1.0,True
Baseline_Majority,9,1,4,100,0,1,1.0,False
Baseline_Majority,9,1,4,103,0,1,1.0,False
Baseline_Majority,9,1,4,113,1,1,1.0,True
Baseline_Majority,9,1,4,115,0,1,1.0,False
Baseline_Majority,9,1,4,119,0,1,1.0,False
Baseline_Majority,9,1,4,128,0,1,1.0,False
Baseline_Majority,9,1,4,130,0,1,1.0,False
Baseline_Majority,10,2,0,6,1,1,1.0,True
Baseline_Majority,10,2,0,8,1,1,1.0,True
Baseline_Majority,10,2,0,11,0,1,1.0,False
Baseline_Majority,10,2,0,12,1,1,1.0,True
Baseline_Majority,10,2,0,23,0,1,1.0,False
Baseline_Majority,10,2,0,27,0,1,1.0,False
Baseline_Majority,10,2,0,31,0,1,1.0,False
Baseline_Majority,10,2,0,32,0,1,1.0,False
Baseline_Majority,10,2,0,39,1,1,1.0,True
Baseline_Majority,10,2,0,43,0,1,1.0,False
Baseline_Majority,10,2,0,46,1,1,1.0,True
Baseline_Majority,10,2,0,56,1,1,1.0,True
Baseline_Majority,10,2,0,58,0,1,1.0,False
Baseline_Majority,10,2,0,60,1,1,1.0,True
Baseline_Majority,10,2,0,61,0,1,1.0,False
Baseline_Majority,10,2,0,63,0,1,1.0,False
Baseline_Majority,10,2,0,64,0,1,1.0,False
Baseline_Majority,10,2,0,67,1,1,1.0,True
Baseline_Majority,10,2,0,81,1,1,1.0,True
Baseline_Majority,10,2,0,85,0,1,1.0,False
Baseline_Majority,10,2,0,90,1,1,1.0,True
Baseline_Majority,10,2,0,92,1,1,1.0,True
Baseline_Majority,10,2,0,97,1,1,1.0,True
Baseline_Majority,10,2,0,102,1,1,1.0,True
Baseline_Majority,10,2,0,103,0,1,1.0,False
Baseline_Majority,10,2,0,117,1,1,1.0,True
Baseline_Majority,10,2,0,119,0,1,1.0,False
Baseline_Majority,10,2,0,138,1,1,1.0,True
Baseline_Majority,11,2,1,16,0,1,1.0,False
Baseline_Majority,11,2,1,17,1,1,1.0,True
Baseline_Majority,11,2,1,38,0,1,1.0,False
Baseline_Majority,11,2,1,42,0,1,1.0,False
Baseline_Majority,11,2,1,45,1,1,1.0,True
Baseline_Majority,11,2,1,53,1,1,1.0,True
Baseline_Majority,11,2,1,54,0,1,1.0,False
Baseline_Majority,11,2,1,57,0,1,1.0,False
Baseline_Majority,11,2,1,62,0,1,1.0,False
Baseline_Majority,11,2,1,66,1,1,1.0,True
Baseline_Majority,11,2,1,72,1,1,1.0,True
Baseline_Majority,11,2,1,75,1,1,1.0,True
Baseline_Majority,11,2,1,78,1,1,1.0,True
Baseline_Majority,11,2,1,86,1,1,1.0,True
Baseline_Majority,11,2,1,91,0,1,1.0,False
Baseline_Majority,11,2,1,95,0,1,1.0,False
Baseline_Majority,11,2,1,96,1,1,1.0,True
Baseline_Majority,11,2,1,104,0,1,1.0,False
Baseline_Majority,11,2,1,105,0,1,1.0,False
Baseline_Majority,11,2,1,111,1,1,1.0,True
Baseline_Majority,11,2,1,114,0,1,1.0,False
Baseline_Majority,11,2,1,122,1,1,1.0,True
Baseline_Majority,11,2,1,124,1,1,1.0,True
Baseline_Majority,11,2,1,125,1,1,1.0,True
Baseline_Majority,11,2,1,134,0,1,1.0,False
Baseline_Majority,11,2,1,135,0,1,1.0,False
Baseline_Majority,11,2,1,136,1,1,1.0,True
Baseline_Majority,11,2,1,137,1,1,1.0,True
Baseline_Majority,12,2,2,5,0,1,1.0,False
Baseline_Majority,12,2,2,9,0,1,1.0,False
Baseline_Majority,12,2,2,18,1,1,1.0,True
Baseline_Majority,12,2,2,20,0,1,1.0,False
Baseline_Majority,12,2,2,24,1,1,1.0,True
Baseline_Majority,12,2,2,25,1,1,1.0,True
Baseline_Majority,12,2,2,26,0,1,1.0,False
Baseline_Majority,12,2,2,30,0,1,1.0,False
Baseline_Majority,12,2,2,36,0,1,1.0,False
Baseline_Majority,12,2,2,48,1,1,1.0,True
Baseline_Majority,12,2,2,49,1,1,1.0,True
Baseline_Majority,12,2,2,50,1,1,1.0,True
Baseline_Majority,12,2,2,51,1,1,1.0,True
Baseline_Majority,12,2,2,59,1,1,1.0,True
Baseline_Majority,12,2,2,68,1,1,1.0,True
Baseline_Majority,12,2,2,70,1,1,1.0,True
Baseline_Majority,12,2,2,79,0,1,1.0,False
Baseline_Majority,12,2,2,83,0,1,1.0,False
Baseline_Majority,12,2,2,84,0,1,1.0,False
Baseline_Majority,12,2,2,87,0,1,1.0,False
Baseline_Majority,12,2,2,101,0,1,1.0,False
Baseline_Majority,12,2,2,108,0,1,1.0,False
Baseline_Majority,12,2,2,110,1,1,1.0,True
Baseline_Majority,12,2,2,113,1,1,1.0,True
Baseline_Majority,12,2,2,126,1,1,1.0,True
Baseline_Majority,12,2,2,127,1,1,1.0,True
Baseline_Majority,12,2,2,130,0,1,1.0,False
Baseline_Majority,12,2,2,132,1,1,1.0,True
Baseline_Majority,13,2,3,3,0,1,1.0,False
Baseline_Majority,13,2,3,4,0,1,1.0,False
Baseline_Majority,13,2,3,7,0,1,1.0,False
Baseline_Majority,13,2,3,15,0,1,1.0,False
Baseline_Majority,13,2,3,22,0,1,1.0,False
Baseline_Majority,13,2,3,29,1,1,1.0,True
Baseline_Majority,13,2,3,35,0,1,1.0,False
Baseline_Majority,13,2,3,37,0,1,1.0,False
Baseline_Majority,13,2,3,40,1,1,1.0,True
Baseline_Majority,13,2,3,41,0,1,1.0,False
Baseline_Majority,13,2,3,47,1,1,1.0,True
Baseline_Majority,13,2,3,52,1,1,1.0,True
Baseline_Majority,13,2,3,55,1,1,1.0,True
Baseline_Majority,13,2,3,69,1,1,1.0,True
Baseline_Majority,13,2,3,71,1,1,1.0,True
Baseline_Majority,13,2,3,73,1,1,1.0,True
Baseline_Majority,13,2,3,76,1,1,1.0,True
Baseline_Majority,13,2,3,82,1,1,1.0,True
Baseline_Majority,13,2,3,94,1,1,1.0,True
Baseline_Majority,13,2,3,98,1,1,1.0,True
Baseline_Majority,13,2,3,99,0,1,1.0,False
Baseline_Majority,13,2,3,107,0,1,1.0,False
Baseline_Majority,13,2,3,112,0,1,1.0,False
Baseline_Majority,13,2,3,115,0,1,1.0,False
Baseline_Majority,13,2,3,118,0,1,1.0,False
Baseline_Majority,13,2,3,121,1,1,1.0,True
Baseline_Majority,13,2,3,131,0,1,1.0,False
Baseline_Majority,13,2,3,133,1,1,1.0,True
Baseline_Majority,14,2,4,0,1,1,1.0,True
Baseline_Majority,14,2,4,1,0,1,1.0,False
Baseline_Majority,14,2,4,2,1,1,1.0,True
Baseline_Majority,14,2,4,10,1,1,1.0,True
Baseline_Majority,14,2,4,13,1,1,1.0,True
Baseline_Majority,14,2,4,14,1,1,1.0,True
Baseline_Majority,14,2,4,19,1,1,1.0,True
Baseline_Majority,14,2,4,21,0,1,1.0,False
Baseline_Majority,14,2,4,28,0,1,1.0,False
Baseline_Majority,14,2,4,33,0,1,1.0,False
Baseline_Majority,14,2,4,34,0,1,1.0,False
Baseline_Majority,14,2,4,44,0,1,1.0,False
Baseline_Majority,14,2,4,65,0,1,1.0,False
Baseline_Majority,14,2,4,74,1,1,1.0,True
Baseline_Majority,14,2,4,77,0,1,1.0,False
Baseline_Majority,14,2,4,80,0,1,1.0,False
Baseline_Majority,14,2,4,88,0,1,1.0,False
Baseline_Majority,14,2,4,89,1,1,1.0,True
Baseline_Majority,14,2,4,93,1,1,1.0,True
Baseline_Majority,14,2,4,100,0,1,1.0,False
Baseline_Majority,14,2,4,106,1,1,1.0,True
Baseline_Majority,14,2,4,109,1,1,1.0,True
Baseline_Majority,14,2,4,116,1,1,1.0,True
Baseline_Majority,14,2,4,120,1,1,1.0,True
Baseline_Majority,14,2,4,123,0,1,1.0,False
Baseline_Majority,14,2,4,128,0,1,1.0,False
Baseline_Majority,14,2,4,129,1,1,1.0,True
Baseline_Majority,15,3,0,9,0,1,1.0,False
Baseline_Majority,15,3,0,12,1,1,1.0,True
Baseline_Majority,15,3,0,17,1,1,1.0,True
Baseline_Majority,15,3,0,18,1,1,1.0,True
Baseline_Majority,15,3,0,25,1,1,1.0,True
Baseline_Majority,15,3,0,27,0,1,1.0,False
Baseline_Majority,15,3,0,32,0,1,1.0,False
Baseline_Majority,15,3,0,37,0,1,1.0,False
Baseline_Majority,15,3,0,38,0,1,1.0,False
Baseline_Majority,15,3,0,39,1,1,1.0,True
Baseline_Majority,15,3,0,47,1,1,1.0,True
Baseline_Majority,15,3,0,48,1,1,1.0,True
Baseline_Majority,15,3,0,58,0,1,1.0,False
Baseline_Majority,15,3,0,60,1,1,1.0,True
Baseline_Majority,15,3,0,68,1,1,1.0,True
Baseline_Majority,15,3,0,74,1,1,1.0,True
Baseline_Majority,15,3,0,78,1,1,1.0,True
Baseline_Majority,15,3,0,80,0,1,1.0,False
Baseline_Majority,15,3,0,84,0,1,1.0,False
Baseline_Majority,15,3,0,88,0,1,1.0,False
Baseline_Majority,15,3,0,91,0,1,1.0,False
Baseline_Majority,15,3,0,98,1,1,1.0,True
Baseline_Majority,15,3,0,106,1,1,1.0,True
Baseline_Majority,15,3,0,107,0,1,1.0,False
Baseline_Majority,15,3,0,109,1,1,1.0,True
Baseline_Majority,15,3,0,123,0,1,1.0,False
Baseline_Majority,15,3,0,132,1,1,1.0,True
Baseline_Majority,15,3,0,135,0,1,1.0,False
Baseline_Majority,16,3,1,0,1,1,1.0,True
Baseline_Majority,16,3,1,5,0,1,1.0,False
Baseline_Majority,16,3,1,6,1,1,1.0,True
Baseline_Majority,16,3,1,7,0,1,1.0,False
Baseline_Majority,16,3,1,13,1,1,1.0,True
Baseline_Majority,16,3,1,26,0,1,1.0,False
Baseline_Majority,16,3,1,30,0,1,1.0,False
Baseline_Majority,16,3,1,34,0,1,1.0,False
Baseline_Majority,16,3,1,35,0,1,1.0,False
Baseline_Majority,16,3,1,41,0,1,1.0,False
Baseline_Majority,16,3,1,49,1,1,1.0,True
Baseline_Majority,16,3,1,55,1,1,1.0,True
Baseline_Majority,16,3,1,61,0,1,1.0,False
Baseline_Majority,16,3,1,62,0,1,1.0,False
Baseline_Majority,16,3,1,63,0,1,1.0,False
Baseline_Majority,16,3,1,75,1,1,1.0,True
Baseline_Majority,16,3,1,76,1,1,1.0,True
Baseline_Majority,16,3,1,92,1,1,1.0,True
Baseline_Majority,16,3,1,110,1,1,1.0,True
Baseline_Majority,16,3,1,112,0,1,1.0,False
Baseline_Majority,16,3,1,117,1,1,1.0,True
Baseline_Majority,16,3,1,122,1,1,1.0,True
Baseline_Majority,16,3,1,126,1,1,1.0,True
Baseline_Majority,16,3,1,127,1,1,1.0,True
Baseline_Majority,16,3,1,129,1,1,1.0,True
Baseline_Majority,16,3,1,131,0,1,1.0,False
Baseline_Majority,16,3,1,133,1,1,1.0,True
Baseline_Majority,16,3,1,134,0,1,1.0,False
Baseline_Majority,17,3,2,10,1,1,1.0,True
Baseline_Majority,17,3,2,16,0,1,1.0,False
Baseline_Majority,17,3,2,20,0,1,1.0,False
Baseline_Majority,17,3,2,24,1,1,1.0,True
Baseline_Majority,17,3,2,28,0,1,1.0,False
Baseline_Majority,17,3,2,29,1,1,1.0,True
Baseline_Majority,17,3,2,31,0,1,1.0,False
Baseline_Majority,17,3,2,40,1,1,1.0,True
Baseline_Majority,17,3,2,43,0,1,1.0,False
Baseline_Majority,17,3,2,46,1,1,1.0,True
Baseline_Majority,17,3,2,51,1,1,1.0,True
Baseline_Majority,17,3,2,66,1,1,1.0,True
Baseline_Majority,17,3,2,69,1,1,1.0,True
Baseline_Majority,17,3,2,71,1,1,1.0,True
Baseline_Majority,17,3,2,77,0,1,1.0,False
Baseline_Majority,17,3,2,81,1,1,1.0,True
Baseline_Majority,17,3,2,83,0,1,1.0,False
Baseline_Majority,17,3,2,89,1,1,1.0,True
Baseline_Majority,17,3,2,93,1,1,1.0,True
Baseline_Majority,17,3,2,94,1,1,1.0,True
Baseline_Majority,17,3,2,99,0,1,1.0,False
Baseline_Majority,17,3,2,103,0,1,1.0,False
Baseline_Majority,17,3,2,104,0,1,1.0,False
Baseline_Majority,17,3,2,114,0,1,1.0,False
Baseline_Majority,17,3,2,115,0,1,1.0,False
Baseline_Majority,17,3,2,116,1,1,1.0,True
Baseline_Majority,17,3,2,118,0,1,1.0,False
Baseline_Majority,17,3,2,137,1,1,1.0,True
Baseline_Majority,18,3,3,14,1,1,1.0,True
Baseline_Majority,18,3,3,21,0,1,1.0,False
Baseline_Majority,18,3,3,22,0,1,1.0,False
Baseline_Majority,18,3,3,42,0,1,1.0,False
Baseline_Majority,18,3,3,44,0,1,1.0,False
Baseline_Majority,18,3,3,45,1,1,1.0,True
Baseline_Majority,18,3,3,50,1,1,1.0,True
Baseline_Majority,18,3,3,52,1,1,1.0,True
Baseline_Majority,18,3,3,54,0,1,1.0,False
Baseline_Majority,18,3,3,56,1,1,1.0,True
Baseline_Majority,18,3,3,57,0,1,1.0,False
Baseline_Majority,18,3,3,64,0,1,1.0,False
Baseline_Majority,18,3,3,70,1,1,1.0,True
Baseline_Majority,18,3,3,73,1,1,1.0,True
Baseline_Majority,18,3,3,79,0,1,1.0,False
Baseline_Majority,18,3,3,85,0,1,1.0,False
Baseline_Majority,18,3,3,86,1,1,1.0,True
Baseline_Majority,18,3,3,87,0,1,1.0,False
Baseline_Majority,18,3,3,96,1,1,1.0,True
Baseline_Majority,18,3,3,100,0,1,1.0,False
Baseline_Majority,18,3,3,101,0,1,1.0,False
Baseline_Majority,18,3,3,102,1,1,1.0,True
Baseline_Majority,18,3,3,105,0,1,1.0,False
Baseline_Majority,18,3,3,111,1,1,1.0,True
Baseline_Majority,18,3,3,119,0,1,1.0,False
Baseline_Majority,18,3,3,121,1,1,1.0,True
Baseline_Majority,18,3,3,136,1,1,1.0,True
Baseline_Majority,18,3,3,138,1,1,1.0,True
Baseline_Majority,19,3,4,1,0,1,1.0,False
Baseline_Majority,19,3,4,2,1,1,1.0,True
Baseline_Majority,19,3,4,3,0,1,1.0,False
Baseline_Majority,19,3,4,4,0,1,1.0,False
Baseline_Majority,19,3,4,8,1,1,1.0,True
Baseline_Majority,19,3,4,11,0,1,1.0,False
Baseline_Majority,19,3,4,15,0,1,1.0,False
Baseline_Majority,19,3,4,19,1,1,1.0,True
Baseline_Majority,19,3,4,23,0,1,1.0,False
Baseline_Majority,19,3,4,33,0,1,1.0,False
Baseline_Majority,19,3,4,36,0,1,1.0,False
Baseline_Majority,19,3,4,53,1,1,1.0,True
Baseline_Majority,19,3,4,59,1,1,1.0,True
Baseline_Majority,19,3,4,65,0,1,1.0,False
Baseline_Majority,19,3,4,67,1,1,1.0,True
Baseline_Majority,19,3,4,72,1,1,1.0,True
Baseline_Majority,19,3,4,82,1,1,1.0,True
Baseline_Majority,19,3,4,90,1,1,1.0,True
Baseline_Majority,19,3,4,95,0,1,1.0,False
Baseline_Majority,19,3,4,97,1,1,1.0,True
Baseline_Majority,19,3,4,108,0,1,1.0,False
Baseline_Majority,19,3,4,113,1,1,1.0,True
Baseline_Majority,19,3,4,120,1,1,1.0,True
Baseline_Majority,19,3,4,124,1,1,1.0,True
Baseline_Majority,19,3,4,125,1,1,1.0,True
Baseline_Majority,19,3,4,128,0,1,1.0,False
Baseline_Majority,19,3,4,130,0,1,1.0,False
Baseline_Majority,20,4,0,9,0,1,1.0,False
Baseline_Majority,20,4,0,14,1,1,1.0,True
Baseline_Majority,20,4,0,18,1,1,1.0,True
Baseline_Majority,20,4,0,23,0,1,1.0,False
Baseline_Majority,20,4,0,24,1,1,1.0,True
Baseline_Majority,20,4,0,28,0,1,1.0,False
Baseline_Majority,20,4,0,36,0,1,1.0,False
Baseline_Majority,20,4,0,45,1,1,1.0,True
Baseline_Majority,20,4,0,48,1,1,1.0,True
Baseline_Majority,20,4,0,52,1,1,1.0,True
Baseline_Majority,20,4,0,54,0,1,1.0,False
Baseline_Majority,20,4,0,57,0,1,1.0,False
Baseline_Majority,20,4,0,59,1,1,1.0,True
Baseline_Majority,20,4,0,61,0,1,1.0,False
Baseline_Majority,20,4,0,67,1,1,1.0,True
Baseline_Majority,20,4,0,69,1,1,1.0,True
Baseline_Majority,20,4,0,77,0,1,1.0,False
Baseline_Majority,20,4,0,88,0,1,1.0,False
Baseline_Majority,20,4,0,94,1,1,1.0,True
Baseline_Majority,20,4,0,99,0,1,1.0,False
Baseline_Majority,20,4,0,105,0,1,1.0,False
Baseline_Majority,20,4,0,108,0,1,1.0,False
Baseline_Majority,20,4,0,109,1,1,1.0,True
Baseline_Majority,20,4,0,111,1,1,1.0,True
Baseline_Majority,20,4,0,113,1,1,1.0,True
Baseline_Majority,20,4,0,118,0,1,1.0,False
Baseline_Majority,20,4,0,122,1,1,1.0,True
Baseline_Majority,20,4,0,138,1,1,1.0,True
Baseline_Majority,21,4,1,2,1,1,1.0,True
Baseline_Majority,21,4,1,5,0,1,1.0,False
Baseline_Majority,21,4,1,10,1,1,1.0,True
Baseline_Majority,21,4,1,19,1,1,1.0,True
Baseline_Majority,21,4,1,25,1,1,1.0,True
Baseline_Majority,21,4,1,27,0,1,1.0,False
Baseline_Majority,21,4,1,33,0,1,1.0,False
Baseline_Majority,21,4,1,34,0,1,1.0,False
Baseline_Majority,21,4,1,35,0,1,1.0,False
Baseline_Majority,21,4,1,37,0,1,1.0,False
Baseline_Majority,21,4,1,38,0,1,1.0,False
Baseline_Majority,21,4,1,56,1,1,1.0,True
Baseline_Majority,21,4,1,63,0,1,1.0,False
Baseline_Majority,21,4,1,64,0,1,1.0,False
Baseline_Majority,21,4,1,68,1,1,1.0,True
Baseline_Majority,21,4,1,70,1,1,1.0,True
Baseline_Majority,21,4,1,83,0,1,1.0,False
Baseline_Majority,21,4,1,89,1,1,1.0,True
Baseline_Majority,21,4,1,90,1,1,1.0,True
Baseline_Majority,21,4,1,96,1,1,1.0,True
Baseline_Majority,21,4,1,101,0,1,1.0,False
Baseline_Majority,21,4,1,110,1,1,1.0,True
Baseline_Majority,21,4,1,115,0,1,1.0,False
Baseline_Majority,21,4,1,126,1,1,1.0,True
Baseline_Majority,21,4,1,133,1,1,1.0,True
Baseline_Majority,21,4,1,134,0,1,1.0,False
Baseline_Majority,21,4,1,136,1,1,1.0,True
Baseline_Majority,21,4,1,137,1,1,1.0,True
Baseline_Majority,22,4,2,0,1,1,1.0,True
Baseline_Majority,22,4,2,1,0,1,1.0,False
Baseline_Majority,22,4,2,8,1,1,1.0,True
Baseline_Majority,22,4,2,12,1,1,1.0,True
Baseline_Majority,22,4,2,15,0,1,1.0,False
Baseline_Majority,22,4,2,16,0,1,1.0,False
Baseline_Majority,22,4,2,17,1,1,1.0,True
Baseline_Majority,22,4,2,29,1,1,1.0,True
Baseline_Majority,22,4,2,30,0,1,1.0,False
Baseline_Majority,22,4,2,31,0,1,1.0,False
Baseline_Majority,22,4,2,39,1,1,1.0,True
Baseline_Majority,22,4,2,40,1,1,1.0,True
Baseline_Majority,22,4,2,46,1,1,1.0,True
Baseline_Majority,22,4,2,50,1,1,1.0,True
Baseline_Majority,22,4,2,62,0,1,1.0,False
Baseline_Majority,22,4,2,65,0,1,1.0,False
Baseline_Majority,22,4,2,71,1,1,1.0,True
Baseline_Majority,22,4,2,78,1,1,1.0,True
Baseline_Majority,22,4,2,79,0,1,1.0,False
Baseline_Majority,22,4,2,80,0,1,1.0,False
Baseline_Majority,22,4,2,93,1,1,1.0,True
Baseline_Majority,22,4,2,103,0,1,1.0,False
Baseline_Majority,22,4,2,106,1,1,1.0,True
Baseline_Majority,22,4,2,119,0,1,1.0,False
Baseline_Majority,22,4,2,120,1,1,1.0,True
Baseline_Majority,22,4,2,123,0,1,1.0,False
Baseline_Majority,22,4,2,124,1,1,1.0,True
Baseline_Majority,22,4,2,135,0,1,1.0,False
Baseline_Majority,23,4,3,4,0,1,1.0,False
Baseline_Majority,23,4,3,6,1,1,1.0,True
Baseline_Majority,23,4,3,13,1,1,1.0,True
Baseline_Majority,23,4,3,20,0,1,1.0,False
Baseline_Majority,23,4,3,21,0,1,1.0,False
Baseline_Majority,23,4,3,26,0,1,1.0,False
Baseline_Majority,23,4,3,41,0,1,1.0,False
Baseline_Majority,23,4,3,42,0,1,1.0,False
Baseline_Majority,23,4,3,47,1,1,1.0,True
Baseline_Majority,23,4,3,51,1,1,1.0,True
Baseline_Majority,23,4,3,58,0,1,1.0,False
Baseline_Majority,23,4,3,60,1,1,1.0,True
Baseline_Majority,23,4,3,66,1,1,1.0,True
Baseline_Majority,23,4,3,72,1,1,1.0,True
Baseline_Majority,23,4,3,74,1,1,1.0,True
Baseline_Majority,23,4,3,75,1,1,1.0,True
Baseline_Majority,23,4,3,81,1,1,1.0,True
Baseline_Majority,23,4,3,84,0,1,1.0,False
Baseline_Majority,23,4,3,85,0,1,1.0,False
Baseline_Majority,23,4,3,95,0,1,1.0,False
Baseline_Majority,23,4,3,97,1,1,1.0,True
Baseline_Majority,23,4,3,100,0,1,1.0,False
Baseline_Majority,23,4,3,102,1,1,1.0,True
Baseline_Majority,23,4,3,104,0,1,1.0,False
Baseline_Majority,23,4,3,107,0,1,1.0,False
Baseline_Majority,23,4,3,125,1,1,1.0,True
Baseline_Majority,23,4,3,127,1,1,1.0,True
Baseline_Majority,23,4,3,130,0,1,1.0,False
Baseline_Majority,24,4,4,3,0,1,1.0,False
Baseline_Majority,24,4,4,7,0,1,1.0,False
Baseline_Majority,24,4,4,11,0,1,1.0,False
Baseline_Majority,24,4,4,22,0,1,1.0,False
Baseline_Majority,24,4,4,32,0,1,1.0,False
Baseline_Majority,24,4,4,43,0,1,1.0,False
Baseline_Majority,24,4,4,44,0,1,1.0,False
Baseline_Majority,24,4,4,49,1,1,1.0,True
Baseline_Majority,24,4,4,53,1,1,1.0,True
Baseline_Majority,24,4,4,55,1,1,1.0,True
Baseline_Majority,24,4,4,73,1,1,1.0,True
Baseline_Majority,24,4,4,76,1,1,1.0,True
Baseline_Majority,24,4,4,82,1,1,1.0,True
Baseline_Majority,24,4,4,86,1,1,1.0,True
Baseline_Majority,24,4,4,87,0,1,1.0,False
Baseline_Majority,24,4,4,91,0,1,1.0,False
Baseline_Majority,24,4,4,92,1,1,1.0,True
Baseline_Majority,24,4,4,98,1,1,1.0,True
Baseline_Majority,24,4,4,112,0,1,1.0,False
Baseline_Majority,24,4,4,114,0,1,1.0,False
Baseline_Majority,24,4,4,116,1,1,1.0,True
Baseline_Majority,24,4,4,117,1,1,1.0,True
Baseline_Majority,24,4,4,121,1,1,1.0,True
Baseline_Majority,24,4,4,128,0,1,1.0,False
Baseline_Majority,24,4,4,129,1,1,1.0,True
Baseline_Majority,24,4,4,131,0,1,1.0,False
Baseline_Majority,24,4,4,132,1,1,1.0,True
Logistic_Regression_L2,0,0,0,0,1,1,0.534,True
Logistic_Regression_L2,0,0,0,4,0,0,0.0002,True
Logistic_Regression_L2,0,0,0,5,0,0,0.0758,True
Logistic_Regression_L2,0,0,0,7,0,0,0.0886,True
Logistic_Regression_L2,0,0,0,8,1,1,0.6711,True
Logistic_Regression_L2,0,0,0,13,1,1,0.9065,True
Logistic_Regression_L2,0,0,0,17,1,1,0.5574,True
Logistic_Regression_L2,0,0,0,22,0,0,0.0139,True
Logistic_Regression_L2,0,0,0,25,1,1,0.9242,True
Logistic_Regression_L2,0,0,0,26,0,0,0.0037,True
Logistic_Regression_L2,0,0,0,39,1,0,0.0886,False
Logistic_Regression_L2,0,0,0,42,0,1,0.8299,False
Logistic_Regression_L2,0,0,0,55,1,0,0.4909,False
Logistic_Regression_L2,0,0,0,62,0,0,0.2495,True
Logistic_Regression_L2,0,0,0,72,1,1,0.7448,True
Logistic_Regression_L2,0,0,0,74,1,1,0.6322,True
Logistic_Regression_L2,0,0,0,78,1,1,0.8852,True
Logistic_Regression_L2,0,0,0,79,0,0,0.4153,True
Logistic_Regression_L2,0,0,0,82,1,1,0.9429,True
Logistic_Regression_L2,0,0,0,88,0,0,0.1097,True
Logistic_Regression_L2,0,0,0,95,0,0,0.0149,True
Logistic_Regression_L2,0,0,0,103,0,0,0.0003,True
Logistic_Regression_L2,0,0,0,104,0,0,0.064,True
Logistic_Regression_L2,0,0,0,107,0,0,0.0433,True
Logistic_Regression_L2,0,0,0,111,1,1,0.9016,True
Logistic_Regression_L2,0,0,0,125,1,0,0.4988,False
Logistic_Regression_L2,0,0,0,129,1,1,0.918,True
Logistic_Regression_L2,0,0,0,137,1,1,0.5734,True
Logistic_Regression_L2,1,0,1,1,0,1,0.5805,False
Logistic_Regression_L2,1,0,1,3,0,0,0.0186,True
Logistic_Regression_L2,1,0,1,6,1,1,0.844,True
Logistic_Regression_L2,1,0,1,10,1,1,0.7579,True
Logistic_Regression_L2,1,0,1,27,0,0,0.2384,True
Logistic_Regression_L2,1,0,1,30,0,0,0.3951,True
Logistic_Regression_L2,1,0,1,31,0,0,0.1494,True
Logistic_Regression_L2,1,0,1,37,0,0,0.1637,True
Logistic_Regression_L2,1,0,1,40,1,1,0.689,True
Logistic_Regression_L2,1,0,1,50,1,1,0.8556,True
Logistic_Regression_L2,1,0,1,57,0,1,0.9308,False
Logistic_Regression_L2,1,0,1,58,0,0,0.0043,True
Logistic_Regression_L2,1,0,1,68,1,1,0.844,True
Logistic_Regression_L2,1,0,1,70,1,1,0.8495,True
Logistic_Regression_L2,1,0,1,75,1,1,0.9481,True
Logistic_Regression_L2,1,0,1,87,0,0,0.2254,True
Logistic_Regression_L2,1,0,1,94,1,1,0.9683,True
Logistic_Regression_L2,1,0,1,96,1,1,0.9292,True
Logistic_Regression_L2,1,0,1,98,1,1,0.7232,True
Logistic_Regression_L2,1,0,1,106,1,1,0.8767,True
Logistic_Regression_L2,1,0,1,112,0,0,0.3201,True
Logistic_Regression_L2,1,0,1,121,1,1,0.8176,True
Logistic_Regression_L2,1,0,1,127,1,1,0.9556,True
Logistic_Regression_L2,1,0,1,130,0,0,0.402,True
Logistic_Regression_L2,1,0,1,131,0,0,0.4103,True
Logistic_Regression_L2,1,0,1,132,1,1,0.9033,True
Logistic_Regression_L2,1,0,1,133,1,1,0.9207,True
Logistic_Regression_L2,1,0,1,134,0,0,0.0254,True
Logistic_Regression_L2,2,0,2,9,0,0,0.1615,True
Logistic_Regression_L2,2,0,2,14,1,1,0.9591,True
Logistic_Regression_L2,2,0,2,20,0,0,0.0306,True
Logistic_Regression_L2,2,0,2,23,0,1,0.5075,False
Logistic_Regression_L2,2,0,2,24,1,1,0.9499,True
Logistic_Regression_L2,2,0,2,33,0,1,0.5692,False
Logistic_Regression_L2,2,0,2,34,0,1,0.534,False
Logistic_Regression_L2,2,0,2,36,0,0,0.0002,True
Logistic_Regression_L2,2,0,2,41,0,0,0.1615,True
Logistic_Regression_L2,2,0,2,43,0,0,0.4227,True
Logistic_Regression_L2,2,0,2,47,1,1,0.537,True
Logistic_Regression_L2,2,0,2,48,1,0,0.2984,False
Logistic_Regression_L2,2,0,2,51,1,1,0.7722,True
Logistic_Regression_L2,2,0,2,52,1,0,0.0306,False
Logistic_Regression_L2,2,0,2,54,0,0,0.0123,True
Logistic_Regression_L2,2,0,2,59,1,1,0.9127,True
Logistic_Regression_L2,2,0,2,60,1,1,0.7708,True
Logistic_Regression_L2,2,0,2,71,1,1,0.8528,True
Logistic_Regression_L2,2,0,2,76,1,1,0.8405,True
Logistic_Regression_L2,2,0,2,77,0,0,0.1809,True
Logistic_Regression_L2,2,0,2,80,0,0,0.126,True
Logistic_Regression_L2,2,0,2,84,0,0,0.3966,True
Logistic_Regression_L2,2,0,2,86,1,1,0.8285,True
Logistic_Regression_L2,2,0,2,97,1,1,0.8231,True
Logistic_Regression_L2,2,0,2,113,1,1,0.6608,True
Logistic_Regression_L2,2,0,2,114,0,1,0.9507,False
Logistic_Regression_L2,2,0,2,120,1,1,0.9167,True
Logistic_Regression_L2,2,0,2,122,1,1,0.8998,True
Logistic_Regression_L2,3,0,3,16,0,1,0.508,False
Logistic_Regression_L2,3,0,3,18,1,1,0.8885,True
Logistic_Regression_L2,3,0,3,29,1,1,0.9157,True
Logistic_Regression_L2,3,0,3,35,0,0,0.0089,True
Logistic_Regression_L2,3,0,3,44,0,1,0.8958,False
Logistic_Regression_L2,3,0,3,45,1,1,0.923,True
Logistic_Regression_L2,3,0,3,46,1,1,0.9615,True
Logistic_Regression_L2,3,0,3,56,1,1,0.9549,True
Logistic_Regression_L2,3,0,3,61,0,0,0.397,True
Logistic_Regression_L2,3,0,3,63,0,0,0.0084,True
Logistic_Regression_L2,3,0,3,64,0,0,0.3164,True
Logistic_Regression_L2,3,0,3,65,0,1,0.6257,False
Logistic_Regression_L2,3,0,3,66,1,1,0.9037,True
Logistic_Regression_L2,3,0,3,67,1,1,0.8584,True
Logistic_Regression_L2,3,0,3,73,1,1,0.9474,True
Logistic_Regression_L2,3,0,3,81,1,1,0.9487,True
Logistic_Regression_L2,3,0,3,83,0,0,0.0232,True
Logistic_Regression_L2,3,0,3,85,0,0,0.0002,True
Logistic_Regression_L2,3,0,3,90,1,1,0.9197,True
Logistic_Regression_L2,3,0,3,91,0,0,0.1253,True
Logistic_Regression_L2,3,0,3,92,1,1,0.9712,True
Logistic_Regression_L2,3,0,3,99,0,0,0.0553,True
Logistic_Regression_L2,3,0,3,102,1,1,0.8177,True
Logistic_Regression_L2,3,0,3,115,0,0,0.0974,True
Logistic_Regression_L2,3,0,3,118,0,0,0.0162,True
Logistic_Regression_L2,3,0,3,126,1,1,0.9105,True
Logistic_Regression_L2,3,0,3,135,0,1,0.9107,False
Logistic_Regression_L2,3,0,3,138,1,0,0.4935,False
Logistic_Regression_L2,4,0,4,2,1,0,0.4022,False
Logistic_Regression_L2,4,0,4,11,0,0,0.1782,True
Logistic_Regression_L2,4,0,4,12,1,1,0.8668,True
Logistic_Regression_L2,4,0,4,15,0,1,0.6778,False
Logistic_Regression_L2,4,0,4,19,1,1,0.8645,True
Logistic_Regression_L2,4,0,4,21,0,0,0.0646,True
Logistic_Regression_L2,4,0,4,28,0,0,0.2196,True
Logistic_Regression_L2,4,0,4,32,0,1,0.5943,False
Logistic_Regression_L2,4,0,4,38,0,1,0.8923,False
Logistic_Regression_L2,4,0,4,49,1,1,0.7014,True
Logistic_Regression_L2,4,0,4,53,1,0,0.0646,False
Logistic_Regression_L2,4,0,4,69,1,1,0.8514,True
Logistic_Regression_L2,4,0,4,89,1,1,0.9212,True
Logistic_Regression_L2,4,0,4,93,1,1,0.927,True
Logistic_Regression_L2,4,0,4,100,0,0,0.0628,True
Logistic_Regression_L2,4,0,4,101,0,0,0.0123,True
Logistic_Regression_L2,4,0,4,105,0,0,0.0111,True
Logistic_Regression_L2,4,0,4,108,0,0,0.0782,True
Logistic_Regression_L2,4,0,4,109,1,0,0.454,False
Logistic_Regression_L2,4,0,4,110,1,1,0.6886,True
Logistic_Regression_L2,4,0,4,116,1,1,0.9183,True
Logistic_Regression_L2,4,0,4,117,1,0,0.1834,False
Logistic_Regression_L2,4,0,4,119,0,0,0.005,True
Logistic_Regression_L2,4,0,4,123,0,0,0.0006,True
Logistic_Regression_L2,4,0,4,124,1,1,0.7319,True
Logistic_Regression_L2,4,0,4,128,0,0,0.1301,True
Logistic_Regression_L2,4,0,4,136,1,0,0.4553,False
Logistic_Regression_L2,5,1,0,6,1,1,0.841,True
Logistic_Regression_L2,5,1,0,12,1,1,0.866,True
Logistic_Regression_L2,5,1,0,21,0,0,0.0725,True
Logistic_Regression_L2,5,1,0,22,0,0,0.0101,True
Logistic_Regression_L2,5,1,0,25,1,1,0.9275,True
Logistic_Regression_L2,5,1,0,26,0,0,0.0017,True
Logistic_Regression_L2,5,1,0,34,0,0,0.4636,True
Logistic_Regression_L2,5,1,0,43,0,0,0.2691,True
Logistic_Regression_L2,5,1,0,44,0,1,0.866,False
Logistic_Regression_L2,5,1,0,47,1,1,0.5947,True
Logistic_Regression_L2,5,1,0,51,1,1,0.7936,True
Logistic_Regression_L2,5,1,0,52,1,0,0.0546,False
Logistic_Regression_L2,5,1,0,58,0,0,0.0017,True
Logistic_Regression_L2,5,1,0,74,1,1,0.7601,True
Logistic_Regression_L2,5,1,0,76,1,1,0.8524,True
Logistic_Regression_L2,5,1,0,82,1,1,0.9628,True
Logistic_Regression_L2,5,1,0,83,0,0,0.0188,True
Logistic_Regression_L2,5,1,0,88,0,0,0.1897,True
Logistic_Regression_L2,5,1,0,92,1,1,0.9659,True
Logistic_Regression_L2,5,1,0,98,1,1,0.6792,True
Logistic_Regression_L2,5,1,0,107,0,0,0.0704,True
Logistic_Regression_L2,5,1,0,116,1,1,0.8916,True
Logistic_Regression_L2,5,1,0,118,0,0,0.0276,True
Logistic_Regression_L2,5,1,0,123,0,0,0.0016,True
Logistic_Regression_L2,5,1,0,124,1,1,0.7584,True
Logistic_Regression_L2,5,1,0,129,1,1,0.9275,True
Logistic_Regression_L2,5,1,0,131,0,0,0.2431,True
Logistic_Regression_L2,5,1,0,137,1,1,0.6567,True
Logistic_Regression_L2,6,1,1,2,1,0,0.3626,False
Logistic_Regression_L2,6,1,1,3,0,0,0.013,True
Logistic_Regression_L2,6,1,1,4,0,0,0.0002,True
Logistic_Regression_L2,6,1,1,9,0,0,0.1855,True
Logistic_Regression_L2,6,1,1,10,1,1,0.8214,True
Logistic_Regression_L2,6,1,1,15,0,1,0.7149,False
Logistic_Regression_L2,6,1,1,16,0,1,0.5614,False
Logistic_Regression_L2,6,1,1,17,1,1,0.6517,True
Logistic_Regression_L2,6,1,1,29,1,1,0.9044,True
Logistic_Regression_L2,6,1,1,41,0,0,0.1855,True
Logistic_Regression_L2,6,1,1,45,1,1,0.9173,True
Logistic_Regression_L2,6,1,1,55,1,1,0.5163,True
Logistic_Regression_L2,6,1,1,59,1,1,0.8929,True
Logistic_Regression_L2,6,1,1,65,0,1,0.6665,False
Logistic_Regression_L2,6,1,1,71,1,1,0.8869,True
Logistic_Regression_L2,6,1,1,77,0,0,0.1663,True
Logistic_Regression_L2,6,1,1,80,0,0,0.0695,True
Logistic_Regression_L2,6,1,1,90,1,1,0.9057,True
Logistic_Regression_L2,6,1,1,95,0,0,0.0151,True
Logistic_Regression_L2,6,1,1,96,1,1,0.9326,True
Logistic_Regression_L2,6,1,1,101,0,0,0.0121,True
Logistic_Regression_L2,6,1,1,102,1,1,0.7207,True
Logistic_Regression_L2,6,1,1,106,1,1,0.899,True
Logistic_Regression_L2,6,1,1,108,0,0,0.1905,True
Logistic_Regression_L2,6,1,1,114,0,1,0.9265,False
Logistic_Regression_L2,6,1,1,125,1,1,0.6241,True
Logistic_Regression_L2,6,1,1,133,1,1,0.9275,True
Logistic_Regression_L2,6,1,1,138,1,0,0.4543,False
Logistic_Regression_L2,7,1,2,5,0,0,0.1157,True
Logistic_Regression_L2,7,1,2,11,0,0,0.2544,True
Logistic_Regression_L2,7,1,2,13,1,1,0.908,True
Logistic_Regression_L2,7,1,2,14,1,1,0.9524,True
Logistic_Regression_L2,7,1,2,24,1,1,0.9447,True
Logistic_Regression_L2,7,1,2,28,0,0,0.4157,True
Logistic_Regression_L2,7,1,2,32,0,1,0.5914,False
Logistic_Regression_L2,7,1,2,33,0,1,0.5151,False
Logistic_Regression_L2,7,1,2,35,0,0,0.0147,True
Logistic_Regression_L2,7,1,2,38,0,1,0.8604,False
Logistic_Regression_L2,7,1,2,66,1,1,0.8863,True
Logistic_Regression_L2,7,1,2,67,1,1,0.8501,True
Logistic_Regression_L2,7,1,2,73,1,1,0.9359,True
Logistic_Regression_L2,7,1,2,79,0,0,0.4193,True
Logistic_Regression_L2,7,1,2,84,0,0,0.3994,True
Logistic_Regression_L2,7,1,2,86,1,1,0.7887,True
Logistic_Regression_L2,7,1,2,91,0,0,0.1149,True
Logistic_Regression_L2,7,1,2,93,1,1,0.9143,True
Logistic_Regression_L2,7,1,2,94,1,1,0.9648,True
Logistic_Regression_L2,7,1,2,104,0,0,0.0576,True
Logistic_Regression_L2,7,1,2,110,1,1,0.7763,True
Logistic_Regression_L2,7,1,2,112,0,0,0.3268,True
Logistic_Regression_L2,7,1,2,121,1,1,0.836,True
Logistic_Regression_L2,7,1,2,122,1,1,0.908,True
Logistic_Regression_L2,7,1,2,127,1,1,0.9504,True
Logistic_Regression_L2,7,1,2,132,1,1,0.908,True
Logistic_Regression_L2,7,1,2,134,0,0,0.0227,True
Logistic_Regression_L2,7,1,2,136,1,1,0.5091,True
Logistic_Regression_L2,8,1,3,19,1,1,0.8606,True
Logistic_Regression_L2,8,1,3,30,0,0,0.2609,True
Logistic_Regression_L2,8,1,3,31,0,0,0.1217,True
Logistic_Regression_L2,8,1,3,36,0,0,0.0001,True
Logistic_Regression_L2,8,1,3,37,0,0,0.0765,True
Logistic_Regression_L2,8,1,3,39,1,0,0.0743,False
Logistic_Regression_L2,8,1,3,40,1,1,0.7287,True
Logistic_Regression_L2,8,1,3,42,0,1,0.8382,False
Logistic_Regression_L2,8,1,3,46,1,1,0.969,True
Logistic_Regression_L2,8,1,3,54,0,0,0.009,True
Logistic_Regression_L2,8,1,3,56,1,1,0.9634,True
Logistic_Regression_L2,8,1,3,57,0,1,0.9532,False
Logistic_Regression_L2,8,1,3,60,1,1,0.8287,True
Logistic_Regression_L2,8,1,3,62,0,0,0.198,True
Logistic_Regression_L2,8,1,3,64,0,0,0.163,True
Logistic_Regression_L2,8,1,3,72,1,1,0.8398,True
Logistic_Regression_L2,8,1,3,75,1,1,0.9597,True
Logistic_Regression_L2,8,1,3,81,1,1,0.955,True
Logistic_Regression_L2,8,1,3,85,0,0,0.0001,True
Logistic_Regression_L2,8,1,3,87,0,0,0.1813,True
Logistic_Regression_L2,8,1,3,99,0,0,0.035,True
Logistic_Regression_L2,8,1,3,105,0,0,0.0087,True
Logistic_Regression_L2,8,1,3,109,1,1,0.679,True
Logistic_Regression_L2,8,1,3,111,1,1,0.93,True
Logistic_Regression_L2,8,1,3,117,1,0,0.2737,False
Logistic_Regression_L2,8,1,3,120,1,1,0.8799,True
Logistic_Regression_L2,8,1,3,126,1,1,0.9242,True
Logistic_Regression_L2,8,1,3,135,0,1,0.8707,False
Logistic_Regression_L2,9,1,4,0,1,1,0.5684,True
Logistic_Regression_L2,9,1,4,1,0,0,0.4261,True
Logistic_Regression_L2,9,1,4,7,0,0,0.2018,True
Logistic_Regression_L2,9,1,4,8,1,1,0.7036,True
Logistic_Regression_L2,9,1,4,18,1,1,0.8544,True
Logistic_Regression_L2,9,1,4,20,0,0,0.0694,True
Logistic_Regression_L2,9,1,4,23,0,1,0.5221,False
Logistic_Regression_L2,9,1,4,27,0,0,0.1063,True
Logistic_Regression_L2,9,1,4,48,1,0,0.3541,False
Logistic_Regression_L2,9,1,4,49,1,1,0.7049,True
Logistic_Regression_L2,9,1,4,50,1,1,0.8544,True
Logistic_Regression_L2,9,1,4,53,1,0,0.0834,False
Logistic_Regression_L2,9,1,4,61,0,0,0.4354,True
Logistic_Regression_L2,9,1,4,63,0,0,0.0092,True
Logistic_Regression_L2,9,1,4,68,1,1,0.8455,True
Logistic_Regression_L2,9,1,4,69,1,1,0.8199,True
Logistic_Regression_L2,9,1,4,70,1,1,0.8139,True
Logistic_Regression_L2,9,1,4,78,1,1,0.8629,True
Logistic_Regression_L2,9,1,4,89,1,1,0.9023,True
Logistic_Regression_L2,9,1,4,97,1,1,0.8275,True
Logistic_Regression_L2,9,1,4,100,0,0,0.0519,True
Logistic_Regression_L2,9,1,4,103,0,0,0.0014,True
Logistic_Regression_L2,9,1,4,113,1,1,0.5534,True
Logistic_Regression_L2,9,1,4,115,0,0,0.0693,True
Logistic_Regression_L2,9,1,4,119,0,0,0.012,True
Logistic_Regression_L2,9,1,4,128,0,0,0.1303,True
Logistic_Regression_L2,9,1,4,130,0,0,0.3352,True
Logistic_Regression_L2,10,2,0,6,1,1,0.8634,True
Logistic_Regression_L2,10,2,0,8,1,1,0.7093,True
Logistic_Regression_L2,10,2,0,11,0,0,0.2126,True
Logistic_Regression_L2,10,2,0,12,1,1,0.8434,True
Logistic_Regression_L2,10,2,0,23,0,1,0.5008,False
Logistic_Regression_L2,10,2,0,27,0,0,0.2039,True
Logistic_Regression_L2,10,2,0,31,0,0,0.1499,True
Logistic_Regression_L2,10,2,0,32,0,1,0.5706,False
Logistic_Regression_L2,10,2,0,39,1,0,0.0629,False
Logistic_Regression_L2,10,2,0,43,0,0,0.2126,True
Logistic_Regression_L2,10,2,0,46,1,1,0.9519,True
Logistic_Regression_L2,10,2,0,56,1,1,0.9444,True
Logistic_Regression_L2,10,2,0,58,0,0,0.0031,True
Logistic_Regression_L2,10,2,0,60,1,1,0.7822,True
Logistic_Regression_L2,10,2,0,61,0,0,0.2267,True
Logistic_Regression_L2,10,2,0,63,0,0,0.0281,True
Logistic_Regression_L2,10,2,0,64,0,0,0.1571,True
Logistic_Regression_L2,10,2,0,67,1,1,0.8416,True
Logistic_Regression_L2,10,2,0,81,1,1,0.9287,True
Logistic_Regression_L2,10,2,0,85,0,0,0.0002,True
Logistic_Regression_L2,10,2,0,90,1,1,0.898,True
Logistic_Regression_L2,10,2,0,92,1,1,0.9618,True
Logistic_Regression_L2,10,2,0,97,1,1,0.8049,True
Logistic_Regression_L2,10,2,0,102,1,1,0.5715,True
Logistic_Regression_L2,10,2,0,103,0,0,0.0004,True
Logistic_Regression_L2,10,2,0,117,1,0,0.1931,False
Logistic_Regression_L2,10,2,0,119,0,0,0.0048,True
Logistic_Regression_L2,10,2,0,138,1,1,0.5041,True
Logistic_Regression_L2,11,2,1,16,0,0,0.4719,True
Logistic_Regression_L2,11,2,1,17,1,1,0.7129,True
Logistic_Regression_L2,11,2,1,38,0,1,0.9302,False
Logistic_Regression_L2,11,2,1,42,0,1,0.8936,False
Logistic_Regression_L2,11,2,1,45,1,1,0.9548,True
Logistic_Regression_L2,11,2,1,53,1,0,0.0874,False
Logistic_Regression_L2,11,2,1,54,0,0,0.0056,True
Logistic_Regression_L2,11,2,1,57,0,1,0.9664,False
Logistic_Regression_L2,11,2,1,62,0,0,0.3037,True
Logistic_Regression_L2,11,2,1,66,1,1,0.9438,True
Logistic_Regression_L2,11,2,1,72,1,1,0.8551,True
Logistic_Regression_L2,11,2,1,75,1,1,0.9704,True
Logistic_Regression_L2,11,2,1,78,1,1,0.9396,True
Logistic_Regression_L2,11,2,1,86,1,1,0.8328,True
Logistic_Regression_L2,11,2,1,91,0,0,0.0764,True
Logistic_Regression_L2,11,2,1,95,0,0,0.0082,True
Logistic_Regression_L2,11,2,1,96,1,1,0.9644,True
Logistic_Regression_L2,11,2,1,104,0,0,0.0256,True
Logistic_Regression_L2,11,2,1,105,0,0,0.0036,True
Logistic_Regression_L2,11,2,1,111,1,1,0.9514,True
Logistic_Regression_L2,11,2,1,114,0,1,0.9512,False
Logistic_Regression_L2,11,2,1,122,1,1,0.9548,True
Logistic_Regression_L2,11,2,1,124,1,1,0.7573,True
Logistic_Regression_L2,11,2,1,125,1,1,0.6004,True
Logistic_Regression_L2,11,2,1,134,0,0,0.0061,True
Logistic_Regression_L2,11,2,1,135,0,1,0.9101,False
Logistic_Regression_L2,11,2,1,136,1,1,0.5296,True
Logistic_Regression_L2,11,2,1,137,1,1,0.6534,True
Logistic_Regression_L2,12,2,2,5,0,0,0.1247,True
Logistic_Regression_L2,12,2,2,9,0,0,0.1208,True
Logistic_Regression_L2,12,2,2,18,1,1,0.8462,True
Logistic_Regression_L2,12,2,2,20,0,0,0.1396,True
Logistic_Regression_L2,12,2,2,24,1,1,0.9245,True
Logistic_Regression_L2,12,2,2,25,1,1,0.9093,True
Logistic_Regression_L2,12,2,2,26,0,0,0.0058,True
Logistic_Regression_L2,12,2,2,30,0,0,0.3925,True
Logistic_Regression_L2,12,2,2,36,0,0,0.0006,True
Logistic_Regression_L2,12,2,2,48,1,0,0.4434,False
Logistic_Regression_L2,12,2,2,49,1,1,0.6485,True
Logistic_Regression_L2,12,2,2,50,1,1,0.8462,True
Logistic_Regression_L2,12,2,2,51,1,1,0.796,True
Logistic_Regression_L2,12,2,2,59,1,1,0.8754,True
Logistic_Regression_L2,12,2,2,68,1,1,0.8373,True
Logistic_Regression_L2,12,2,2,70,1,1,0.794,True
Logistic_Regression_L2,12,2,2,79,0,0,0.4631,True
Logistic_Regression_L2,12,2,2,83,0,0,0.0313,True
Logistic_Regression_L2,12,2,2,84,0,0,0.3982,True
Logistic_Regression_L2,12,2,2,87,0,0,0.2962,True
Logistic_Regression_L2,12,2,2,101,0,0,0.0136,True
Logistic_Regression_L2,12,2,2,108,0,0,0.2358,True
Logistic_Regression_L2,12,2,2,110,1,1,0.7841,True
Logistic_Regression_L2,12,2,2,113,1,1,0.5883,True
Logistic_Regression_L2,12,2,2,126,1,1,0.8705,True
Logistic_Regression_L2,12,2,2,127,1,1,0.9271,True
Logistic_Regression_L2,12,2,2,130,0,0,0.4597,True
Logistic_Regression_L2,12,2,2,132,1,1,0.8848,True
Logistic_Regression_L2,13,2,3,3,0,0,0.009,True
Logistic_Regression_L2,13,2,3,4,0,0,0.0002,True
Logistic_Regression_L2,13,2,3,7,0,0,0.1485,True
Logistic_Regression_L2,13,2,3,15,0,1,0.598,False
Logistic_Regression_L2,13,2,3,22,0,0,0.012,True
Logistic_Regression_L2,13,2,3,29,1,1,0.9104,True
Logistic_Regression_L2,13,2,3,35,0,0,0.009,True
Logistic_Regression_L2,13,2,3,37,0,0,0.0782,True
Logistic_Regression_L2,13,2,3,40,1,1,0.6956,True
Logistic_Regression_L2,13,2,3,41,0,0,0.1616,True
Logistic_Regression_L2,13,2,3,47,1,1,0.598,True
Logistic_Regression_L2,13,2,3,52,1,0,0.0755,False
Logistic_Regression_L2,13,2,3,55,1,1,0.5053,True
Logistic_Regression_L2,13,2,3,69,1,1,0.8606,True
Logistic_Regression_L2,13,2,3,71,1,1,0.8512,True
Logistic_Regression_L2,13,2,3,73,1,1,0.9297,True
Logistic_Regression_L2,13,2,3,76,1,1,0.8445,True
Logistic_Regression_L2,13,2,3,82,1,1,0.9602,True
Logistic_Regression_L2,13,2,3,94,1,1,0.9642,True
Logistic_Regression_L2,13,2,3,98,1,1,0.6503,True
Logistic_Regression_L2,13,2,3,99,0,0,0.1,True
Logistic_Regression_L2,13,2,3,107,0,0,0.0665,True
Logistic_Regression_L2,13,2,3,112,0,0,0.239,True
Logistic_Regression_L2,13,2,3,115,0,0,0.1053,True
Logistic_Regression_L2,13,2,3,118,0,0,0.0241,True
Logistic_Regression_L2,13,2,3,121,1,1,0.8003,True
Logistic_Regression_L2,13,2,3,131,0,0,0.2943,True
Logistic_Regression_L2,13,2,3,133,1,1,0.9134,True
Logistic_Regression_L2,14,2,4,0,1,1,0.583,True
Logistic_Regression_L2,14,2,4,1,0,1,0.5429,False
Logistic_Regression_L2,14,2,4,2,1,0,0.4532,False
Logistic_Regression_L2,14,2,4,10,1,1,0.7735,True
Logistic_Regression_L2,14,2,4,13,1,1,0.9062,True
Logistic_Regression_L2,14,2,4,14,1,1,0.9547,True
Logistic_Regression_L2,14,2,4,19,1,1,0.8065,True
Logistic_Regression_L2,14,2,4,21,0,0,0.1576,True
Logistic_Regression_L2,14,2,4,28,0,0,0.3987,True
Logistic_Regression_L2,14,2,4,33,0,1,0.5429,False
Logistic_Regression_L2,14,2,4,34,0,0,0.4532,True
Logistic_Regression_L2,14,2,4,44,0,1,0.8733,False
Logistic_Regression_L2,14,2,4,65,0,1,0.6247,False
Logistic_Regression_L2,14,2,4,74,1,1,0.7517,True
Logistic_Regression_L2,14,2,4,77,0,0,0.1766,True
Logistic_Regression_L2,14,2,4,80,0,0,0.0913,True
Logistic_Regression_L2,14,2,4,88,0,0,0.2541,True
Logistic_Regression_L2,14,2,4,89,1,1,0.9207,True
Logistic_Regression_L2,14,2,4,93,1,1,0.9133,True
Logistic_Regression_L2,14,2,4,100,0,0,0.051,True
Logistic_Regression_L2,14,2,4,106,1,1,0.8817,True
Logistic_Regression_L2,14,2,4,109,1,1,0.7154,True
Logistic_Regression_L2,14,2,4,116,1,1,0.8986,True
Logistic_Regression_L2,14,2,4,120,1,1,0.8842,True
Logistic_Regression_L2,14,2,4,123,0,0,0.0026,True
Logistic_Regression_L2,14,2,4,128,0,0,0.1367,True
Logistic_Regression_L2,14,2,4,129,1,1,0.9342,True
Logistic_Regression_L2,15,3,0,9,0,0,0.1579,True
Logistic_Regression_L2,15,3,0,12,1,1,0.8664,True
Logistic_Regression_L2,15,3,0,17,1,1,0.6941,True
Logistic_Regression_L2,15,3,0,18,1,1,0.87,True
Logistic_Regression_L2,15,3,0,25,1,1,0.936,True
Logistic_Regression_L2,15,3,0,27,0,0,0.1695,True
Logistic_Regression_L2,15,3,0,32,0,1,0.5768,False
Logistic_Regression_L2,15,3,0,37,0,0,0.1004,True
Logistic_Regression_L2,15,3,0,38,0,1,0.8599,False
Logistic_Regression_L2,15,3,0,39,1,0,0.0923,False
Logistic_Regression_L2,15,3,0,47,1,1,0.6632,True
Logistic_Regression_L2,15,3,0,48,1,0,0.4684,False
Logistic_Regression_L2,15,3,0,58,0,0,0.0023,True
Logistic_Regression_L2,15,3,0,60,1,1,0.7839,True
Logistic_Regression_L2,15,3,0,68,1,1,0.8599,True
Logistic_Regression_L2,15,3,0,74,1,1,0.7368,True
Logistic_Regression_L2,15,3,0,78,1,1,0.8795,True
Logistic_Regression_L2,15,3,0,80,0,0,0.0882,True
Logistic_Regression_L2,15,3,0,84,0,0,0.2665,True
Logistic_Regression_L2,15,3,0,88,0,0,0.1276,True
Logistic_Regression_L2,15,3,0,91,0,0,0.0857,True
Logistic_Regression_L2,15,3,0,98,1,1,0.7232,True
Logistic_Regression_L2,15,3,0,106,1,1,0.8884,True
Logistic_Regression_L2,15,3,0,107,0,0,0.0445,True
Logistic_Regression_L2,15,3,0,109,1,1,0.6993,True
Logistic_Regression_L2,15,3,0,123,0,0,0.0008,True
Logistic_Regression_L2,15,3,0,132,1,1,0.9118,True
Logistic_Regression_L2,15,3,0,135,0,1,0.8802,False
Logistic_Regression_L2,16,3,1,0,1,1,0.5527,True
Logistic_Regression_L2,16,3,1,5,0,0,0.0852,True
Logistic_Regression_L2,16,3,1,6,1,1,0.8494,True
Logistic_Regression_L2,16,3,1,7,0,0,0.1729,True
Logistic_Regression_L2,16,3,1,13,1,1,0.8968,True
Logistic_Regression_L2,16,3,1,26,0,0,0.0046,True
Logistic_Regression_L2,16,3,1,30,0,0,0.2904,True
Logistic_Regression_L2,16,3,1,34,0,0,0.4269,True
Logistic_Regression_L2,16,3,1,35,0,0,0.0132,True
Logistic_Regression_L2,16,3,1,41,0,0,0.1828,True
Logistic_Regression_L2,16,3,1,49,1,1,0.7141,True
Logistic_Regression_L2,16,3,1,55,1,1,0.5474,True
Logistic_Regression_L2,16,3,1,61,0,0,0.4349,True
Logistic_Regression_L2,16,3,1,62,0,0,0.298,True
Logistic_Regression_L2,16,3,1,63,0,0,0.0182,True
Logistic_Regression_L2,16,3,1,75,1,1,0.9267,True
Logistic_Regression_L2,16,3,1,76,1,1,0.8584,True
Logistic_Regression_L2,16,3,1,92,1,1,0.9564,True
Logistic_Regression_L2,16,3,1,110,1,1,0.7266,True
Logistic_Regression_L2,16,3,1,112,0,0,0.3638,True
Logistic_Regression_L2,16,3,1,117,1,0,0.2496,False
Logistic_Regression_L2,16,3,1,122,1,1,0.8968,True
Logistic_Regression_L2,16,3,1,126,1,1,0.8827,True
Logistic_Regression_L2,16,3,1,127,1,1,0.9395,True
Logistic_Regression_L2,16,3,1,129,1,1,0.9108,True
Logistic_Regression_L2,16,3,1,131,0,0,0.4281,True
Logistic_Regression_L2,16,3,1,133,1,1,0.9095,True
Logistic_Regression_L2,16,3,1,134,0,0,0.0163,True
Logistic_Regression_L2,17,3,2,10,1,1,0.762,True
Logistic_Regression_L2,17,3,2,16,0,1,0.5008,False
Logistic_Regression_L2,17,3,2,20,0,0,0.1324,True
Logistic_Regression_L2,17,3,2,24,1,1,0.9453,True
Logistic_Regression_L2,17,3,2,28,0,0,0.3731,True
Logistic_Regression_L2,17,3,2,29,1,1,0.9139,True
Logistic_Regression_L2,17,3,2,31,0,0,0.1388,True
Logistic_Regression_L2,17,3,2,40,1,1,0.7002,True
Logistic_Regression_L2,17,3,2,43,0,0,0.2634,True
Logistic_Regression_L2,17,3,2,46,1,1,0.9538,True
Logistic_Regression_L2,17,3,2,51,1,1,0.7983,True
Logistic_Regression_L2,17,3,2,66,1,1,0.8768,True
Logistic_Regression_L2,17,3,2,69,1,1,0.8839,True
Logistic_Regression_L2,17,3,2,71,1,1,0.8639,True
Logistic_Regression_L2,17,3,2,77,0,0,0.1608,True
Logistic_Regression_L2,17,3,2,81,1,1,0.9357,True
Logistic_Regression_L2,17,3,2,83,0,0,0.0289,True
Logistic_Regression_L2,17,3,2,89,1,1,0.918,True
Logistic_Regression_L2,17,3,2,93,1,1,0.9103,True
Logistic_Regression_L2,17,3,2,94,1,1,0.9672,True
Logistic_Regression_L2,17,3,2,99,0,0,0.0824,True
Logistic_Regression_L2,17,3,2,103,0,0,0.0013,True
Logistic_Regression_L2,17,3,2,104,0,0,0.0514,True
Logistic_Regression_L2,17,3,2,114,0,1,0.9317,False
Logistic_Regression_L2,17,3,2,115,0,0,0.1495,True
Logistic_Regression_L2,17,3,2,116,1,1,0.8948,True
Logistic_Regression_L2,17,3,2,118,0,0,0.0222,True
Logistic_Regression_L2,17,3,2,137,1,1,0.7091,True
Logistic_Regression_L2,18,3,3,14,1,1,0.967,True
Logistic_Regression_L2,18,3,3,21,0,0,0.0838,True
Logistic_Regression_L2,18,3,3,22,0,0,0.0068,True
Logistic_Regression_L2,18,3,3,42,0,1,0.8416,False
Logistic_Regression_L2,18,3,3,44,0,1,0.9008,False
Logistic_Regression_L2,18,3,3,45,1,1,0.9338,True
Logistic_Regression_L2,18,3,3,50,1,1,0.9037,True
Logistic_Regression_L2,18,3,3,52,1,0,0.0765,False
Logistic_Regression_L2,18,3,3,54,0,0,0.0068,True
Logistic_Regression_L2,18,3,3,56,1,1,0.9614,True
Logistic_Regression_L2,18,3,3,57,0,1,0.9513,False
Logistic_Regression_L2,18,3,3,64,0,0,0.2281,True
Logistic_Regression_L2,18,3,3,70,1,1,0.8623,True
Logistic_Regression_L2,18,3,3,73,1,1,0.9549,True
Logistic_Regression_L2,18,3,3,79,0,0,0.3659,True
Logistic_Regression_L2,18,3,3,85,0,0,0.0001,True
Logistic_Regression_L2,18,3,3,86,1,1,0.7898,True
Logistic_Regression_L2,18,3,3,87,0,0,0.1795,True
Logistic_Regression_L2,18,3,3,96,1,1,0.9499,True
Logistic_Regression_L2,18,3,3,100,0,0,0.0355,True
Logistic_Regression_L2,18,3,3,101,0,0,0.007,True
Logistic_Regression_L2,18,3,3,102,1,1,0.739,True
Logistic_Regression_L2,18,3,3,105,0,0,0.0075,True
Logistic_Regression_L2,18,3,3,111,1,1,0.9285,True
Logistic_Regression_L2,18,3,3,119,0,0,0.0066,True
Logistic_Regression_L2,18,3,3,121,1,1,0.8744,True
Logistic_Regression_L2,18,3,3,136,1,0,0.4909,False
Logistic_Regression_L2,18,3,3,138,1,1,0.5285,True
Logistic_Regression_L2,19,3,4,1,0,0,0.477,True
Logistic_Regression_L2,19,3,4,2,1,0,0.4135,False
Logistic_Regression_L2,19,3,4,3,0,0,0.0092,True
Logistic_Regression_L2,19,3,4,4,0,0,0.0003,True
Logistic_Regression_L2,19,3,4,8,1,1,0.717,True
Logistic_Regression_L2,19,3,4,11,0,0,0.2322,True
Logistic_Regression_L2,19,3,4,15,0,1,0.7025,False
Logistic_Regression_L2,19,3,4,19,1,1,0.8463,True
Logistic_Regression_L2,19,3,4,23,0,1,0.5297,False
Logistic_Regression_L2,19,3,4,33,0,0,0.477,True
Logistic_Regression_L2,19,3,4,36,0,0,0.0003,True
Logistic_Regression_L2,19,3,4,53,1,0,0.1131,False
Logistic_Regression_L2,19,3,4,59,1,1,0.8877,True
Logistic_Regression_L2,19,3,4,65,0,1,0.684,False
Logistic_Regression_L2,19,3,4,67,1,1,0.8375,True
Logistic_Regression_L2,19,3,4,72,1,1,0.8002,True
Logistic_Regression_L2,19,3,4,82,1,1,0.9494,True
Logistic_Regression_L2,19,3,4,90,1,1,0.9004,True
Logistic_Regression_L2,19,3,4,95,0,0,0.0149,True
Logistic_Regression_L2,19,3,4,97,1,1,0.8476,True
Logistic_Regression_L2,19,3,4,108,0,0,0.1786,True
Logistic_Regression_L2,19,3,4,113,1,1,0.6028,True
Logistic_Regression_L2,19,3,4,120,1,1,0.8327,True
Logistic_Regression_L2,19,3,4,124,1,1,0.6939,True
Logistic_Regression_L2,19,3,4,125,1,1,0.5885,True
Logistic_Regression_L2,19,3,4,128,0,0,0.1059,True
Logistic_Regression_L2,19,3,4,130,0,0,0.4374,True
Logistic_Regression_L2,20,4,0,9,0,0,0.0844,True
Logistic_Regression_L2,20,4,0,14,1,1,0.955,True
Logistic_Regression_L2,20,4,0,18,1,1,0.8709,True
Logistic_Regression_L2,20,4,0,23,0,1,0.5511,False
Logistic_Regression_L2,20,4,0,24,1,1,0.9474,True
Logistic_Regression_L2,20,4,0,28,0,0,0.4714,True
Logistic_Regression_L2,20,4,0,36,0,0,0.0002,True
Logistic_Regression_L2,20,4,0,45,1,1,0.9104,True
Logistic_Regression_L2,20,4,0,48,1,0,0.3231,False
Logistic_Regression_L2,20,4,0,52,1,0,0.0454,False
Logistic_Regression_L2,20,4,0,54,0,0,0.0062,True
Logistic_Regression_L2,20,4,0,57,0,1,0.9338,False
Logistic_Regression_L2,20,4,0,59,1,1,0.9242,True
Logistic_Regression_L2,20,4,0,61,0,1,0.5655,False
Logistic_Regression_L2,20,4,0,67,1,1,0.8612,True
Logistic_Regression_L2,20,4,0,69,1,1,0.8519,True
Logistic_Regression_L2,20,4,0,77,0,0,0.1251,True
Logistic_Regression_L2,20,4,0,88,0,0,0.2503,True
Logistic_Regression_L2,20,4,0,94,1,1,0.9672,True
Logistic_Regression_L2,20,4,0,99,0,0,0.1355,True
Logistic_Regression_L2,20,4,0,105,0,0,0.0114,True
Logistic_Regression_L2,20,4,0,108,0,0,0.0725,True
Logistic_Regression_L2,20,4,0,109,1,1,0.559,True
Logistic_Regression_L2,20,4,0,111,1,1,0.9035,True
Logistic_Regression_L2,20,4,0,113,1,1,0.5275,True
Logistic_Regression_L2,20,4,0,118,0,0,0.0254,True
Logistic_Regression_L2,20,4,0,122,1,1,0.9104,True
Logistic_Regression_L2,20,4,0,138,1,1,0.5813,True
Logistic_Regression_L2,21,4,1,2,1,0,0.4005,False
Logistic_Regression_L2,21,4,1,5,0,0,0.1192,True
Logistic_Regression_L2,21,4,1,10,1,1,0.7609,True
Logistic_Regression_L2,21,4,1,19,1,1,0.7936,True
Logistic_Regression_L2,21,4,1,25,1,1,0.9253,True
Logistic_Regression_L2,21,4,1,27,0,0,0.1971,True
Logistic_Regression_L2,21,4,1,33,0,1,0.5074,False
Logistic_Regression_L2,21,4,1,34,0,0,0.4005,True
Logistic_Regression_L2,21,4,1,35,0,0,0.0136,True
Logistic_Regression_L2,21,4,1,37,0,0,0.1192,True
Logistic_Regression_L2,21,4,1,38,0,1,0.8412,False
Logistic_Regression_L2,21,4,1,56,1,1,0.9411,True
Logistic_Regression_L2,21,4,1,63,0,0,0.0148,True
Logistic_Regression_L2,21,4,1,64,0,0,0.2746,True
Logistic_Regression_L2,21,4,1,68,1,1,0.8412,True
Logistic_Regression_L2,21,4,1,70,1,1,0.83,True
Logistic_Regression_L2,21,4,1,83,0,0,0.0261,True
Logistic_Regression_L2,21,4,1,89,1,1,0.9124,True
Logistic_Regression_L2,21,4,1,90,1,1,0.8935,True
Logistic_Regression_L2,21,4,1,96,1,1,0.9235,True
Logistic_Regression_L2,21,4,1,101,0,0,0.0146,True
Logistic_Regression_L2,21,4,1,110,1,1,0.7506,True
Logistic_Regression_L2,21,4,1,115,0,0,0.1338,True
Logistic_Regression_L2,21,4,1,126,1,1,0.8815,True
Logistic_Regression_L2,21,4,1,133,1,1,0.9142,True
Logistic_Regression_L2,21,4,1,134,0,0,0.0189,True
Logistic_Regression_L2,21,4,1,136,1,0,0.4657,False
Logistic_Regression_L2,21,4,1,137,1,1,0.674,True
Logistic_Regression_L2,22,4,2,0,1,1,0.5834,True
Logistic_Regression_L2,22,4,2,1,0,1,0.6155,False
Logistic_Regression_L2,22,4,2,8,1,1,0.6709,True
Logistic_Regression_L2,22,4,2,12,1,1,0.874,True
Logistic_Regression_L2,22,4,2,15,0,1,0.7206,False
Logistic_Regression_L2,22,4,2,16,0,1,0.5392,False
Logistic_Regression_L2,22,4,2,17,1,1,0.6283,True
Logistic_Regression_L2,22,4,2,29,1,1,0.909,True
Logistic_Regression_L2,22,4,2,30,0,0,0.3602,True
Logistic_Regression_L2,22,4,2,31,0,0,0.1549,True
Logistic_Regression_L2,22,4,2,39,1,0,0.0774,False
Logistic_Regression_L2,22,4,2,40,1,1,0.6709,True
Logistic_Regression_L2,22,4,2,46,1,1,0.9595,True
Logistic_Regression_L2,22,4,2,50,1,1,0.8791,True
Logistic_Regression_L2,22,4,2,62,0,0,0.173,True
Logistic_Regression_L2,22,4,2,65,0,1,0.64,False
Logistic_Regression_L2,22,4,2,71,1,1,0.8895,True
Logistic_Regression_L2,22,4,2,78,1,1,0.8878,True
Logistic_Regression_L2,22,4,2,79,0,1,0.5148,False
Logistic_Regression_L2,22,4,2,80,0,0,0.1317,True
Logistic_Regression_L2,22,4,2,93,1,1,0.9235,True
Logistic_Regression_L2,22,4,2,103,0,0,0.0003,True
Logistic_Regression_L2,22,4,2,106,1,1,0.8959,True
Logistic_Regression_L2,22,4,2,119,0,0,0.0062,True
Logistic_Regression_L2,22,4,2,120,1,1,0.8364,True
Logistic_Regression_L2,22,4,2,123,0,0,0.0006,True
Logistic_Regression_L2,22,4,2,124,1,1,0.7197,True
Logistic_Regression_L2,22,4,2,135,0,1,0.9293,False
Logistic_Regression_L2,23,4,3,4,0,0,0.0005,True
Logistic_Regression_L2,23,4,3,6,1,1,0.871,True
Logistic_Regression_L2,23,4,3,13,1,1,0.9032,True
Logistic_Regression_L2,23,4,3,20,0,0,0.1657,True
Logistic_Regression_L2,23,4,3,21,0,0,0.1536,True
Logistic_Regression_L2,23,4,3,26,0,0,0.0058,True
Logistic_Regression_L2,23,4,3,41,0,0,0.1316,True
Logistic_Regression_L2,23,4,3,42,0,1,0.8302,False
Logistic_Regression_L2,23,4,3,47,1,1,0.7086,True
Logistic_Regression_L2,23,4,3,51,1,1,0.8398,True
Logistic_Regression_L2,23,4,3,58,0,0,0.0058,True
Logistic_Regression_L2,23,4,3,60,1,1,0.8187,True
Logistic_Regression_L2,23,4,3,66,1,1,0.8881,True
Logistic_Regression_L2,23,4,3,72,1,1,0.7673,True
Logistic_Regression_L2,23,4,3,74,1,1,0.6838,True
Logistic_Regression_L2,23,4,3,75,1,1,0.9239,True
Logistic_Regression_L2,23,4,3,81,1,1,0.9202,True
Logistic_Regression_L2,23,4,3,84,0,0,0.3656,True
Logistic_Regression_L2,23,4,3,85,0,0,0.0005,True
Logistic_Regression_L2,23,4,3,95,0,0,0.032,True
Logistic_Regression_L2,23,4,3,97,1,1,0.8387,True
Logistic_Regression_L2,23,4,3,100,0,0,0.065,True
Logistic_Regression_L2,23,4,3,102,1,1,0.6814,True
Logistic_Regression_L2,23,4,3,104,0,0,0.0694,True
Logistic_Regression_L2,23,4,3,107,0,0,0.0825,True
Logistic_Regression_L2,23,4,3,125,1,1,0.5563,True
Logistic_Regression_L2,23,4,3,127,1,1,0.9276,True
Logistic_Regression_L2,23,4,3,130,0,0,0.451,True
Logistic_Regression_L2,24,4,4,3,0,0,0.0067,True
Logistic_Regression_L2,24,4,4,7,0,0,0.0921,True
Logistic_Regression_L2,24,4,4,11,0,0,0.2916,True
Logistic_Regression_L2,24,4,4,22,0,0,0.0101,True
Logistic_Regression_L2,24,4,4,32,0,1,0.6256,False
Logistic_Regression_L2,24,4,4,43,0,0,0.2916,True
Logistic_Regression_L2,24,4,4,44,0,1,0.8789,False
Logistic_Regression_L2,24,4,4,49,1,1,0.8144,True
Logistic_Regression_L2,24,4,4,53,1,0,0.0576,False
Logistic_Regression_L2,24,4,4,55,1,1,0.5415,True
Logistic_Regression_L2,24,4,4,73,1,1,0.9535,True
Logistic_Regression_L2,24,4,4,76,1,1,0.8889,True
Logistic_Regression_L2,24,4,4,82,1,1,0.9742,True
Logistic_Regression_L2,24,4,4,86,1,1,0.7216,True
Logistic_Regression_L2,24,4,4,87,0,0,0.1318,True
Logistic_Regression_L2,24,4,4,91,0,0,0.0363,True
Logistic_Regression_L2,24,4,4,92,1,1,0.977,True
Logistic_Regression_L2,24,4,4,98,1,1,0.5971,True
Logistic_Regression_L2,24,4,4,112,0,0,0.2337,True
Logistic_Regression_L2,24,4,4,114,0,1,0.9564,False
Logistic_Regression_L2,24,4,4,116,1,1,0.921,True
Logistic_Regression_L2,24,4,4,117,1,0,0.2001,False
Logistic_Regression_L2,24,4,4,121,1,1,0.8446,True
Logistic_Regression_L2,24,4,4,128,0,0,0.1977,True
Logistic_Regression_L2,24,4,4,129,1,1,0.9376,True
Logistic_Regression_L2,24,4,4,131,0,0,0.3476,True
Logistic_Regression_L2,24,4,4,132,1,1,0.9276,True
Logistic_Regression_L1,0,0,0,0,1,1,0.5256,True
Logistic_Regression_L1,0,0,0,4,0,0,0.0002,True
Logistic_Regression_L1,0,0,0,5,0,0,0.0738,True
Logistic_Regression_L1,0,0,0,7,0,0,0.1069,True
Logistic_Regression_L1,0,0,0,8,1,1,0.6658,True
Logistic_Regression_L1,0,0,0,13,1,1,0.9049,True
Logistic_Regression_L1,0,0,0,17,1,1,0.5328,True
Logistic_Regression_L1,0,0,0,22,0,0,0.0132,True
Logistic_Regression_L1,0,0,0,25,1,1,0.9215,True
Logistic_Regression_L1,0,0,0,26,0,0,0.0039,True
Logistic_Regression_L1,0,0,0,39,1,0,0.1069,False
Logistic_Regression_L1,0,0,0,42,0,1,0.8353,False
Logistic_Regression_L1,0,0,0,55,1,0,0.4959,False
Logistic_Regression_L1,0,0,0,62,0,0,0.2818,True
Logistic_Regression_L1,0,0,0,72,1,1,0.7309,True
Logistic_Regression_L1,0,0,0,74,1,1,0.6058,True
Logistic_Regression_L1,0,0,0,78,1,1,0.8853,True
Logistic_Regression_L1,0,0,0,79,0,0,0.4313,True
Logistic_Regression_L1,0,0,0,82,1,1,0.939,True
Logistic_Regression_L1,0,0,0,88,0,0,0.1105,True
Logistic_Regression_L1,0,0,0,95,0,0,0.0162,True
Logistic_Regression_L1,0,0,0,103,0,0,0.0004,True
Logistic_Regression_L1,0,0,0,104,0,0,0.064,True
Logistic_Regression_L1,0,0,0,107,0,0,0.0419,True
Logistic_Regression_L1,0,0,0,111,1,1,0.9003,True
Logistic_Regression_L1,0,0,0,125,1,0,0.4564,False
Logistic_Regression_L1,0,0,0,129,1,1,0.9171,True
Logistic_Regression_L1,0,0,0,137,1,1,0.5353,True
Logistic_Regression_L1,1,0,1,1,0,1,0.5834,False
Logistic_Regression_L1,1,0,1,3,0,0,0.0181,True
Logistic_Regression_L1,1,0,1,6,1,1,0.8419,True
Logistic_Regression_L1,1,0,1,10,1,1,0.7565,True
Logistic_Regression_L1,1,0,1,27,0,0,0.2311,True
Logistic_Regression_L1,1,0,1,30,0,0,0.4065,True
Logistic_Regression_L1,1,0,1,31,0,0,0.1468,True
Logistic_Regression_L1,1,0,1,37,0,0,0.17,True
Logistic_Regression_L1,1,0,1,40,1,1,0.6816,True
Logistic_Regression_L1,1,0,1,50,1,1,0.8535,True
Logistic_Regression_L1,1,0,1,57,0,1,0.9289,False
Logistic_Regression_L1,1,0,1,58,0,0,0.0045,True
Logistic_Regression_L1,1,0,1,68,1,1,0.8419,True
Logistic_Regression_L1,1,0,1,70,1,1,0.8392,True
Logistic_Regression_L1,1,0,1,75,1,1,0.948,True
Logistic_Regression_L1,1,0,1,87,0,0,0.2394,True
Logistic_Regression_L1,1,0,1,94,1,1,0.967,True
Logistic_Regression_L1,1,0,1,96,1,1,0.9274,True
Logistic_Regression_L1,1,0,1,98,1,1,0.7429,True
Logistic_Regression_L1,1,0,1,106,1,1,0.8745,True
Logistic_Regression_L1,1,0,1,112,0,0,0.318,True
Logistic_Regression_L1,1,0,1,121,1,1,0.8176,True
Logistic_Regression_L1,1,0,1,127,1,1,0.9531,True
Logistic_Regression_L1,1,0,1,130,0,0,0.4255,True
Logistic_Regression_L1,1,0,1,131,0,0,0.3998,True
Logistic_Regression_L1,1,0,1,132,1,1,0.9012,True
Logistic_Regression_L1,1,0,1,133,1,1,0.9182,True
Logistic_Regression_L1,1,0,1,134,0,0,0.0271,True
Logistic_Regression_L1,2,0,2,9,0,0,0.1248,True
Logistic_Regression_L1,2,0,2,14,1,1,0.9583,True
Logistic_Regression_L1,2,0,2,20,0,0,0.0236,True
Logistic_Regression_L1,2,0,2,23,0,1,0.5064,False
Logistic_Regression_L1,2,0,2,24,1,1,0.949,True
Logistic_Regression_L1,2,0,2,33,0,1,0.567,False
Logistic_Regression_L1,2,0,2,34,0,1,0.5465,False
Logistic_Regression_L1,2,0,2,36,0,0,0.0002,True
Logistic_Regression_L1,2,0,2,41,0,0,0.1248,True
Logistic_Regression_L1,2,0,2,43,0,0,0.4276,True
Logistic_Regression_L1,2,0,2,47,1,1,0.5261,True
Logistic_Regression_L1,2,0,2,48,1,0,0.257,False
Logistic_Regression_L1,2,0,2,51,1,1,0.7689,True
Logistic_Regression_L1,2,0,2,52,1,0,0.0236,False
Logistic_Regression_L1,2,0,2,54,0,0,0.0111,True
Logistic_Regression_L1,2,0,2,59,1,1,0.9146,True
Logistic_Regression_L1,2,0,2,60,1,1,0.7753,True
Logistic_Regression_L1,2,0,2,71,1,1,0.8527,True
Logistic_Regression_L1,2,0,2,76,1,1,0.8384,True
Logistic_Regression_L1,2,0,2,77,0,0,0.1948,True
Logistic_Regression_L1,2,0,2,80,0,0,0.139,True
Logistic_Regression_L1,2,0,2,84,0,0,0.4391,True
Logistic_Regression_L1,2,0,2,86,1,1,0.8444,True
Logistic_Regression_L1,2,0,2,97,1,1,0.8298,True
Logistic_Regression_L1,2,0,2,113,1,1,0.6674,True
Logistic_Regression_L1,2,0,2,114,0,1,0.9487,False
Logistic_Regression_L1,2,0,2,120,1,1,0.9182,True
Logistic_Regression_L1,2,0,2,122,1,1,0.8983,True
Logistic_Regression_L1,3,0,3,16,0,0,0.4916,True
Logistic_Regression_L1,3,0,3,18,1,1,0.8877,True
Logistic_Regression_L1,3,0,3,29,1,1,0.9121,True
Logistic_Regression_L1,3,0,3,35,0,0,0.0077,True
Logistic_Regression_L1,3,0,3,44,0,1,0.9001,False
Logistic_Regression_L1,3,0,3,45,1,1,0.9223,True
Logistic_Regression_L1,3,0,3,46,1,1,0.9611,True
Logistic_Regression_L1,3,0,3,56,1,1,0.9545,True
Logistic_Regression_L1,3,0,3,61,0,0,0.4287,True
Logistic_Regression_L1,3,0,3,63,0,0,0.0061,True
Logistic_Regression_L1,3,0,3,64,0,0,0.3443,True
Logistic_Regression_L1,3,0,3,65,0,1,0.6023,False
Logistic_Regression_L1,3,0,3,66,1,1,0.9029,True
Logistic_Regression_L1,3,0,3,67,1,1,0.8549,True
Logistic_Regression_L1,3,0,3,73,1,1,0.9469,True
Logistic_Regression_L1,3,0,3,81,1,1,0.9495,True
Logistic_Regression_L1,3,0,3,83,0,0,0.0244,True
Logistic_Regression_L1,3,0,3,85,0,0,0.0002,True
Logistic_Regression_L1,3,0,3,90,1,1,0.92,True
Logistic_Regression_L1,3,0,3,91,0,0,0.1313,True
Logistic_Regression_L1,3,0,3,92,1,1,0.9712,True
Logistic_Regression_L1,3,0,3,99,0,0,0.0499,True
Logistic_Regression_L1,3,0,3,102,1,1,0.8438,True
Logistic_Regression_L1,3,0,3,115,0,0,0.0807,True
Logistic_Regression_L1,3,0,3,118,0,0,0.0162,True
Logistic_Regression_L1,3,0,3,126,1,1,0.9098,True
Logistic_Regression_L1,3,0,3,135,0,1,0.9265,False
Logistic_Regression_L1,3,0,3,138,1,0,0.475,False
Logistic_Regression_L1,4,0,4,2,1,0,0.4044,False
Logistic_Regression_L1,4,0,4,11,0,0,0.1711,True
Logistic_Regression_L1,4,0,4,12,1,1,0.8683,True
Logistic_Regression_L1,4,0,4,15,0,1,0.6851,False
Logistic_Regression_L1,4,0,4,19,1,1,0.8677,True
Logistic_Regression_L1,4,0,4,21,0,0,0.0655,True
Logistic_Regression_L1,4,0,4,28,0,0,0.2246,True
Logistic_Regression_L1,4,0,4,32,0,1,0.5947,False
Logistic_Regression_L1,4,0,4,38,0,1,0.8943,False
Logistic_Regression_L1,4,0,4,49,1,1,0.6903,True
Logistic_Regression_L1,4,0,4,53,1,0,0.0655,False
Logistic_Regression_L1,4,0,4,69,1,1,0.8425,True
Logistic_Regression_L1,4,0,4,89,1,1,0.9194,True
Logistic_Regression_L1,4,0,4,93,1,1,0.9262,True
Logistic_Regression_L1,4,0,4,100,0,0,0.064,True
Logistic_Regression_L1,4,0,4,101,0,0,0.0124,True
Logistic_Regression_L1,4,0,4,105,0,0,0.0103,True
Logistic_Regression_L1,4,0,4,108,0,0,0.0844,True
Logistic_Regression_L1,4,0,4,109,1,0,0.4481,False
Logistic_Regression_L1,4,0,4,110,1,1,0.7004,True
Logistic_Regression_L1,4,0,4,116,1,1,0.9181,True
Logistic_Regression_L1,4,0,4,117,1,0,0.1934,False
Logistic_Regression_L1,4,0,4,119,0,0,0.006,True
Logistic_Regression_L1,4,0,4,123,0,0,0.0006,True
Logistic_Regression_L1,4,0,4,124,1,1,0.7173,True
Logistic_Regression_L1,4,0,4,128,0,0,0.1259,True
Logistic_Regression_L1,4,0,4,136,1,0,0.4609,False
Logistic_Regression_L1,5,1,0,6,1,1,0.8395,True
Logistic_Regression_L1,5,1,0,12,1,1,0.8682,True
Logistic_Regression_L1,5,1,0,21,0,0,0.0712,True
Logistic_Regression_L1,5,1,0,22,0,0,0.0096,True
Logistic_Regression_L1,5,1,0,25,1,1,0.9252,True
Logistic_Regression_L1,5,1,0,26,0,0,0.0016,True
Logistic_Regression_L1,5,1,0,34,0,0,0.4671,True
Logistic_Regression_L1,5,1,0,43,0,0,0.2618,True
Logistic_Regression_L1,5,1,0,44,0,1,0.8682,False
Logistic_Regression_L1,5,1,0,47,1,1,0.5943,True
Logistic_Regression_L1,5,1,0,51,1,1,0.7919,True
Logistic_Regression_L1,5,1,0,52,1,0,0.0504,False
Logistic_Regression_L1,5,1,0,58,0,0,0.0016,True
Logistic_Regression_L1,5,1,0,74,1,1,0.7483,True
Logistic_Regression_L1,5,1,0,76,1,1,0.8508,True
Logistic_Regression_L1,5,1,0,82,1,1,0.9612,True
Logistic_Regression_L1,5,1,0,83,0,0,0.0193,True
Logistic_Regression_L1,5,1,0,88,0,0,0.1848,True
Logistic_Regression_L1,5,1,0,92,1,1,0.9641,True
Logistic_Regression_L1,5,1,0,98,1,1,0.7009,True
Logistic_Regression_L1,5,1,0,107,0,0,0.07,True
Logistic_Regression_L1,5,1,0,116,1,1,0.8894,True
Logistic_Regression_L1,5,1,0,118,0,0,0.0303,True
Logistic_Regression_L1,5,1,0,123,0,0,0.0017,True
Logistic_Regression_L1,5,1,0,124,1,1,0.7431,True
Logistic_Regression_L1,5,1,0,129,1,1,0.9272,True
Logistic_Regression_L1,5,1,0,131,0,0,0.2216,True
Logistic_Regression_L1,5,1,0,137,1,1,0.6308,True
Logistic_Regression_L1,6,1,1,2,1,0,0.3543,False
Logistic_Regression_L1,6,1,1,3,0,0,0.0124,True
Logistic_Regression_L1,6,1,1,4,0,0,0.0002,True
Logistic_Regression_L1,6,1,1,9,0,0,0.1603,True
Logistic_Regression_L1,6,1,1,10,1,1,0.8245,True
Logistic_Regression_L1,6,1,1,15,0,1,0.7232,False
Logistic_Regression_L1,6,1,1,16,0,1,0.5565,False
Logistic_Regression_L1,6,1,1,17,1,1,0.6288,True
Logistic_Regression_L1,6,1,1,29,1,1,0.8978,True
Logistic_Regression_L1,6,1,1,41,0,0,0.1603,True
Logistic_Regression_L1,6,1,1,45,1,1,0.9161,True
Logistic_Regression_L1,6,1,1,55,1,1,0.5158,True
Logistic_Regression_L1,6,1,1,59,1,1,0.8908,True
Logistic_Regression_L1,6,1,1,65,0,1,0.6554,False
Logistic_Regression_L1,6,1,1,71,1,1,0.8876,True
Logistic_Regression_L1,6,1,1,77,0,0,0.1756,True
Logistic_Regression_L1,6,1,1,80,0,0,0.0723,True
Logistic_Regression_L1,6,1,1,90,1,1,0.9043,True
Logistic_Regression_L1,6,1,1,95,0,0,0.0152,True
Logistic_Regression_L1,6,1,1,96,1,1,0.9308,True
Logistic_Regression_L1,6,1,1,101,0,0,0.0114,True
Logistic_Regression_L1,6,1,1,102,1,1,0.7419,True
Logistic_Regression_L1,6,1,1,106,1,1,0.8984,True
Logistic_Regression_L1,6,1,1,108,0,0,0.217,True
Logistic_Regression_L1,6,1,1,114,0,1,0.9201,False
Logistic_Regression_L1,6,1,1,125,1,1,0.5927,True
Logistic_Regression_L1,6,1,1,133,1,1,0.9253,True
Logistic_Regression_L1,6,1,1,138,1,0,0.4352,False
Logistic_Regression_L1,7,1,2,5,0,0,0.1173,True
Logistic_Regression_L1,7,1,2,11,0,0,0.2437,True
Logistic_Regression_L1,7,1,2,13,1,1,0.9057,True
Logistic_Regression_L1,7,1,2,14,1,1,0.9502,True
Logistic_Regression_L1,7,1,2,24,1,1,0.9424,True
Logistic_Regression_L1,7,1,2,28,0,0,0.4401,True
Logistic_Regression_L1,7,1,2,32,0,1,0.5848,False
Logistic_Regression_L1,7,1,2,33,0,1,0.5111,False
Logistic_Regression_L1,7,1,2,35,0,0,0.0142,True
Logistic_Regression_L1,7,1,2,38,0,1,0.8587,False
Logistic_Regression_L1,7,1,2,66,1,1,0.8842,True
Logistic_Regression_L1,7,1,2,67,1,1,0.8458,True
Logistic_Regression_L1,7,1,2,73,1,1,0.9336,True
Logistic_Regression_L1,7,1,2,79,0,0,0.4306,True
Logistic_Regression_L1,7,1,2,84,0,0,0.4278,True
Logistic_Regression_L1,7,1,2,86,1,1,0.7962,True
Logistic_Regression_L1,7,1,2,91,0,0,0.1232,True
Logistic_Regression_L1,7,1,2,93,1,1,0.912,True
Logistic_Regression_L1,7,1,2,94,1,1,0.9628,True
Logistic_Regression_L1,7,1,2,104,0,0,0.0577,True
Logistic_Regression_L1,7,1,2,110,1,1,0.7899,True
Logistic_Regression_L1,7,1,2,112,0,0,0.3317,True
Logistic_Regression_L1,7,1,2,121,1,1,0.8361,True
Logistic_Regression_L1,7,1,2,122,1,1,0.9057,True
Logistic_Regression_L1,7,1,2,127,1,1,0.9469,True
Logistic_Regression_L1,7,1,2,132,1,1,0.9057,True
Logistic_Regression_L1,7,1,2,134,0,0,0.0239,True
Logistic_Regression_L1,7,1,2,136,1,1,0.5113,True
Logistic_Regression_L1,8,1,3,19,1,1,0.8616,True
Logistic_Regression_L1,8,1,3,30,0,0,0.2694,True
Logistic_Regression_L1,8,1,3,31,0,0,0.1162,True
Logistic_Regression_L1,8,1,3,36,0,0,0.0001,True
Logistic_Regression_L1,8,1,3,37,0,0,0.0771,True
Logistic_Regression_L1,8,1,3,39,1,0,0.0835,False
Logistic_Regression_L1,8,1,3,40,1,1,0.7248,True
Logistic_Regression_L1,8,1,3,42,0,1,0.8405,False
Logistic_Regression_L1,8,1,3,46,1,1,0.9692,True
Logistic_Regression_L1,8,1,3,54,0,0,0.0083,True
Logistic_Regression_L1,8,1,3,56,1,1,0.9637,True
Logistic_Regression_L1,8,1,3,57,0,1,0.9537,False
Logistic_Regression_L1,8,1,3,60,1,1,0.8333,True
Logistic_Regression_L1,8,1,3,62,0,0,0.2096,True
Logistic_Regression_L1,8,1,3,64,0,0,0.1711,True
Logistic_Regression_L1,8,1,3,72,1,1,0.8392,True
Logistic_Regression_L1,8,1,3,75,1,1,0.9612,True
Logistic_Regression_L1,8,1,3,81,1,1,0.9563,True
Logistic_Regression_L1,8,1,3,85,0,0,0.0001,True
Logistic_Regression_L1,8,1,3,87,0,0,0.1915,True
Logistic_Regression_L1,8,1,3,99,0,0,0.0316,True
Logistic_Regression_L1,8,1,3,105,0,0,0.0074,True
Logistic_Regression_L1,8,1,3,109,1,1,0.6981,True
Logistic_Regression_L1,8,1,3,111,1,1,0.9308,True
Logistic_Regression_L1,8,1,3,117,1,0,0.2989,False
Logistic_Regression_L1,8,1,3,120,1,1,0.8789,True
Logistic_Regression_L1,8,1,3,126,1,1,0.9251,True
Logistic_Regression_L1,8,1,3,135,0,1,0.889,False
Logistic_Regression_L1,9,1,4,0,1,1,0.5638,True
Logistic_Regression_L1,9,1,4,1,0,0,0.4106,True
Logistic_Regression_L1,9,1,4,7,0,0,0.25,True
Logistic_Regression_L1,9,1,4,8,1,1,0.7021,True
Logistic_Regression_L1,9,1,4,18,1,1,0.8541,True
Logistic_Regression_L1,9,1,4,20,0,0,0.0633,True
Logistic_Regression_L1,9,1,4,23,0,1,0.5282,False
Logistic_Regression_L1,9,1,4,27,0,0,0.0902,True
Logistic_Regression_L1,9,1,4,48,1,0,0.3253,False
Logistic_Regression_L1,9,1,4,49,1,1,0.6936,True
Logistic_Regression_L1,9,1,4,50,1,1,0.8541,True
Logistic_Regression_L1,9,1,4,53,1,0,0.0817,False
Logistic_Regression_L1,9,1,4,61,0,0,0.4983,True
Logistic_Regression_L1,9,1,4,63,0,0,0.0069,True
Logistic_Regression_L1,9,1,4,68,1,1,0.8457,True
Logistic_Regression_L1,9,1,4,69,1,1,0.8036,True
Logistic_Regression_L1,9,1,4,70,1,1,0.796,True
Logistic_Regression_L1,9,1,4,78,1,1,0.8621,True
Logistic_Regression_L1,9,1,4,89,1,1,0.8991,True
Logistic_Regression_L1,9,1,4,97,1,1,0.8346,True
Logistic_Regression_L1,9,1,4,100,0,0,0.0497,True
Logistic_Regression_L1,9,1,4,103,0,0,0.0017,True
Logistic_Regression_L1,9,1,4,113,1,1,0.5471,True
Logistic_Regression_L1,9,1,4,115,0,0,0.0543,True
Logistic_Regression_L1,9,1,4,119,0,0,0.0156,True
Logistic_Regression_L1,9,1,4,128,0,0,0.1211,True
Logistic_Regression_L1,9,1,4,130,0,0,0.3549,True
Logistic_Regression_L1,10,2,0,6,1,1,0.8633,True
Logistic_Regression_L1,10,2,0,8,1,1,0.7094,True
Logistic_Regression_L1,10,2,0,11,0,0,0.2097,True
Logistic_Regression_L1,10,2,0,12,1,1,0.8426,True
Logistic_Regression_L1,10,2,0,23,0,1,0.5069,False
Logistic_Regression_L1,10,2,0,27,0,0,0.2015,True
Logistic_Regression_L1,10,2,0,31,0,0,0.1543,True
Logistic_Regression_L1,10,2,0,32,0,1,0.571,False
Logistic_Regression_L1,10,2,0,39,1,0,0.0703,False
Logistic_Regression_L1,10,2,0,43,0,0,0.2097,True
Logistic_Regression_L1,10,2,0,46,1,1,0.9489,True
Logistic_Regression_L1,10,2,0,56,1,1,0.9415,True
Logistic_Regression_L1,10,2,0,58,0,0,0.0036,True
Logistic_Regression_L1,10,2,0,60,1,1,0.7853,True
Logistic_Regression_L1,10,2,0,61,0,0,0.248,True
Logistic_Regression_L1,10,2,0,63,0,0,0.0283,True
Logistic_Regression_L1,10,2,0,64,0,0,0.1649,True
Logistic_Regression_L1,10,2,0,67,1,1,0.8381,True
Logistic_Regression_L1,10,2,0,81,1,1,0.9257,True
Logistic_Regression_L1,10,2,0,85,0,0,0.0002,True
Logistic_Regression_L1,10,2,0,90,1,1,0.8958,True
Logistic_Regression_L1,10,2,0,92,1,1,0.9588,True
Logistic_Regression_L1,10,2,0,97,1,1,0.806,True
Logistic_Regression_L1,10,2,0,102,1,1,0.5722,True
Logistic_Regression_L1,10,2,0,103,0,0,0.0005,True
Logistic_Regression_L1,10,2,0,117,1,0,0.2017,False
Logistic_Regression_L1,10,2,0,119,0,0,0.0059,True
Logistic_Regression_L1,10,2,0,138,1,1,0.5035,True
Logistic_Regression_L1,11,2,1,16,0,0,0.4424,True
Logistic_Regression_L1,11,2,1,17,1,1,0.6929,True
Logistic_Regression_L1,11,2,1,38,0,1,0.9357,False
Logistic_Regression_L1,11,2,1,42,0,1,0.901,False
Logistic_Regression_L1,11,2,1,45,1,1,0.9588,True
Logistic_Regression_L1,11,2,1,53,1,0,0.0857,False
Logistic_Regression_L1,11,2,1,54,0,0,0.0037,True
Logistic_Regression_L1,11,2,1,57,0,1,0.9695,False
Logistic_Regression_L1,11,2,1,62,0,0,0.3257,True
Logistic_Regression_L1,11,2,1,66,1,1,0.9485,True
Logistic_Regression_L1,11,2,1,72,1,1,0.8568,True
Logistic_Regression_L1,11,2,1,75,1,1,0.9746,True
Logistic_Regression_L1,11,2,1,78,1,1,0.9445,True
Logistic_Regression_L1,11,2,1,86,1,1,0.8595,True
Logistic_Regression_L1,11,2,1,91,0,0,0.0745,True
Logistic_Regression_L1,11,2,1,95,0,0,0.0063,True
Logistic_Regression_L1,11,2,1,96,1,1,0.9679,True
Logistic_Regression_L1,11,2,1,104,0,0,0.0196,True
Logistic_Regression_L1,11,2,1,105,0,0,0.0021,True
Logistic_Regression_L1,11,2,1,111,1,1,0.9556,True
Logistic_Regression_L1,11,2,1,114,0,1,0.9506,False
Logistic_Regression_L1,11,2,1,122,1,1,0.9588,True
Logistic_Regression_L1,11,2,1,124,1,1,0.7377,True
Logistic_Regression_L1,11,2,1,125,1,1,0.5451,True
Logistic_Regression_L1,11,2,1,134,0,0,0.0049,True
Logistic_Regression_L1,11,2,1,135,0,1,0.9358,False
Logistic_Regression_L1,11,2,1,136,1,1,0.5293,True
Logistic_Regression_L1,11,2,1,137,1,1,0.6121,True
Logistic_Regression_L1,12,2,2,5,0,0,0.128,True
Logistic_Regression_L1,12,2,2,9,0,0,0.0984,True
Logistic_Regression_L1,12,2,2,18,1,1,0.8449,True
Logistic_Regression_L1,12,2,2,20,0,0,0.1424,True
Logistic_Regression_L1,12,2,2,24,1,1,0.9205,True
Logistic_Regression_L1,12,2,2,25,1,1,0.9056,True
Logistic_Regression_L1,12,2,2,26,0,0,0.0063,True
Logistic_Regression_L1,12,2,2,30,0,0,0.4089,True
Logistic_Regression_L1,12,2,2,36,0,0,0.0008,True
Logistic_Regression_L1,12,2,2,48,1,0,0.4293,False
Logistic_Regression_L1,12,2,2,49,1,1,0.6276,True
Logistic_Regression_L1,12,2,2,50,1,1,0.8449,True
Logistic_Regression_L1,12,2,2,51,1,1,0.7953,True
Logistic_Regression_L1,12,2,2,59,1,1,0.8733,True
Logistic_Regression_L1,12,2,2,68,1,1,0.8364,True
Logistic_Regression_L1,12,2,2,70,1,1,0.7748,True
Logistic_Regression_L1,12,2,2,79,0,0,0.4867,True
Logistic_Regression_L1,12,2,2,83,0,0,0.0339,True
Logistic_Regression_L1,12,2,2,84,0,0,0.4342,True
Logistic_Regression_L1,12,2,2,87,0,0,0.3257,True
Logistic_Regression_L1,12,2,2,101,0,0,0.0129,True
Logistic_Regression_L1,12,2,2,108,0,0,0.2729,True
Logistic_Regression_L1,12,2,2,110,1,1,0.8044,True
Logistic_Regression_L1,12,2,2,113,1,1,0.5882,True
Logistic_Regression_L1,12,2,2,126,1,1,0.868,True
Logistic_Regression_L1,12,2,2,127,1,1,0.92,True
Logistic_Regression_L1,12,2,2,130,0,0,0.497,True
Logistic_Regression_L1,12,2,2,132,1,1,0.8818,True
Logistic_Regression_L1,13,2,3,3,0,0,0.0085,True
Logistic_Regression_L1,13,2,3,4,0,0,0.0003,True
Logistic_Regression_L1,13,2,3,7,0,0,0.1732,True
Logistic_Regression_L1,13,2,3,15,0,1,0.5988,False
Logistic_Regression_L1,13,2,3,22,0,0,0.0121,True
Logistic_Regression_L1,13,2,3,29,1,1,0.9049,True
Logistic_Regression_L1,13,2,3,35,0,0,0.0085,True
Logistic_Regression_L1,13,2,3,37,0,0,0.0765,True
Logistic_Regression_L1,13,2,3,40,1,1,0.6929,True
Logistic_Regression_L1,13,2,3,41,0,0,0.1404,True
Logistic_Regression_L1,13,2,3,47,1,1,0.5988,True
Logistic_Regression_L1,13,2,3,52,1,0,0.0726,False
Logistic_Regression_L1,13,2,3,55,1,1,0.5086,True
Logistic_Regression_L1,13,2,3,69,1,1,0.8506,True
Logistic_Regression_L1,13,2,3,71,1,1,0.8497,True
Logistic_Regression_L1,13,2,3,73,1,1,0.9264,True
Logistic_Regression_L1,13,2,3,76,1,1,0.8422,True
Logistic_Regression_L1,13,2,3,82,1,1,0.9578,True
Logistic_Regression_L1,13,2,3,94,1,1,0.9616,True
Logistic_Regression_L1,13,2,3,98,1,1,0.6696,True
Logistic_Regression_L1,13,2,3,99,0,0,0.103,True
Logistic_Regression_L1,13,2,3,107,0,0,0.0685,True
Logistic_Regression_L1,13,2,3,112,0,0,0.2303,True
Logistic_Regression_L1,13,2,3,115,0,0,0.0932,True
Logistic_Regression_L1,13,2,3,118,0,0,0.0271,True
Logistic_Regression_L1,13,2,3,121,1,1,0.8005,True
Logistic_Regression_L1,13,2,3,131,0,0,0.277,True
Logistic_Regression_L1,13,2,3,133,1,1,0.9095,True
Logistic_Regression_L1,14,2,4,0,1,1,0.5741,True
Logistic_Regression_L1,14,2,4,1,0,1,0.5425,False
Logistic_Regression_L1,14,2,4,2,1,0,0.451,False
Logistic_Regression_L1,14,2,4,10,1,1,0.7708,True
Logistic_Regression_L1,14,2,4,13,1,1,0.904,True
Logistic_Regression_L1,14,2,4,14,1,1,0.9533,True
Logistic_Regression_L1,14,2,4,19,1,1,0.8027,True
Logistic_Regression_L1,14,2,4,21,0,0,0.1675,True
Logistic_Regression_L1,14,2,4,28,0,0,0.4229,True
Logistic_Regression_L1,14,2,4,33,0,1,0.5425,False
Logistic_Regression_L1,14,2,4,34,0,0,0.451,True
Logistic_Regression_L1,14,2,4,44,0,1,0.8754,False
Logistic_Regression_L1,14,2,4,65,0,1,0.6075,False
Logistic_Regression_L1,14,2,4,74,1,1,0.738,True
Logistic_Regression_L1,14,2,4,77,0,0,0.1819,True
Logistic_Regression_L1,14,2,4,80,0,0,0.0939,True
Logistic_Regression_L1,14,2,4,88,0,0,0.2611,True
Logistic_Regression_L1,14,2,4,89,1,1,0.9191,True
Logistic_Regression_L1,14,2,4,93,1,1,0.9112,True
Logistic_Regression_L1,14,2,4,100,0,0,0.0473,True
Logistic_Regression_L1,14,2,4,106,1,1,0.8792,True
Logistic_Regression_L1,14,2,4,109,1,1,0.729,True
Logistic_Regression_L1,14,2,4,116,1,1,0.8963,True
Logistic_Regression_L1,14,2,4,120,1,1,0.8818,True
Logistic_Regression_L1,14,2,4,123,0,0,0.0028,True
Logistic_Regression_L1,14,2,4,128,0,0,0.1255,True
Logistic_Regression_L1,14,2,4,129,1,1,0.9347,True
Logistic_Regression_L1,15,3,0,9,0,0,0.1304,True
Logistic_Regression_L1,15,3,0,12,1,1,0.8708,True
Logistic_Regression_L1,15,3,0,17,1,1,0.6803,True
Logistic_Regression_L1,15,3,0,18,1,1,0.87,True
Logistic_Regression_L1,15,3,0,25,1,1,0.9353,True
Logistic_Regression_L1,15,3,0,27,0,0,0.1567,True
Logistic_Regression_L1,15,3,0,32,0,1,0.5703,False
Logistic_Regression_L1,15,3,0,37,0,0,0.1013,True
Logistic_Regression_L1,15,3,0,38,0,1,0.86,False
Logistic_Regression_L1,15,3,0,39,1,0,0.1076,False
Logistic_Regression_L1,15,3,0,47,1,1,0.6695,True
Logistic_Regression_L1,15,3,0,48,1,0,0.454,False
Logistic_Regression_L1,15,3,0,58,0,0,0.0023,True
Logistic_Regression_L1,15,3,0,60,1,1,0.7885,True
Logistic_Regression_L1,15,3,0,68,1,1,0.86,True
Logistic_Regression_L1,15,3,0,74,1,1,0.7213,True
Logistic_Regression_L1,15,3,0,78,1,1,0.8794,True
Logistic_Regression_L1,15,3,0,80,0,0,0.0931,True
Logistic_Regression_L1,15,3,0,84,0,0,0.2908,True
Logistic_Regression_L1,15,3,0,88,0,0,0.125,True
Logistic_Regression_L1,15,3,0,91,0,0,0.0908,True
Logistic_Regression_L1,15,3,0,98,1,1,0.7506,True
Logistic_Regression_L1,15,3,0,106,1,1,0.8882,True
Logistic_Regression_L1,15,3,0,107,0,0,0.0408,True
Logistic_Regression_L1,15,3,0,109,1,1,0.7178,True
Logistic_Regression_L1,15,3,0,123,0,0,0.0008,True
Logistic_Regression_L1,15,3,0,132,1,1,0.9113,True
Logistic_Regression_L1,15,3,0,135,0,1,0.8985,False
Logistic_Regression_L1,16,3,1,0,1,1,0.5496,True
Logistic_Regression_L1,16,3,1,5,0,0,0.0834,True
Logistic_Regression_L1,16,3,1,6,1,1,0.849,True
Logistic_Regression_L1,16,3,1,7,0,0,0.2079,True
Logistic_Regression_L1,16,3,1,13,1,1,0.8939,True
Logistic_Regression_L1,16,3,1,26,0,0,0.0051,True
Logistic_Regression_L1,16,3,1,30,0,0,0.2977,True
Logistic_Regression_L1,16,3,1,34,0,0,0.4324,True
Logistic_Regression_L1,16,3,1,35,0,0,0.0127,True
Logistic_Regression_L1,16,3,1,41,0,0,0.1591,True
Logistic_Regression_L1,16,3,1,49,1,1,0.7032,True
Logistic_Regression_L1,16,3,1,55,1,1,0.5557,True
Logistic_Regression_L1,16,3,1,61,0,0,0.4881,True
Logistic_Regression_L1,16,3,1,62,0,0,0.3366,True
Logistic_Regression_L1,16,3,1,63,0,0,0.0162,True
Logistic_Regression_L1,16,3,1,75,1,1,0.9231,True
Logistic_Regression_L1,16,3,1,76,1,1,0.8575,True
Logistic_Regression_L1,16,3,1,92,1,1,0.9525,True
Logistic_Regression_L1,16,3,1,110,1,1,0.7429,True
Logistic_Regression_L1,16,3,1,112,0,0,0.3677,True
Logistic_Regression_L1,16,3,1,117,1,0,0.2687,False
Logistic_Regression_L1,16,3,1,122,1,1,0.8939,True
Logistic_Regression_L1,16,3,1,126,1,1,0.8804,True
Logistic_Regression_L1,16,3,1,127,1,1,0.9331,True
Logistic_Regression_L1,16,3,1,129,1,1,0.9078,True
Logistic_Regression_L1,16,3,1,131,0,0,0.4186,True
Logistic_Regression_L1,16,3,1,133,1,1,0.905,True
Logistic_Regression_L1,16,3,1,134,0,0,0.0175,True
Logistic_Regression_L1,17,3,2,10,1,1,0.7607,True
Logistic_Regression_L1,17,3,2,16,0,0,0.4903,True
Logistic_Regression_L1,17,3,2,20,0,0,0.1336,True
Logistic_Regression_L1,17,3,2,24,1,1,0.9426,True
Logistic_Regression_L1,17,3,2,28,0,0,0.3915,True
Logistic_Regression_L1,17,3,2,29,1,1,0.9085,True
Logistic_Regression_L1,17,3,2,31,0,0,0.1367,True
Logistic_Regression_L1,17,3,2,40,1,1,0.6946,True
Logistic_Regression_L1,17,3,2,43,0,0,0.255,True
Logistic_Regression_L1,17,3,2,46,1,1,0.9512,True
Logistic_Regression_L1,17,3,2,51,1,1,0.7951,True
Logistic_Regression_L1,17,3,2,66,1,1,0.8737,True
Logistic_Regression_L1,17,3,2,69,1,1,0.8778,True
Logistic_Regression_L1,17,3,2,71,1,1,0.8619,True
Logistic_Regression_L1,17,3,2,77,0,0,0.1679,True
Logistic_Regression_L1,17,3,2,81,1,1,0.9336,True
Logistic_Regression_L1,17,3,2,83,0,0,0.0311,True
Logistic_Regression_L1,17,3,2,89,1,1,0.915,True
Logistic_Regression_L1,17,3,2,93,1,1,0.9072,True
Logistic_Regression_L1,17,3,2,94,1,1,0.965,True
Logistic_Regression_L1,17,3,2,99,0,0,0.082,True
Logistic_Regression_L1,17,3,2,103,0,0,0.0015,True
Logistic_Regression_L1,17,3,2,104,0,0,0.0512,True
Logistic_Regression_L1,17,3,2,114,0,1,0.926,False
Logistic_Regression_L1,17,3,2,115,0,0,0.1372,True
Logistic_Regression_L1,17,3,2,116,1,1,0.8916,True
Logistic_Regression_L1,17,3,2,118,0,0,0.0239,True
Logistic_Regression_L1,17,3,2,137,1,1,0.6901,True
Logistic_Regression_L1,18,3,3,14,1,1,0.9676,True
Logistic_Regression_L1,18,3,3,21,0,0,0.0851,True
Logistic_Regression_L1,18,3,3,22,0,0,0.0057,True
Logistic_Regression_L1,18,3,3,42,0,1,0.8435,False
Logistic_Regression_L1,18,3,3,44,0,1,0.9065,False
Logistic_Regression_L1,18,3,3,45,1,1,0.9348,True
Logistic_Regression_L1,18,3,3,50,1,1,0.9051,True
Logistic_Regression_L1,18,3,3,52,1,0,0.0714,False
Logistic_Regression_L1,18,3,3,54,0,0,0.0057,True
Logistic_Regression_L1,18,3,3,56,1,1,0.9621,True
Logistic_Regression_L1,18,3,3,57,0,1,0.9521,False
Logistic_Regression_L1,18,3,3,64,0,0,0.2435,True
Logistic_Regression_L1,18,3,3,70,1,1,0.8535,True
Logistic_Regression_L1,18,3,3,73,1,1,0.9557,True
Logistic_Regression_L1,18,3,3,79,0,0,0.3771,True
Logistic_Regression_L1,18,3,3,85,0,0,0.0001,True
Logistic_Regression_L1,18,3,3,86,1,1,0.8096,True
Logistic_Regression_L1,18,3,3,87,0,0,0.1874,True
Logistic_Regression_L1,18,3,3,96,1,1,0.951,True
Logistic_Regression_L1,18,3,3,100,0,0,0.0301,True
Logistic_Regression_L1,18,3,3,101,0,0,0.0059,True
Logistic_Regression_L1,18,3,3,102,1,1,0.7726,True
Logistic_Regression_L1,18,3,3,105,0,0,0.0059,True
Logistic_Regression_L1,18,3,3,111,1,1,0.9297,True
Logistic_Regression_L1,18,3,3,119,0,0,0.0076,True
Logistic_Regression_L1,18,3,3,121,1,1,0.8778,True
Logistic_Regression_L1,18,3,3,136,1,0,0.4937,False
Logistic_Regression_L1,18,3,3,138,1,1,0.5137,True
Logistic_Regression_L1,19,3,4,1,0,0,0.4698,True
Logistic_Regression_L1,19,3,4,2,1,0,0.41,False
Logistic_Regression_L1,19,3,4,3,0,0,0.0086,True
Logistic_Regression_L1,19,3,4,4,0,0,0.0004,True
Logistic_Regression_L1,19,3,4,8,1,1,0.7127,True
Logistic_Regression_L1,19,3,4,11,0,0,0.2201,True
Logistic_Regression_L1,19,3,4,15,0,1,0.7113,False
Logistic_Regression_L1,19,3,4,19,1,1,0.8484,True
Logistic_Regression_L1,19,3,4,23,0,1,0.532,False
Logistic_Regression_L1,19,3,4,33,0,0,0.4698,True
Logistic_Regression_L1,19,3,4,36,0,0,0.0004,True
Logistic_Regression_L1,19,3,4,53,1,0,0.1183,False
Logistic_Regression_L1,19,3,4,59,1,1,0.8847,True
Logistic_Regression_L1,19,3,4,65,0,1,0.6777,False
Logistic_Regression_L1,19,3,4,67,1,1,0.8315,True
Logistic_Regression_L1,19,3,4,72,1,1,0.7896,True
Logistic_Regression_L1,19,3,4,82,1,1,0.9453,True
Logistic_Regression_L1,19,3,4,90,1,1,0.8984,True
Logistic_Regression_L1,19,3,4,95,0,0,0.0154,True
Logistic_Regression_L1,19,3,4,97,1,1,0.8522,True
Logistic_Regression_L1,19,3,4,108,0,0,0.2026,True
Logistic_Regression_L1,19,3,4,113,1,1,0.6006,True
Logistic_Regression_L1,19,3,4,120,1,1,0.8211,True
Logistic_Regression_L1,19,3,4,124,1,1,0.6694,True
Logistic_Regression_L1,19,3,4,125,1,1,0.5539,True
Logistic_Regression_L1,19,3,4,128,0,0,0.0961,True
Logistic_Regression_L1,19,3,4,130,0,0,0.4694,True
Logistic_Regression_L1,20,4,0,9,0,0,0.0616,True
Logistic_Regression_L1,20,4,0,14,1,1,0.9538,True
Logistic_Regression_L1,20,4,0,18,1,1,0.8713,True
Logistic_Regression_L1,20,4,0,23,0,1,0.5559,False
Logistic_Regression_L1,20,4,0,24,1,1,0.9463,True
Logistic_Regression_L1,20,4,0,28,0,1,0.5054,False
Logistic_Regression_L1,20,4,0,36,0,0,0.0002,True
Logistic_Regression_L1,20,4,0,45,1,1,0.9098,True
Logistic_Regression_L1,20,4,0,48,1,0,0.2856,False
Logistic_Regression_L1,20,4,0,52,1,0,0.0373,False
Logistic_Regression_L1,20,4,0,54,0,0,0.0052,True
Logistic_Regression_L1,20,4,0,57,0,1,0.9327,False
Logistic_Regression_L1,20,4,0,59,1,1,0.9272,True
Logistic_Regression_L1,20,4,0,61,0,1,0.6311,False
Logistic_Regression_L1,20,4,0,67,1,1,0.8604,True
Logistic_Regression_L1,20,4,0,69,1,1,0.8398,True
Logistic_Regression_L1,20,4,0,77,0,0,0.1284,True
Logistic_Regression_L1,20,4,0,88,0,0,0.2497,True
Logistic_Regression_L1,20,4,0,94,1,1,0.966,True
Logistic_Regression_L1,20,4,0,99,0,0,0.1421,True
Logistic_Regression_L1,20,4,0,105,0,0,0.0092,True
Logistic_Regression_L1,20,4,0,108,0,0,0.0718,True
Logistic_Regression_L1,20,4,0,109,1,1,0.5544,True
Logistic_Regression_L1,20,4,0,111,1,1,0.903,True
Logistic_Regression_L1,20,4,0,113,1,1,0.5195,True
Logistic_Regression_L1,20,4,0,118,0,0,0.0281,True
Logistic_Regression_L1,20,4,0,122,1,1,0.9098,True
Logistic_Regression_L1,20,4,0,138,1,1,0.5808,True
Logistic_Regression_L1,21,4,1,2,1,0,0.3973,False
Logistic_Regression_L1,21,4,1,5,0,0,0.1209,True
Logistic_Regression_L1,21,4,1,10,1,1,0.76,True
Logistic_Regression_L1,21,4,1,19,1,1,0.7908,True
Logistic_Regression_L1,21,4,1,25,1,1,0.9232,True
Logistic_Regression_L1,21,4,1,27,0,0,0.1883,True
Logistic_Regression_L1,21,4,1,33,0,1,0.5038,False
Logistic_Regression_L1,21,4,1,34,0,0,0.3973,True
Logistic_Regression_L1,21,4,1,35,0,0,0.0129,True
Logistic_Regression_L1,21,4,1,37,0,0,0.1209,True
Logistic_Regression_L1,21,4,1,38,0,1,0.8393,False
Logistic_Regression_L1,21,4,1,56,1,1,0.9391,True
Logistic_Regression_L1,21,4,1,63,0,0,0.0125,True
Logistic_Regression_L1,21,4,1,64,0,0,0.295,True
Logistic_Regression_L1,21,4,1,68,1,1,0.8393,True
Logistic_Regression_L1,21,4,1,70,1,1,0.8173,True
Logistic_Regression_L1,21,4,1,83,0,0,0.0279,True
Logistic_Regression_L1,21,4,1,89,1,1,0.9104,True
Logistic_Regression_L1,21,4,1,90,1,1,0.8921,True
Logistic_Regression_L1,21,4,1,96,1,1,0.9217,True
Logistic_Regression_L1,21,4,1,101,0,0,0.0143,True
Logistic_Regression_L1,21,4,1,110,1,1,0.7659,True
Logistic_Regression_L1,21,4,1,115,0,0,0.1208,True
Logistic_Regression_L1,21,4,1,126,1,1,0.8793,True
Logistic_Regression_L1,21,4,1,133,1,1,0.9113,True
Logistic_Regression_L1,21,4,1,134,0,0,0.0196,True
Logistic_Regression_L1,21,4,1,136,1,0,0.4659,False
Logistic_Regression_L1,21,4,1,137,1,1,0.6528,True
Logistic_Regression_L1,22,4,2,0,1,1,0.5735,True
Logistic_Regression_L1,22,4,2,1,0,1,0.6244,False
Logistic_Regression_L1,22,4,2,8,1,1,0.6596,True
Logistic_Regression_L1,22,4,2,12,1,1,0.8785,True
Logistic_Regression_L1,22,4,2,15,0,1,0.7259,False
Logistic_Regression_L1,22,4,2,16,0,1,0.5267,False
Logistic_Regression_L1,22,4,2,17,1,1,0.6098,True
Logistic_Regression_L1,22,4,2,29,1,1,0.9055,True
Logistic_Regression_L1,22,4,2,30,0,0,0.3769,True
Logistic_Regression_L1,22,4,2,31,0,0,0.146,True
Logistic_Regression_L1,22,4,2,39,1,0,0.0881,False
Logistic_Regression_L1,22,4,2,40,1,1,0.6596,True
Logistic_Regression_L1,22,4,2,46,1,1,0.9594,True
Logistic_Regression_L1,22,4,2,50,1,1,0.8782,True
Logistic_Regression_L1,22,4,2,62,0,0,0.1804,True
Logistic_Regression_L1,22,4,2,65,0,1,0.6194,False
Logistic_Regression_L1,22,4,2,71,1,1,0.8906,True
Logistic_Regression_L1,22,4,2,78,1,1,0.887,True
Logistic_Regression_L1,22,4,2,79,0,1,0.5358,False
Logistic_Regression_L1,22,4,2,80,0,0,0.1397,True
Logistic_Regression_L1,22,4,2,93,1,1,0.923,True
Logistic_Regression_L1,22,4,2,103,0,0,0.0003,True
Logistic_Regression_L1,22,4,2,106,1,1,0.8952,True
Logistic_Regression_L1,22,4,2,119,0,0,0.0073,True
Logistic_Regression_L1,22,4,2,120,1,1,0.8326,True
Logistic_Regression_L1,22,4,2,123,0,0,0.0005,True
Logistic_Regression_L1,22,4,2,124,1,1,0.7036,True
Logistic_Regression_L1,22,4,2,135,0,1,0.9438,False
Logistic_Regression_L1,23,4,3,4,0,0,0.0006,True
Logistic_Regression_L1,23,4,3,6,1,1,0.8713,True
Logistic_Regression_L1,23,4,3,13,1,1,0.9007,True
Logistic_Regression_L1,23,4,3,20,0,0,0.1732,True
Logistic_Regression_L1,23,4,3,21,0,0,0.1644,True
Logistic_Regression_L1,23,4,3,26,0,0,0.0066,True
Logistic_Regression_L1,23,4,3,41,0,0,0.1135,True
Logistic_Regression_L1,23,4,3,42,0,1,0.8347,False
Logistic_Regression_L1,23,4,3,47,1,1,0.7169,True
Logistic_Regression_L1,23,4,3,51,1,1,0.841,True
Logistic_Regression_L1,23,4,3,58,0,0,0.0066,True
Logistic_Regression_L1,23,4,3,60,1,1,0.823,True
Logistic_Regression_L1,23,4,3,66,1,1,0.8868,True
Logistic_Regression_L1,23,4,3,72,1,1,0.7548,True
Logistic_Regression_L1,23,4,3,74,1,1,0.6639,True
Logistic_Regression_L1,23,4,3,75,1,1,0.9206,True
Logistic_Regression_L1,23,4,3,81,1,1,0.9169,True
Logistic_Regression_L1,23,4,3,84,0,0,0.3933,True
Logistic_Regression_L1,23,4,3,85,0,0,0.0006,True
Logistic_Regression_L1,23,4,3,95,0,0,0.0356,True
Logistic_Regression_L1,23,4,3,97,1,1,0.8425,True
Logistic_Regression_L1,23,4,3,100,0,0,0.0648,True
Logistic_Regression_L1,23,4,3,102,1,1,0.6953,True
Logistic_Regression_L1,23,4,3,104,0,0,0.0722,True
Logistic_Regression_L1,23,4,3,107,0,0,0.0837,True
Logistic_Regression_L1,23,4,3,125,1,1,0.5237,True
Logistic_Regression_L1,23,4,3,127,1,1,0.92,True
Logistic_Regression_L1,23,4,3,130,0,0,0.4818,True
Logistic_Regression_L1,24,4,4,3,0,0,0.0063,True
Logistic_Regression_L1,24,4,4,7,0,0,0.1007,True
Logistic_Regression_L1,24,4,4,11,0,0,0.2911,True
Logistic_Regression_L1,24,4,4,22,0,0,0.0101,True
Logistic_Regression_L1,24,4,4,32,0,1,0.6274,False
Logistic_Regression_L1,24,4,4,43,0,0,0.2911,True
Logistic_Regression_L1,24,4,4,44,0,1,0.8803,False
Logistic_Regression_L1,24,4,4,49,1,1,0.8123,True
Logistic_Regression_L1,24,4,4,53,1,0,0.056,False
Logistic_Regression_L1,24,4,4,55,1,1,0.5446,True
Logistic_Regression_L1,24,4,4,73,1,1,0.9528,True
Logistic_Regression_L1,24,4,4,76,1,1,0.8893,True
Logistic_Regression_L1,24,4,4,82,1,1,0.9735,True
Logistic_Regression_L1,24,4,4,86,1,1,0.7265,True
Logistic_Regression_L1,24,4,4,87,0,0,0.1379,True
Logistic_Regression_L1,24,4,4,91,0,0,0.0359,True
Logistic_Regression_L1,24,4,4,92,1,1,0.9763,True
Logistic_Regression_L1,24,4,4,98,1,1,0.6097,True
Logistic_Regression_L1,24,4,4,112,0,0,0.2237,True
Logistic_Regression_L1,24,4,4,114,0,1,0.9547,False
Logistic_Regression_L1,24,4,4,116,1,1,0.9207,True
Logistic_Regression_L1,24,4,4,117,1,0,0.2105,False
Logistic_Regression_L1,24,4,4,121,1,1,0.8464,True
Logistic_Regression_L1,24,4,4,128,0,0,0.1957,True
Logistic_Regression_L1,24,4,4,129,1,1,0.9373,True
Logistic_Regression_L1,24,4,4,131,0,0,0.3342,True
Logistic_Regression_L1,24,4,4,132,1,1,0.9272,True
Logistic_Regression_ElasticNet,0,0,0,0,1,1,0.5303,True
Logistic_Regression_ElasticNet,0,0,0,4,0,0,0.0002,True
Logistic_Regression_ElasticNet,0,0,0,5,0,0,0.0749,True
Logistic_Regression_ElasticNet,0,0,0,7,0,0,0.0966,True
Logistic_Regression_ElasticNet,0,0,0,8,1,1,0.6687,True
Logistic_Regression_ElasticNet,0,0,0,13,1,1,0.9058,True
Logistic_Regression_ElasticNet,0,0,0,17,1,1,0.5457,True
Logistic_Regression_ElasticNet,0,0,0,22,0,0,0.0136,True
Logistic_Regression_ElasticNet,0,0,0,25,1,1,0.9229,True
Logistic_Regression_ElasticNet,0,0,0,26,0,0,0.0038,True
Logistic_Regression_ElasticNet,0,0,0,39,1,0,0.0966,False
Logistic_Regression_ElasticNet,0,0,0,42,0,1,0.8326,False
Logistic_Regression_ElasticNet,0,0,0,55,1,0,0.4933,False
Logistic_Regression_ElasticNet,0,0,0,62,0,0,0.2643,True
Logistic_Regression_ElasticNet,0,0,0,72,1,1,0.7382,True
Logistic_Regression_ElasticNet,0,0,0,74,1,1,0.6199,True
Logistic_Regression_ElasticNet,0,0,0,78,1,1,0.8853,True
Logistic_Regression_ElasticNet,0,0,0,79,0,0,0.423,True
Logistic_Regression_ElasticNet,0,0,0,82,1,1,0.941,True
Logistic_Regression_ElasticNet,0,0,0,88,0,0,0.11,True
Logistic_Regression_ElasticNet,0,0,0,95,0,0,0.0155,True
Logistic_Regression_ElasticNet,0,0,0,103,0,0,0.0004,True
Logistic_Regression_ElasticNet,0,0,0,104,0,0,0.0643,True
Logistic_Regression_ElasticNet,0,0,0,107,0,0,0.0428,True
Logistic_Regression_ElasticNet,0,0,0,111,1,1,0.901,True
Logistic_Regression_ElasticNet,0,0,0,125,1,0,0.4791,False
Logistic_Regression_ElasticNet,0,0,0,129,1,1,0.9175,True
Logistic_Regression_ElasticNet,0,0,0,137,1,1,0.5559,True
Logistic_Regression_ElasticNet,1,0,1,1,0,1,0.5817,False
Logistic_Regression_ElasticNet,1,0,1,3,0,0,0.0184,True
Logistic_Regression_ElasticNet,1,0,1,6,1,1,0.843,True
Logistic_Regression_ElasticNet,1,0,1,10,1,1,0.7573,True
Logistic_Regression_ElasticNet,1,0,1,27,0,0,0.2352,True
Logistic_Regression_ElasticNet,1,0,1,30,0,0,0.4003,True
Logistic_Regression_ElasticNet,1,0,1,31,0,0,0.1484,True
Logistic_Regression_ElasticNet,1,0,1,37,0,0,0.1668,True
Logistic_Regression_ElasticNet,1,0,1,40,1,1,0.6855,True
Logistic_Regression_ElasticNet,1,0,1,50,1,1,0.8546,True
Logistic_Regression_ElasticNet,1,0,1,57,0,1,0.9299,False
Logistic_Regression_ElasticNet,1,0,1,58,0,0,0.0044,True
Logistic_Regression_ElasticNet,1,0,1,68,1,1,0.843,True
Logistic_Regression_ElasticNet,1,0,1,70,1,1,0.8446,True
Logistic_Regression_ElasticNet,1,0,1,75,1,1,0.948,True
Logistic_Regression_ElasticNet,1,0,1,87,0,0,0.2321,True
Logistic_Regression_ElasticNet,1,0,1,94,1,1,0.9677,True
Logistic_Regression_ElasticNet,1,0,1,96,1,1,0.9283,True
Logistic_Regression_ElasticNet,1,0,1,98,1,1,0.7325,True
Logistic_Regression_ElasticNet,1,0,1,106,1,1,0.8756,True
Logistic_Regression_ElasticNet,1,0,1,112,0,0,0.3193,True
Logistic_Regression_ElasticNet,1,0,1,121,1,1,0.8176,True
Logistic_Regression_ElasticNet,1,0,1,127,1,1,0.9544,True
Logistic_Regression_ElasticNet,1,0,1,130,0,0,0.4133,True
Logistic_Regression_ElasticNet,1,0,1,131,0,0,0.4058,True
Logistic_Regression_ElasticNet,1,0,1,132,1,1,0.9023,True
Logistic_Regression_ElasticNet,1,0,1,133,1,1,0.9195,True
Logistic_Regression_ElasticNet,1,0,1,134,0,0,0.0262,True
Logistic_Regression_ElasticNet,2,0,2,9,0,0,0.1445,True
Logistic_Regression_ElasticNet,2,0,2,14,1,1,0.9586,True
Logistic_Regression_ElasticNet,2,0,2,20,0,0,0.0274,True
Logistic_Regression_ElasticNet,2,0,2,23,0,1,0.5072,False
Logistic_Regression_ElasticNet,2,0,2,24,1,1,0.9493,True
Logistic_Regression_ElasticNet,2,0,2,33,0,1,0.5684,False
Logistic_Regression_ElasticNet,2,0,2,34,0,1,0.5398,False
Logistic_Regression_ElasticNet,2,0,2,36,0,0,0.0002,True
Logistic_Regression_ElasticNet,2,0,2,41,0,0,0.1445,True
Logistic_Regression_ElasticNet,2,0,2,43,0,0,0.4254,True
Logistic_Regression_ElasticNet,2,0,2,47,1,1,0.5323,True
Logistic_Regression_ElasticNet,2,0,2,48,1,0,0.2798,False
Logistic_Regression_ElasticNet,2,0,2,51,1,1,0.7707,True
Logistic_Regression_ElasticNet,2,0,2,52,1,0,0.0274,False
Logistic_Regression_ElasticNet,2,0,2,54,0,0,0.0118,True
Logistic_Regression_ElasticNet,2,0,2,59,1,1,0.9134,True
Logistic_Regression_ElasticNet,2,0,2,60,1,1,0.7727,True
Logistic_Regression_ElasticNet,2,0,2,71,1,1,0.8526,True
Logistic_Regression_ElasticNet,2,0,2,76,1,1,0.8395,True
Logistic_Regression_ElasticNet,2,0,2,77,0,0,0.1875,True
Logistic_Regression_ElasticNet,2,0,2,80,0,0,0.1321,True
Logistic_Regression_ElasticNet,2,0,2,84,0,0,0.4157,True
Logistic_Regression_ElasticNet,2,0,2,86,1,1,0.8356,True
Logistic_Regression_ElasticNet,2,0,2,97,1,1,0.826,True
Logistic_Regression_ElasticNet,2,0,2,113,1,1,0.6639,True
Logistic_Regression_ElasticNet,2,0,2,114,0,1,0.9497,False
Logistic_Regression_ElasticNet,2,0,2,120,1,1,0.9172,True
Logistic_Regression_ElasticNet,2,0,2,122,1,1,0.899,True
Logistic_Regression_ElasticNet,3,0,3,16,0,1,0.5006,False
Logistic_Regression_ElasticNet,3,0,3,18,1,1,0.8881,True
Logistic_Regression_ElasticNet,3,0,3,29,1,1,0.9138,True
Logistic_Regression_ElasticNet,3,0,3,35,0,0,0.0084,True
Logistic_Regression_ElasticNet,3,0,3,44,0,1,0.8976,False
Logistic_Regression_ElasticNet,3,0,3,45,1,1,0.9225,True
Logistic_Regression_ElasticNet,3,0,3,46,1,1,0.9612,True
Logistic_Regression_ElasticNet,3,0,3,56,1,1,0.9546,True
Logistic_Regression_ElasticNet,3,0,3,61,0,0,0.4122,True
Logistic_Regression_ElasticNet,3,0,3,63,0,0,0.0073,True
Logistic_Regression_ElasticNet,3,0,3,64,0,0,0.3292,True
Logistic_Regression_ElasticNet,3,0,3,65,0,1,0.6153,False
Logistic_Regression_ElasticNet,3,0,3,66,1,1,0.9032,True
Logistic_Regression_ElasticNet,3,0,3,67,1,1,0.8567,True
Logistic_Regression_ElasticNet,3,0,3,73,1,1,0.947,True
Logistic_Regression_ElasticNet,3,0,3,81,1,1,0.9489,True
Logistic_Regression_ElasticNet,3,0,3,83,0,0,0.0238,True
Logistic_Regression_ElasticNet,3,0,3,85,0,0,0.0002,True
Logistic_Regression_ElasticNet,3,0,3,90,1,1,0.9197,True
Logistic_Regression_ElasticNet,3,0,3,91,0,0,0.1284,True
Logistic_Regression_ElasticNet,3,0,3,92,1,1,0.9711,True
Logistic_Regression_ElasticNet,3,0,3,99,0,0,0.053,True
Logistic_Regression_ElasticNet,3,0,3,102,1,1,0.8296,True
Logistic_Regression_ElasticNet,3,0,3,115,0,0,0.0896,True
Logistic_Regression_ElasticNet,3,0,3,118,0,0,0.0163,True
Logistic_Regression_ElasticNet,3,0,3,126,1,1,0.9101,True
Logistic_Regression_ElasticNet,3,0,3,135,0,1,0.918,False
Logistic_Regression_ElasticNet,3,0,3,138,1,0,0.4852,False
Logistic_Regression_ElasticNet,4,0,4,2,1,0,0.4032,False
Logistic_Regression_ElasticNet,4,0,4,11,0,0,0.1748,True
Logistic_Regression_ElasticNet,4,0,4,12,1,1,0.8675,True
Logistic_Regression_ElasticNet,4,0,4,15,0,1,0.6814,False
Logistic_Regression_ElasticNet,4,0,4,19,1,1,0.8661,True
Logistic_Regression_ElasticNet,4,0,4,21,0,0,0.065,True
Logistic_Regression_ElasticNet,4,0,4,28,0,0,0.2219,True
Logistic_Regression_ElasticNet,4,0,4,32,0,1,0.5945,False
Logistic_Regression_ElasticNet,4,0,4,38,0,1,0.8933,False
Logistic_Regression_ElasticNet,4,0,4,49,1,1,0.6961,True
Logistic_Regression_ElasticNet,4,0,4,53,1,0,0.065,False
Logistic_Regression_ElasticNet,4,0,4,69,1,1,0.8472,True
Logistic_Regression_ElasticNet,4,0,4,89,1,1,0.9203,True
Logistic_Regression_ElasticNet,4,0,4,93,1,1,0.9266,True
Logistic_Regression_ElasticNet,4,0,4,100,0,0,0.0634,True
Logistic_Regression_ElasticNet,4,0,4,101,0,0,0.0124,True
Logistic_Regression_ElasticNet,4,0,4,105,0,0,0.0107,True
Logistic_Regression_ElasticNet,4,0,4,108,0,0,0.0811,True
Logistic_Regression_ElasticNet,4,0,4,109,1,0,0.4511,False
Logistic_Regression_ElasticNet,4,0,4,110,1,1,0.6942,True
Logistic_Regression_ElasticNet,4,0,4,116,1,1,0.9182,True
Logistic_Regression_ElasticNet,4,0,4,117,1,0,0.188,False
Logistic_Regression_ElasticNet,4,0,4,119,0,0,0.0055,True
Logistic_Regression_ElasticNet,4,0,4,123,0,0,0.0006,True
Logistic_Regression_ElasticNet,4,0,4,124,1,1,0.725,True
Logistic_Regression_ElasticNet,4,0,4,128,0,0,0.1281,True
Logistic_Regression_ElasticNet,4,0,4,136,1,0,0.4579,False
Logistic_Regression_ElasticNet,5,1,0,6,1,1,0.8403,True
Logistic_Regression_ElasticNet,5,1,0,12,1,1,0.8669,True
Logistic_Regression_ElasticNet,5,1,0,21,0,0,0.072,True
Logistic_Regression_ElasticNet,5,1,0,22,0,0,0.0099,True
Logistic_Regression_ElasticNet,5,1,0,25,1,1,0.9263,True
Logistic_Regression_ElasticNet,5,1,0,26,0,0,0.0017,True
Logistic_Regression_ElasticNet,5,1,0,34,0,0,0.4654,True
Logistic_Regression_ElasticNet,5,1,0,43,0,0,0.2658,True
Logistic_Regression_ElasticNet,5,1,0,44,0,1,0.8669,False
Logistic_Regression_ElasticNet,5,1,0,47,1,1,0.5946,True
Logistic_Regression_ElasticNet,5,1,0,51,1,1,0.7928,True
Logistic_Regression_ElasticNet,5,1,0,52,1,0,0.0528,False
Logistic_Regression_ElasticNet,5,1,0,58,0,0,0.0017,True
Logistic_Regression_ElasticNet,5,1,0,74,1,1,0.7546,True
Logistic_Regression_ElasticNet,5,1,0,76,1,1,0.8516,True
Logistic_Regression_ElasticNet,5,1,0,82,1,1,0.962,True
Logistic_Regression_ElasticNet,5,1,0,83,0,0,0.0191,True
Logistic_Regression_ElasticNet,5,1,0,88,0,0,0.1876,True
Logistic_Regression_ElasticNet,5,1,0,92,1,1,0.965,True
Logistic_Regression_ElasticNet,5,1,0,98,1,1,0.6893,True
Logistic_Regression_ElasticNet,5,1,0,107,0,0,0.0704,True
Logistic_Regression_ElasticNet,5,1,0,116,1,1,0.8905,True
Logistic_Regression_ElasticNet,5,1,0,118,0,0,0.0289,True
Logistic_Regression_ElasticNet,5,1,0,123,0,0,0.0017,True
Logistic_Regression_ElasticNet,5,1,0,124,1,1,0.7512,True
Logistic_Regression_ElasticNet,5,1,0,129,1,1,0.9272,True
Logistic_Regression_ElasticNet,5,1,0,131,0,0,0.2332,True
Logistic_Regression_ElasticNet,5,1,0,137,1,1,0.6447,True
Logistic_Regression_ElasticNet,6,1,1,2,1,0,0.3587,False
Logistic_Regression_ElasticNet,6,1,1,3,0,0,0.0128,True
Logistic_Regression_ElasticNet,6,1,1,4,0,0,0.0002,True
Logistic_Regression_ElasticNet,6,1,1,9,0,0,0.1736,True
Logistic_Regression_ElasticNet,6,1,1,10,1,1,0.823,True
Logistic_Regression_ElasticNet,6,1,1,15,0,1,0.7189,False
Logistic_Regression_ElasticNet,6,1,1,16,0,1,0.5594,False
Logistic_Regression_ElasticNet,6,1,1,17,1,1,0.6408,True
Logistic_Regression_ElasticNet,6,1,1,29,1,1,0.9013,True
Logistic_Regression_ElasticNet,6,1,1,41,0,0,0.1736,True
Logistic_Regression_ElasticNet,6,1,1,45,1,1,0.9167,True
Logistic_Regression_ElasticNet,6,1,1,55,1,1,0.5162,True
Logistic_Regression_ElasticNet,6,1,1,59,1,1,0.8918,True
Logistic_Regression_ElasticNet,6,1,1,65,0,1,0.6616,False
Logistic_Regression_ElasticNet,6,1,1,71,1,1,0.8872,True
Logistic_Regression_ElasticNet,6,1,1,77,0,0,0.1708,True
Logistic_Regression_ElasticNet,6,1,1,80,0,0,0.0709,True
Logistic_Regression_ElasticNet,6,1,1,90,1,1,0.905,True
Logistic_Regression_ElasticNet,6,1,1,95,0,0,0.0152,True
Logistic_Regression_ElasticNet,6,1,1,96,1,1,0.9317,True
Logistic_Regression_ElasticNet,6,1,1,101,0,0,0.0118,True
Logistic_Regression_ElasticNet,6,1,1,102,1,1,0.7304,True
Logistic_Regression_ElasticNet,6,1,1,106,1,1,0.8987,True
Logistic_Regression_ElasticNet,6,1,1,108,0,0,0.2028,True
Logistic_Regression_ElasticNet,6,1,1,114,0,1,0.9235,False
Logistic_Regression_ElasticNet,6,1,1,125,1,1,0.6095,True
Logistic_Regression_ElasticNet,6,1,1,133,1,1,0.9264,True
Logistic_Regression_ElasticNet,6,1,1,138,1,0,0.4454,False
Logistic_Regression_ElasticNet,7,1,2,5,0,0,0.1165,True
Logistic_Regression_ElasticNet,7,1,2,11,0,0,0.2494,True
Logistic_Regression_ElasticNet,7,1,2,13,1,1,0.9069,True
Logistic_Regression_ElasticNet,7,1,2,14,1,1,0.9513,True
Logistic_Regression_ElasticNet,7,1,2,24,1,1,0.9436,True
Logistic_Regression_ElasticNet,7,1,2,28,0,0,0.427,True
Logistic_Regression_ElasticNet,7,1,2,32,0,1,0.5884,False
Logistic_Regression_ElasticNet,7,1,2,33,0,1,0.5132,False
Logistic_Regression_ElasticNet,7,1,2,35,0,0,0.0145,True
Logistic_Regression_ElasticNet,7,1,2,38,0,1,0.8596,False
Logistic_Regression_ElasticNet,7,1,2,66,1,1,0.8853,True
Logistic_Regression_ElasticNet,7,1,2,67,1,1,0.848,True
Logistic_Regression_ElasticNet,7,1,2,73,1,1,0.9348,True
Logistic_Regression_ElasticNet,7,1,2,79,0,0,0.4248,True
Logistic_Regression_ElasticNet,7,1,2,84,0,0,0.4127,True
Logistic_Regression_ElasticNet,7,1,2,86,1,1,0.7921,True
Logistic_Regression_ElasticNet,7,1,2,91,0,0,0.1189,True
Logistic_Regression_ElasticNet,7,1,2,93,1,1,0.9132,True
Logistic_Regression_ElasticNet,7,1,2,94,1,1,0.9638,True
Logistic_Regression_ElasticNet,7,1,2,104,0,0,0.0578,True
Logistic_Regression_ElasticNet,7,1,2,110,1,1,0.7827,True
Logistic_Regression_ElasticNet,7,1,2,112,0,0,0.3291,True
Logistic_Regression_ElasticNet,7,1,2,121,1,1,0.8361,True
Logistic_Regression_ElasticNet,7,1,2,122,1,1,0.9069,True
Logistic_Regression_ElasticNet,7,1,2,127,1,1,0.9487,True
Logistic_Regression_ElasticNet,7,1,2,132,1,1,0.9069,True
Logistic_Regression_ElasticNet,7,1,2,134,0,0,0.0233,True
Logistic_Regression_ElasticNet,7,1,2,136,1,1,0.5103,True
Logistic_Regression_ElasticNet,8,1,3,19,1,1,0.8612,True
Logistic_Regression_ElasticNet,8,1,3,30,0,0,0.2644,True
Logistic_Regression_ElasticNet,8,1,3,31,0,0,0.1195,True
Logistic_Regression_ElasticNet,8,1,3,36,0,0,0.0001,True
Logistic_Regression_ElasticNet,8,1,3,37,0,0,0.0767,True
Logistic_Regression_ElasticNet,8,1,3,39,1,0,0.0782,False
Logistic_Regression_ElasticNet,8,1,3,40,1,1,0.727,True
Logistic_Regression_ElasticNet,8,1,3,42,0,1,0.8395,False
Logistic_Regression_ElasticNet,8,1,3,46,1,1,0.9691,True
Logistic_Regression_ElasticNet,8,1,3,54,0,0,0.0087,True
Logistic_Regression_ElasticNet,8,1,3,56,1,1,0.9635,True
Logistic_Regression_ElasticNet,8,1,3,57,0,1,0.9534,False
Logistic_Regression_ElasticNet,8,1,3,60,1,1,0.8308,True
Logistic_Regression_ElasticNet,8,1,3,62,0,0,0.2034,True
Logistic_Regression_ElasticNet,8,1,3,64,0,0,0.1662,True
Logistic_Regression_ElasticNet,8,1,3,72,1,1,0.8392,True
Logistic_Regression_ElasticNet,8,1,3,75,1,1,0.9603,True
Logistic_Regression_ElasticNet,8,1,3,81,1,1,0.9555,True
Logistic_Regression_ElasticNet,8,1,3,85,0,0,0.0001,True
Logistic_Regression_ElasticNet,8,1,3,87,0,0,0.1863,True
Logistic_Regression_ElasticNet,8,1,3,99,0,0,0.0334,True
Logistic_Regression_ElasticNet,8,1,3,105,0,0,0.0081,True
Logistic_Regression_ElasticNet,8,1,3,109,1,1,0.6873,True
Logistic_Regression_ElasticNet,8,1,3,111,1,1,0.9303,True
Logistic_Regression_ElasticNet,8,1,3,117,1,0,0.2851,False
Logistic_Regression_ElasticNet,8,1,3,120,1,1,0.8792,True
Logistic_Regression_ElasticNet,8,1,3,126,1,1,0.9246,True
Logistic_Regression_ElasticNet,8,1,3,135,0,1,0.879,False
Logistic_Regression_ElasticNet,9,1,4,0,1,1,0.5664,True
Logistic_Regression_ElasticNet,9,1,4,1,0,0,0.419,True
Logistic_Regression_ElasticNet,9,1,4,7,0,0,0.2232,True
Logistic_Regression_ElasticNet,9,1,4,8,1,1,0.7029,True
Logistic_Regression_ElasticNet,9,1,4,18,1,1,0.8542,True
Logistic_Regression_ElasticNet,9,1,4,20,0,0,0.0668,True
Logistic_Regression_ElasticNet,9,1,4,23,0,1,0.5251,False
Logistic_Regression_ElasticNet,9,1,4,27,0,0,0.0988,True
Logistic_Regression_ElasticNet,9,1,4,48,1,0,0.3411,False
Logistic_Regression_ElasticNet,9,1,4,49,1,1,0.6996,True
Logistic_Regression_ElasticNet,9,1,4,50,1,1,0.8542,True
Logistic_Regression_ElasticNet,9,1,4,53,1,0,0.0829,False
Logistic_Regression_ElasticNet,9,1,4,61,0,0,0.4644,True
Logistic_Regression_ElasticNet,9,1,4,63,0,0,0.0081,True
Logistic_Regression_ElasticNet,9,1,4,68,1,1,0.8456,True
Logistic_Regression_ElasticNet,9,1,4,69,1,1,0.8125,True
Logistic_Regression_ElasticNet,9,1,4,70,1,1,0.8057,True
Logistic_Regression_ElasticNet,9,1,4,78,1,1,0.8625,True
Logistic_Regression_ElasticNet,9,1,4,89,1,1,0.9008,True
Logistic_Regression_ElasticNet,9,1,4,97,1,1,0.8307,True
Logistic_Regression_ElasticNet,9,1,4,100,0,0,0.0511,True
Logistic_Regression_ElasticNet,9,1,4,103,0,0,0.0015,True
Logistic_Regression_ElasticNet,9,1,4,113,1,1,0.5506,True
Logistic_Regression_ElasticNet,9,1,4,115,0,0,0.0621,True
Logistic_Regression_ElasticNet,9,1,4,119,0,0,0.0136,True
Logistic_Regression_ElasticNet,9,1,4,128,0,0,0.1262,True
Logistic_Regression_ElasticNet,9,1,4,130,0,0,0.3446,True
Logistic_Regression_ElasticNet,10,2,0,6,1,1,0.8634,True
Logistic_Regression_ElasticNet,10,2,0,8,1,1,0.7093,True
Logistic_Regression_ElasticNet,10,2,0,11,0,0,0.2112,True
Logistic_Regression_ElasticNet,10,2,0,12,1,1,0.843,True
Logistic_Regression_ElasticNet,10,2,0,23,0,1,0.5037,False
Logistic_Regression_ElasticNet,10,2,0,27,0,0,0.2028,True
Logistic_Regression_ElasticNet,10,2,0,31,0,0,0.152,True
Logistic_Regression_ElasticNet,10,2,0,32,0,1,0.5708,False
Logistic_Regression_ElasticNet,10,2,0,39,1,0,0.0663,False
Logistic_Regression_ElasticNet,10,2,0,43,0,0,0.2112,True
Logistic_Regression_ElasticNet,10,2,0,46,1,1,0.9505,True
Logistic_Regression_ElasticNet,10,2,0,56,1,1,0.943,True
Logistic_Regression_ElasticNet,10,2,0,58,0,0,0.0033,True
Logistic_Regression_ElasticNet,10,2,0,60,1,1,0.7836,True
Logistic_Regression_ElasticNet,10,2,0,61,0,0,0.2365,True
Logistic_Regression_ElasticNet,10,2,0,63,0,0,0.0282,True
Logistic_Regression_ElasticNet,10,2,0,64,0,0,0.1607,True
Logistic_Regression_ElasticNet,10,2,0,67,1,1,0.8399,True
Logistic_Regression_ElasticNet,10,2,0,81,1,1,0.9273,True
Logistic_Regression_ElasticNet,10,2,0,85,0,0,0.0002,True
Logistic_Regression_ElasticNet,10,2,0,90,1,1,0.897,True
Logistic_Regression_ElasticNet,10,2,0,92,1,1,0.9604,True
Logistic_Regression_ElasticNet,10,2,0,97,1,1,0.8054,True
Logistic_Regression_ElasticNet,10,2,0,102,1,1,0.5718,True
Logistic_Regression_ElasticNet,10,2,0,103,0,0,0.0004,True
Logistic_Regression_ElasticNet,10,2,0,117,1,0,0.1971,False
Logistic_Regression_ElasticNet,10,2,0,119,0,0,0.0053,True
Logistic_Regression_ElasticNet,10,2,0,138,1,1,0.5037,True
Logistic_Regression_ElasticNet,11,2,1,16,0,0,0.4596,True
Logistic_Regression_ElasticNet,11,2,1,17,1,1,0.7039,True
Logistic_Regression_ElasticNet,11,2,1,38,0,1,0.9326,False
Logistic_Regression_ElasticNet,11,2,1,42,0,1,0.8971,False
Logistic_Regression_ElasticNet,11,2,1,45,1,1,0.9565,True
Logistic_Regression_ElasticNet,11,2,1,53,1,0,0.0869,False
Logistic_Regression_ElasticNet,11,2,1,54,0,0,0.0048,True
Logistic_Regression_ElasticNet,11,2,1,57,0,1,0.9676,False
Logistic_Regression_ElasticNet,11,2,1,62,0,0,0.3147,True
Logistic_Regression_ElasticNet,11,2,1,66,1,1,0.9458,True
Logistic_Regression_ElasticNet,11,2,1,72,1,1,0.8553,True
Logistic_Regression_ElasticNet,11,2,1,75,1,1,0.9721,True
Logistic_Regression_ElasticNet,11,2,1,78,1,1,0.9417,True
Logistic_Regression_ElasticNet,11,2,1,86,1,1,0.844,True
Logistic_Regression_ElasticNet,11,2,1,91,0,0,0.0761,True
Logistic_Regression_ElasticNet,11,2,1,95,0,0,0.0074,True
Logistic_Regression_ElasticNet,11,2,1,96,1,1,0.9658,True
Logistic_Regression_ElasticNet,11,2,1,104,0,0,0.023,True
Logistic_Regression_ElasticNet,11,2,1,105,0,0,0.0029,True
Logistic_Regression_ElasticNet,11,2,1,111,1,1,0.9532,True
Logistic_Regression_ElasticNet,11,2,1,114,0,1,0.9507,False
Logistic_Regression_ElasticNet,11,2,1,122,1,1,0.9565,True
Logistic_Regression_ElasticNet,11,2,1,124,1,1,0.7484,True
Logistic_Regression_ElasticNet,11,2,1,125,1,1,0.5766,True
Logistic_Regression_ElasticNet,11,2,1,134,0,0,0.0056,True
Logistic_Regression_ElasticNet,11,2,1,135,0,1,0.9215,False
Logistic_Regression_ElasticNet,11,2,1,136,1,1,0.53,True
Logistic_Regression_ElasticNet,11,2,1,137,1,1,0.6354,True
Logistic_Regression_ElasticNet,12,2,2,5,0,0,0.1264,True
Logistic_Regression_ElasticNet,12,2,2,9,0,0,0.11,True
Logistic_Regression_ElasticNet,12,2,2,18,1,1,0.8455,True
Logistic_Regression_ElasticNet,12,2,2,20,0,0,0.1412,True
Logistic_Regression_ElasticNet,12,2,2,24,1,1,0.9226,True
Logistic_Regression_ElasticNet,12,2,2,25,1,1,0.9075,True
Logistic_Regression_ElasticNet,12,2,2,26,0,0,0.0061,True
Logistic_Regression_ElasticNet,12,2,2,30,0,0,0.4001,True
Logistic_Regression_ElasticNet,12,2,2,36,0,0,0.0007,True
Logistic_Regression_ElasticNet,12,2,2,48,1,0,0.437,False
Logistic_Regression_ElasticNet,12,2,2,49,1,1,0.6386,True
Logistic_Regression_ElasticNet,12,2,2,50,1,1,0.8455,True
Logistic_Regression_ElasticNet,12,2,2,51,1,1,0.7957,True
Logistic_Regression_ElasticNet,12,2,2,59,1,1,0.8742,True
Logistic_Regression_ElasticNet,12,2,2,68,1,1,0.8369,True
Logistic_Regression_ElasticNet,12,2,2,70,1,1,0.7851,True
Logistic_Regression_ElasticNet,12,2,2,79,0,0,0.4743,True
Logistic_Regression_ElasticNet,12,2,2,83,0,0,0.0325,True
Logistic_Regression_ElasticNet,12,2,2,84,0,0,0.4149,True
Logistic_Regression_ElasticNet,12,2,2,87,0,0,0.3101,True
Logistic_Regression_ElasticNet,12,2,2,101,0,0,0.0134,True
Logistic_Regression_ElasticNet,12,2,2,108,0,0,0.2531,True
Logistic_Regression_ElasticNet,12,2,2,110,1,1,0.7936,True
Logistic_Regression_ElasticNet,12,2,2,113,1,1,0.5882,True
Logistic_Regression_ElasticNet,12,2,2,126,1,1,0.8693,True
Logistic_Regression_ElasticNet,12,2,2,127,1,1,0.9237,True
Logistic_Regression_ElasticNet,12,2,2,130,0,0,0.4774,True
Logistic_Regression_ElasticNet,12,2,2,132,1,1,0.8833,True
Logistic_Regression_ElasticNet,13,2,3,3,0,0,0.0088,True
Logistic_Regression_ElasticNet,13,2,3,4,0,0,0.0002,True
Logistic_Regression_ElasticNet,13,2,3,7,0,0,0.1597,True
Logistic_Regression_ElasticNet,13,2,3,15,0,1,0.5985,False
Logistic_Regression_ElasticNet,13,2,3,22,0,0,0.012,True
Logistic_Regression_ElasticNet,13,2,3,29,1,1,0.9078,True
Logistic_Regression_ElasticNet,13,2,3,35,0,0,0.0088,True
Logistic_Regression_ElasticNet,13,2,3,37,0,0,0.0775,True
Logistic_Regression_ElasticNet,13,2,3,40,1,1,0.6943,True
Logistic_Regression_ElasticNet,13,2,3,41,0,0,0.1515,True
Logistic_Regression_ElasticNet,13,2,3,47,1,1,0.5985,True
Logistic_Regression_ElasticNet,13,2,3,52,1,0,0.0743,False
Logistic_Regression_ElasticNet,13,2,3,55,1,1,0.5069,True
Logistic_Regression_ElasticNet,13,2,3,69,1,1,0.856,True
Logistic_Regression_ElasticNet,13,2,3,71,1,1,0.8505,True
Logistic_Regression_ElasticNet,13,2,3,73,1,1,0.9281,True
Logistic_Regression_ElasticNet,13,2,3,76,1,1,0.8434,True
Logistic_Regression_ElasticNet,13,2,3,82,1,1,0.9591,True
Logistic_Regression_ElasticNet,13,2,3,94,1,1,0.963,True
Logistic_Regression_ElasticNet,13,2,3,98,1,1,0.6594,True
Logistic_Regression_ElasticNet,13,2,3,99,0,0,0.1015,True
Logistic_Regression_ElasticNet,13,2,3,107,0,0,0.0675,True
Logistic_Regression_ElasticNet,13,2,3,112,0,0,0.2352,True
Logistic_Regression_ElasticNet,13,2,3,115,0,0,0.0996,True
Logistic_Regression_ElasticNet,13,2,3,118,0,0,0.0255,True
Logistic_Regression_ElasticNet,13,2,3,121,1,1,0.8004,True
Logistic_Regression_ElasticNet,13,2,3,131,0,0,0.2865,True
Logistic_Regression_ElasticNet,13,2,3,133,1,1,0.9115,True
Logistic_Regression_ElasticNet,14,2,4,0,1,1,0.5791,True
Logistic_Regression_ElasticNet,14,2,4,1,0,1,0.5426,False
Logistic_Regression_ElasticNet,14,2,4,2,1,0,0.4523,False
Logistic_Regression_ElasticNet,14,2,4,10,1,1,0.7725,True
Logistic_Regression_ElasticNet,14,2,4,13,1,1,0.9052,True
Logistic_Regression_ElasticNet,14,2,4,14,1,1,0.954,True
Logistic_Regression_ElasticNet,14,2,4,19,1,1,0.8049,True
Logistic_Regression_ElasticNet,14,2,4,21,0,0,0.1621,True
Logistic_Regression_ElasticNet,14,2,4,28,0,0,0.4097,True
Logistic_Regression_ElasticNet,14,2,4,33,0,1,0.5426,False
Logistic_Regression_ElasticNet,14,2,4,34,0,0,0.4523,True
Logistic_Regression_ElasticNet,14,2,4,44,0,1,0.8742,False
Logistic_Regression_ElasticNet,14,2,4,65,0,1,0.617,False
Logistic_Regression_ElasticNet,14,2,4,74,1,1,0.7454,True
Logistic_Regression_ElasticNet,14,2,4,77,0,0,0.1794,True
Logistic_Regression_ElasticNet,14,2,4,80,0,0,0.0927,True
Logistic_Regression_ElasticNet,14,2,4,88,0,0,0.2572,True
Logistic_Regression_ElasticNet,14,2,4,89,1,1,0.9199,True
Logistic_Regression_ElasticNet,14,2,4,93,1,1,0.9123,True
Logistic_Regression_ElasticNet,14,2,4,100,0,0,0.0494,True
Logistic_Regression_ElasticNet,14,2,4,106,1,1,0.8805,True
Logistic_Regression_ElasticNet,14,2,4,109,1,1,0.7215,True
Logistic_Regression_ElasticNet,14,2,4,116,1,1,0.8975,True
Logistic_Regression_ElasticNet,14,2,4,120,1,1,0.883,True
Logistic_Regression_ElasticNet,14,2,4,123,0,0,0.0027,True
Logistic_Regression_ElasticNet,14,2,4,128,0,0,0.1315,True
Logistic_Regression_ElasticNet,14,2,4,129,1,1,0.9344,True
Logistic_Regression_ElasticNet,15,3,0,9,0,0,0.1449,True
Logistic_Regression_ElasticNet,15,3,0,12,1,1,0.8684,True
Logistic_Regression_ElasticNet,15,3,0,17,1,1,0.6875,True
Logistic_Regression_ElasticNet,15,3,0,18,1,1,0.87,True
Logistic_Regression_ElasticNet,15,3,0,25,1,1,0.9356,True
Logistic_Regression_ElasticNet,15,3,0,27,0,0,0.1637,True
Logistic_Regression_ElasticNet,15,3,0,32,0,1,0.574,False
Logistic_Regression_ElasticNet,15,3,0,37,0,0,0.1009,True
Logistic_Regression_ElasticNet,15,3,0,38,0,1,0.86,False
Logistic_Regression_ElasticNet,15,3,0,39,1,0,0.099,False
Logistic_Regression_ElasticNet,15,3,0,47,1,1,0.6663,True
Logistic_Regression_ElasticNet,15,3,0,48,1,0,0.4621,False
Logistic_Regression_ElasticNet,15,3,0,58,0,0,0.0023,True
Logistic_Regression_ElasticNet,15,3,0,60,1,1,0.786,True
Logistic_Regression_ElasticNet,15,3,0,68,1,1,0.86,True
Logistic_Regression_ElasticNet,15,3,0,74,1,1,0.7296,True
Logistic_Regression_ElasticNet,15,3,0,78,1,1,0.8795,True
Logistic_Regression_ElasticNet,15,3,0,80,0,0,0.0906,True
Logistic_Regression_ElasticNet,15,3,0,84,0,0,0.2774,True
Logistic_Regression_ElasticNet,15,3,0,88,0,0,0.1263,True
Logistic_Regression_ElasticNet,15,3,0,91,0,0,0.0883,True
Logistic_Regression_ElasticNet,15,3,0,98,1,1,0.7361,True
Logistic_Regression_ElasticNet,15,3,0,106,1,1,0.8883,True
Logistic_Regression_ElasticNet,15,3,0,107,0,0,0.0429,True
Logistic_Regression_ElasticNet,15,3,0,109,1,1,0.7077,True
Logistic_Regression_ElasticNet,15,3,0,123,0,0,0.0008,True
Logistic_Regression_ElasticNet,15,3,0,132,1,1,0.9115,True
Logistic_Regression_ElasticNet,15,3,0,135,0,1,0.8887,False
Logistic_Regression_ElasticNet,16,3,1,0,1,1,0.5512,True
Logistic_Regression_ElasticNet,16,3,1,5,0,0,0.0845,True
Logistic_Regression_ElasticNet,16,3,1,6,1,1,0.8492,True
Logistic_Regression_ElasticNet,16,3,1,7,0,0,0.1886,True
Logistic_Regression_ElasticNet,16,3,1,13,1,1,0.8954,True
Logistic_Regression_ElasticNet,16,3,1,26,0,0,0.0048,True
Logistic_Regression_ElasticNet,16,3,1,30,0,0,0.2937,True
Logistic_Regression_ElasticNet,16,3,1,34,0,0,0.4293,True
Logistic_Regression_ElasticNet,16,3,1,35,0,0,0.013,True
Logistic_Regression_ElasticNet,16,3,1,41,0,0,0.1716,True
Logistic_Regression_ElasticNet,16,3,1,49,1,1,0.7088,True
Logistic_Regression_ElasticNet,16,3,1,55,1,1,0.5513,True
Logistic_Regression_ElasticNet,16,3,1,61,0,0,0.4596,True
Logistic_Regression_ElasticNet,16,3,1,62,0,0,0.3157,True
Logistic_Regression_ElasticNet,16,3,1,63,0,0,0.0173,True
Logistic_Regression_ElasticNet,16,3,1,75,1,1,0.925,True
Logistic_Regression_ElasticNet,16,3,1,76,1,1,0.8579,True
Logistic_Regression_ElasticNet,16,3,1,92,1,1,0.9546,True
Logistic_Regression_ElasticNet,16,3,1,110,1,1,0.7342,True
Logistic_Regression_ElasticNet,16,3,1,112,0,0,0.366,True
Logistic_Regression_ElasticNet,16,3,1,117,1,0,0.2584,False
Logistic_Regression_ElasticNet,16,3,1,122,1,1,0.8954,True
Logistic_Regression_ElasticNet,16,3,1,126,1,1,0.8816,True
Logistic_Regression_ElasticNet,16,3,1,127,1,1,0.9365,True
Logistic_Regression_ElasticNet,16,3,1,129,1,1,0.9093,True
Logistic_Regression_ElasticNet,16,3,1,131,0,0,0.4241,True
Logistic_Regression_ElasticNet,16,3,1,133,1,1,0.9074,True
Logistic_Regression_ElasticNet,16,3,1,134,0,0,0.0168,True
Logistic_Regression_ElasticNet,17,3,2,10,1,1,0.7614,True
Logistic_Regression_ElasticNet,17,3,2,16,0,0,0.4961,True
Logistic_Regression_ElasticNet,17,3,2,20,0,0,0.1332,True
Logistic_Regression_ElasticNet,17,3,2,24,1,1,0.944,True
Logistic_Regression_ElasticNet,17,3,2,28,0,0,0.3818,True
Logistic_Regression_ElasticNet,17,3,2,29,1,1,0.9113,True
Logistic_Regression_ElasticNet,17,3,2,31,0,0,0.1379,True
Logistic_Regression_ElasticNet,17,3,2,40,1,1,0.6976,True
Logistic_Regression_ElasticNet,17,3,2,43,0,0,0.2595,True
Logistic_Regression_ElasticNet,17,3,2,46,1,1,0.9526,True
Logistic_Regression_ElasticNet,17,3,2,51,1,1,0.7968,True
Logistic_Regression_ElasticNet,17,3,2,66,1,1,0.8753,True
Logistic_Regression_ElasticNet,17,3,2,69,1,1,0.881,True
Logistic_Regression_ElasticNet,17,3,2,71,1,1,0.8629,True
Logistic_Regression_ElasticNet,17,3,2,77,0,0,0.1642,True
Logistic_Regression_ElasticNet,17,3,2,81,1,1,0.9347,True
Logistic_Regression_ElasticNet,17,3,2,83,0,0,0.03,True
Logistic_Regression_ElasticNet,17,3,2,89,1,1,0.9165,True
Logistic_Regression_ElasticNet,17,3,2,93,1,1,0.9088,True
Logistic_Regression_ElasticNet,17,3,2,94,1,1,0.9661,True
Logistic_Regression_ElasticNet,17,3,2,99,0,0,0.0822,True
Logistic_Regression_ElasticNet,17,3,2,103,0,0,0.0014,True
Logistic_Regression_ElasticNet,17,3,2,104,0,0,0.0514,True
Logistic_Regression_ElasticNet,17,3,2,114,0,1,0.929,False
Logistic_Regression_ElasticNet,17,3,2,115,0,0,0.1438,True
Logistic_Regression_ElasticNet,17,3,2,116,1,1,0.8932,True
Logistic_Regression_ElasticNet,17,3,2,118,0,0,0.023,True
Logistic_Regression_ElasticNet,17,3,2,137,1,1,0.7002,True
Logistic_Regression_ElasticNet,18,3,3,14,1,1,0.9672,True
Logistic_Regression_ElasticNet,18,3,3,21,0,0,0.0845,True
Logistic_Regression_ElasticNet,18,3,3,22,0,0,0.0063,True
Logistic_Regression_ElasticNet,18,3,3,42,0,1,0.8426,False
Logistic_Regression_ElasticNet,18,3,3,44,0,1,0.9033,False
Logistic_Regression_ElasticNet,18,3,3,45,1,1,0.9341,True
Logistic_Regression_ElasticNet,18,3,3,50,1,1,0.9043,True
Logistic_Regression_ElasticNet,18,3,3,52,1,0,0.0743,False
Logistic_Regression_ElasticNet,18,3,3,54,0,0,0.0063,True
Logistic_Regression_ElasticNet,18,3,3,56,1,1,0.9616,True
Logistic_Regression_ElasticNet,18,3,3,57,0,1,0.9515,False
Logistic_Regression_ElasticNet,18,3,3,64,0,0,0.235,True
Logistic_Regression_ElasticNet,18,3,3,70,1,1,0.8582,True
Logistic_Regression_ElasticNet,18,3,3,73,1,1,0.9551,True
Logistic_Regression_ElasticNet,18,3,3,79,0,0,0.3712,True
Logistic_Regression_ElasticNet,18,3,3,85,0,0,0.0001,True
Logistic_Regression_ElasticNet,18,3,3,86,1,1,0.7986,True
Logistic_Regression_ElasticNet,18,3,3,87,0,0,0.1835,True
Logistic_Regression_ElasticNet,18,3,3,96,1,1,0.9503,True
Logistic_Regression_ElasticNet,18,3,3,100,0,0,0.0331,True
Logistic_Regression_ElasticNet,18,3,3,101,0,0,0.0065,True
Logistic_Regression_ElasticNet,18,3,3,102,1,1,0.754,True
Logistic_Regression_ElasticNet,18,3,3,105,0,0,0.0068,True
Logistic_Regression_ElasticNet,18,3,3,111,1,1,0.929,True
Logistic_Regression_ElasticNet,18,3,3,119,0,0,0.007,True
Logistic_Regression_ElasticNet,18,3,3,121,1,1,0.876,True
Logistic_Regression_ElasticNet,18,3,3,136,1,0,0.4925,False
Logistic_Regression_ElasticNet,18,3,3,138,1,1,0.5221,True
Logistic_Regression_ElasticNet,19,3,4,1,0,0,0.4736,True
Logistic_Regression_ElasticNet,19,3,4,2,1,0,0.4119,False
Logistic_Regression_ElasticNet,19,3,4,3,0,0,0.0089,True
Logistic_Regression_ElasticNet,19,3,4,4,0,0,0.0003,True
Logistic_Regression_ElasticNet,19,3,4,8,1,1,0.7151,True
Logistic_Regression_ElasticNet,19,3,4,11,0,0,0.2266,True
Logistic_Regression_ElasticNet,19,3,4,15,0,1,0.7067,False
Logistic_Regression_ElasticNet,19,3,4,19,1,1,0.8473,True
Logistic_Regression_ElasticNet,19,3,4,23,0,1,0.5309,False
Logistic_Regression_ElasticNet,19,3,4,33,0,0,0.4736,True
Logistic_Regression_ElasticNet,19,3,4,36,0,0,0.0003,True
Logistic_Regression_ElasticNet,19,3,4,53,1,0,0.1156,False
Logistic_Regression_ElasticNet,19,3,4,59,1,1,0.8862,True
Logistic_Regression_ElasticNet,19,3,4,65,0,1,0.6812,False
Logistic_Regression_ElasticNet,19,3,4,67,1,1,0.8346,True
Logistic_Regression_ElasticNet,19,3,4,72,1,1,0.7951,True
Logistic_Regression_ElasticNet,19,3,4,82,1,1,0.9475,True
Logistic_Regression_ElasticNet,19,3,4,90,1,1,0.8994,True
Logistic_Regression_ElasticNet,19,3,4,95,0,0,0.0152,True
Logistic_Regression_ElasticNet,19,3,4,97,1,1,0.8497,True
Logistic_Regression_ElasticNet,19,3,4,108,0,0,0.1898,True
Logistic_Regression_ElasticNet,19,3,4,113,1,1,0.6018,True
Logistic_Regression_ElasticNet,19,3,4,120,1,1,0.8271,True
Logistic_Regression_ElasticNet,19,3,4,124,1,1,0.6824,True
Logistic_Regression_ElasticNet,19,3,4,125,1,1,0.5723,True
Logistic_Regression_ElasticNet,19,3,4,128,0,0,0.1013,True
Logistic_Regression_ElasticNet,19,3,4,130,0,0,0.4526,True
Logistic_Regression_ElasticNet,20,4,0,9,0,0,0.0734,True
Logistic_Regression_ElasticNet,20,4,0,14,1,1,0.9543,True
Logistic_Regression_ElasticNet,20,4,0,18,1,1,0.871,True
Logistic_Regression_ElasticNet,20,4,0,23,0,1,0.5537,False
Logistic_Regression_ElasticNet,20,4,0,24,1,1,0.9468,True
Logistic_Regression_ElasticNet,20,4,0,28,0,0,0.4875,True
Logistic_Regression_ElasticNet,20,4,0,36,0,0,0.0002,True
Logistic_Regression_ElasticNet,20,4,0,45,1,1,0.91,True
Logistic_Regression_ElasticNet,20,4,0,48,1,0,0.3062,False
Logistic_Regression_ElasticNet,20,4,0,52,1,0,0.0418,False
Logistic_Regression_ElasticNet,20,4,0,54,0,0,0.0058,True
Logistic_Regression_ElasticNet,20,4,0,57,0,1,0.9332,False
Logistic_Regression_ElasticNet,20,4,0,59,1,1,0.9255,True
Logistic_Regression_ElasticNet,20,4,0,61,0,1,0.5968,False
Logistic_Regression_ElasticNet,20,4,0,67,1,1,0.8607,True
Logistic_Regression_ElasticNet,20,4,0,69,1,1,0.8462,True
Logistic_Regression_ElasticNet,20,4,0,77,0,0,0.1269,True
Logistic_Regression_ElasticNet,20,4,0,88,0,0,0.2507,True
Logistic_Regression_ElasticNet,20,4,0,94,1,1,0.9665,True
Logistic_Regression_ElasticNet,20,4,0,99,0,0,0.1389,True
Logistic_Regression_ElasticNet,20,4,0,105,0,0,0.0104,True
Logistic_Regression_ElasticNet,20,4,0,108,0,0,0.0726,True
Logistic_Regression_ElasticNet,20,4,0,109,1,1,0.5568,True
Logistic_Regression_ElasticNet,20,4,0,111,1,1,0.9031,True
Logistic_Regression_ElasticNet,20,4,0,113,1,1,0.5238,True
Logistic_Regression_ElasticNet,20,4,0,118,0,0,0.0267,True
Logistic_Regression_ElasticNet,20,4,0,122,1,1,0.91,True
Logistic_Regression_ElasticNet,20,4,0,138,1,1,0.5812,True
Logistic_Regression_ElasticNet,21,4,1,2,1,0,0.399,False
Logistic_Regression_ElasticNet,21,4,1,5,0,0,0.1201,True
Logistic_Regression_ElasticNet,21,4,1,10,1,1,0.7605,True
Logistic_Regression_ElasticNet,21,4,1,19,1,1,0.7923,True
Logistic_Regression_ElasticNet,21,4,1,25,1,1,0.9242,True
Logistic_Regression_ElasticNet,21,4,1,27,0,0,0.1932,True
Logistic_Regression_ElasticNet,21,4,1,33,0,1,0.5057,False
Logistic_Regression_ElasticNet,21,4,1,34,0,0,0.399,True
Logistic_Regression_ElasticNet,21,4,1,35,0,0,0.0133,True
Logistic_Regression_ElasticNet,21,4,1,37,0,0,0.1201,True
Logistic_Regression_ElasticNet,21,4,1,38,0,1,0.8403,False
Logistic_Regression_ElasticNet,21,4,1,56,1,1,0.9401,True
Logistic_Regression_ElasticNet,21,4,1,63,0,0,0.0137,True
Logistic_Regression_ElasticNet,21,4,1,64,0,0,0.284,True
Logistic_Regression_ElasticNet,21,4,1,68,1,1,0.8403,True
Logistic_Regression_ElasticNet,21,4,1,70,1,1,0.8241,True
Logistic_Regression_ElasticNet,21,4,1,83,0,0,0.027,True
Logistic_Regression_ElasticNet,21,4,1,89,1,1,0.9114,True
Logistic_Regression_ElasticNet,21,4,1,90,1,1,0.8928,True
Logistic_Regression_ElasticNet,21,4,1,96,1,1,0.9226,True
Logistic_Regression_ElasticNet,21,4,1,101,0,0,0.0145,True
Logistic_Regression_ElasticNet,21,4,1,110,1,1,0.7577,True
Logistic_Regression_ElasticNet,21,4,1,115,0,0,0.1278,True
Logistic_Regression_ElasticNet,21,4,1,126,1,1,0.8804,True
Logistic_Regression_ElasticNet,21,4,1,133,1,1,0.9128,True
Logistic_Regression_ElasticNet,21,4,1,134,0,0,0.0193,True
Logistic_Regression_ElasticNet,21,4,1,136,1,0,0.4658,False
Logistic_Regression_ElasticNet,21,4,1,137,1,1,0.6641,True
Logistic_Regression_ElasticNet,22,4,2,0,1,1,0.5792,True
Logistic_Regression_ElasticNet,22,4,2,1,0,1,0.6195,False
Logistic_Regression_ElasticNet,22,4,2,8,1,1,0.6658,True
Logistic_Regression_ElasticNet,22,4,2,12,1,1,0.8759,True
Logistic_Regression_ElasticNet,22,4,2,15,0,1,0.7233,False
Logistic_Regression_ElasticNet,22,4,2,16,0,1,0.5338,False
Logistic_Regression_ElasticNet,22,4,2,17,1,1,0.6194,True
Logistic_Regression_ElasticNet,22,4,2,29,1,1,0.9072,True
Logistic_Regression_ElasticNet,22,4,2,30,0,0,0.3676,True
Logistic_Regression_ElasticNet,22,4,2,31,0,0,0.1513,True
Logistic_Regression_ElasticNet,22,4,2,39,1,0,0.082,False
Logistic_Regression_ElasticNet,22,4,2,40,1,1,0.6658,True
Logistic_Regression_ElasticNet,22,4,2,46,1,1,0.9594,True
Logistic_Regression_ElasticNet,22,4,2,50,1,1,0.8787,True
Logistic_Regression_ElasticNet,22,4,2,62,0,0,0.1766,True
Logistic_Regression_ElasticNet,22,4,2,65,0,1,0.6312,False
Logistic_Regression_ElasticNet,22,4,2,71,1,1,0.89,True
Logistic_Regression_ElasticNet,22,4,2,78,1,1,0.8874,True
Logistic_Regression_ElasticNet,22,4,2,79,0,1,0.5248,False
Logistic_Regression_ElasticNet,22,4,2,80,0,0,0.1358,True
Logistic_Regression_ElasticNet,22,4,2,93,1,1,0.9232,True
Logistic_Regression_ElasticNet,22,4,2,103,0,0,0.0003,True
Logistic_Regression_ElasticNet,22,4,2,106,1,1,0.8956,True
Logistic_Regression_ElasticNet,22,4,2,119,0,0,0.0067,True
Logistic_Regression_ElasticNet,22,4,2,120,1,1,0.8342,True
Logistic_Regression_ElasticNet,22,4,2,123,0,0,0.0005,True
Logistic_Regression_ElasticNet,22,4,2,124,1,1,0.712,True
Logistic_Regression_ElasticNet,22,4,2,135,0,1,0.9361,False
Logistic_Regression_ElasticNet,23,4,3,4,0,0,0.0006,True
Logistic_Regression_ElasticNet,23,4,3,6,1,1,0.8712,True
Logistic_Regression_ElasticNet,23,4,3,13,1,1,0.902,True
Logistic_Regression_ElasticNet,23,4,3,20,0,0,0.1695,True
Logistic_Regression_ElasticNet,23,4,3,21,0,0,0.1589,True
Logistic_Regression_ElasticNet,23,4,3,26,0,0,0.0062,True
Logistic_Regression_ElasticNet,23,4,3,41,0,0,0.1229,True
Logistic_Regression_ElasticNet,23,4,3,42,0,1,0.8324,False
Logistic_Regression_ElasticNet,23,4,3,47,1,1,0.7127,True
Logistic_Regression_ElasticNet,23,4,3,51,1,1,0.8404,True
Logistic_Regression_ElasticNet,23,4,3,58,0,0,0.0062,True
Logistic_Regression_ElasticNet,23,4,3,60,1,1,0.8207,True
Logistic_Regression_ElasticNet,23,4,3,66,1,1,0.8875,True
Logistic_Regression_ElasticNet,23,4,3,72,1,1,0.7613,True
Logistic_Regression_ElasticNet,23,4,3,74,1,1,0.6743,True
Logistic_Regression_ElasticNet,23,4,3,75,1,1,0.9223,True
Logistic_Regression_ElasticNet,23,4,3,81,1,1,0.9186,True
Logistic_Regression_ElasticNet,23,4,3,84,0,0,0.3786,True
Logistic_Regression_ElasticNet,23,4,3,85,0,0,0.0005,True
Logistic_Regression_ElasticNet,23,4,3,95,0,0,0.0337,True
Logistic_Regression_ElasticNet,23,4,3,97,1,1,0.8405,True
Logistic_Regression_ElasticNet,23,4,3,100,0,0,0.065,True
Logistic_Regression_ElasticNet,23,4,3,102,1,1,0.6878,True
Logistic_Regression_ElasticNet,23,4,3,104,0,0,0.0709,True
Logistic_Regression_ElasticNet,23,4,3,107,0,0,0.0832,True
Logistic_Regression_ElasticNet,23,4,3,125,1,1,0.5408,True
Logistic_Regression_ElasticNet,23,4,3,127,1,1,0.924,True
Logistic_Regression_ElasticNet,23,4,3,130,0,0,0.4658,True
Logistic_Regression_ElasticNet,24,4,4,3,0,0,0.0065,True
Logistic_Regression_ElasticNet,24,4,4,7,0,0,0.096,True
Logistic_Regression_ElasticNet,24,4,4,11,0,0,0.2913,True
Logistic_Regression_ElasticNet,24,4,4,22,0,0,0.0101,True
Logistic_Regression_ElasticNet,24,4,4,32,0,1,0.6265,False
Logistic_Regression_ElasticNet,24,4,4,43,0,0,0.2913,True
Logistic_Regression_ElasticNet,24,4,4,44,0,1,0.8796,False
Logistic_Regression_ElasticNet,24,4,4,49,1,1,0.8134,True
Logistic_Regression_ElasticNet,24,4,4,53,1,0,0.0569,False
Logistic_Regression_ElasticNet,24,4,4,55,1,1,0.543,True
Logistic_Regression_ElasticNet,24,4,4,73,1,1,0.9532,True
Logistic_Regression_ElasticNet,24,4,4,76,1,1,0.8891,True
Logistic_Regression_ElasticNet,24,4,4,82,1,1,0.9738,True
Logistic_Regression_ElasticNet,24,4,4,86,1,1,0.7238,True
Logistic_Regression_ElasticNet,24,4,4,87,0,0,0.1347,True
Logistic_Regression_ElasticNet,24,4,4,91,0,0,0.0361,True
Logistic_Regression_ElasticNet,24,4,4,92,1,1,0.9767,True
Logistic_Regression_ElasticNet,24,4,4,98,1,1,0.603,True
Logistic_Regression_ElasticNet,24,4,4,112,0,0,0.2291,True
Logistic_Regression_ElasticNet,24,4,4,114,0,1,0.9556,False
Logistic_Regression_ElasticNet,24,4,4,116,1,1,0.9209,True
Logistic_Regression_ElasticNet,24,4,4,117,1,0,0.2048,False
Logistic_Regression_ElasticNet,24,4,4,121,1,1,0.8455,True
Logistic_Regression_ElasticNet,24,4,4,128,0,0,0.1968,True
Logistic_Regression_ElasticNet,24,4,4,129,1,1,0.9374,True
Logistic_Regression_ElasticNet,24,4,4,131,0,0,0.3415,True
Logistic_Regression_ElasticNet,24,4,4,132,1,1,0.9274,True
Decision_Tree,0,0,0,0,1,1,0.8727,True
Decision_Tree,0,0,0,4,0,0,0.0,True
Decision_Tree,0,0,0,5,0,0,0.0,True
Decision_Tree,0,0,0,7,0,1,0.6667,False
Decision_Tree,0,0,0,8,1,1,0.8727,True
Decision_Tree,0,0,0,13,1,1,0.8727,True
Decision_Tree,0,0,0,17,1,0,0.5,False
Decision_Tree,0,0,0,22,0,0,0.0,True
Decision_Tree,0,0,0,25,1,1,0.8727,True
Decision_Tree,0,0,0,26,0,0,0.0,True
Decision_Tree,0,0,0,39,1,1,0.6667,True
Decision_Tree,0,0,0,42,0,1,0.8727,False
Decision_Tree,0,0,0,55,1,1,0.6667,True
Decision_Tree,0,0,0,62,0,0,0.5,True
Decision_Tree,0,0,0,72,1,1,0.8727,True
Decision_Tree,0,0,0,74,1,1,0.8727,True
Decision_Tree,0,0,0,78,1,1,0.8727,True
Decision_Tree,0,0,0,79,0,1,0.6667,False
Decision_Tree,0,0,0,82,1,1,0.8727,True
Decision_Tree,0,0,0,88,0,0,0.2143,True
Decision_Tree,0,0,0,95,0,0,0.2143,True
Decision_Tree,0,0,0,103,0,0,0.0,True
Decision_Tree,0,0,0,104,0,0,0.2143,True
Decision_Tree,0,0,0,107,0,0,0.0,True
Decision_Tree,0,0,0,111,1,1,0.8727,True
Decision_Tree,0,0,0,125,1,0,0.0,False
Decision_Tree,0,0,0,129,1,1,0.8727,True
Decision_Tree,0,0,0,137,1,0,0.0,False
Decision_Tree,1,0,1,1,0,1,0.8182,False
Decision_Tree,1,0,1,3,0,0,0.0,True
Decision_Tree,1,0,1,6,1,1,0.8182,True
Decision_Tree,1,0,1,10,1,1,0.8182,True
Decision_Tree,1,0,1,27,0,0,0.3,True
Decision_Tree,1,0,1,30,0,0,0.0,True
Decision_Tree,1,0,1,31,0,0,0.3,True
Decision_Tree,1,0,1,37,0,0,0.3,True
Decision_Tree,1,0,1,40,1,1,0.8182,True
Decision_Tree,1,0,1,50,1,1,0.8182,True
Decision_Tree,1,0,1,57,0,1,0.8182,False
Decision_Tree,1,0,1,58,0,0,0.0,True
Decision_Tree,1,0,1,68,1,1,0.8182,True
Decision_Tree,1,0,1,70,1,1,0.8182,True
Decision_Tree,1,0,1,75,1,1,0.8182,True
Decision_Tree,1,0,1,87,0,1,0.8182,False
Decision_Tree,1,0,1,94,1,1,0.8182,True
Decision_Tree,1,0,1,96,1,1,0.8182,True
Decision_Tree,1,0,1,98,1,1,0.8182,True
Decision_Tree,1,0,1,106,1,1,0.8182,True
Decision_Tree,1,0,1,112,0,0,0.0,True
Decision_Tree,1,0,1,121,1,1,0.8182,True
Decision_Tree,1,0,1,127,1,1,0.8182,True
Decision_Tree,1,0,1,130,0,1,0.8182,False
Decision_Tree,1,0,1,131,0,0,0.3,True
Decision_Tree,1,0,1,132,1,1,0.8182,True
Decision_Tree,1,0,1,133,1,1,0.8182,True
Decision_Tree,1,0,1,134,0,0,0.0,True
Decision_Tree,2,0,2,9,0,0,0.0,True
Decision_Tree,2,0,2,14,1,1,0.8571,True
Decision_Tree,2,0,2,20,0,0,0.125,True
Decision_Tree,2,0,2,23,0,1,0.8571,False
Decision_Tree,2,0,2,24,1,1,0.8571,True
Decision_Tree,2,0,2,33,0,1,0.8571,False
Decision_Tree,2,0,2,34,0,1,0.8571,False
Decision_Tree,2,0,2,36,0,0,0.0,True
Decision_Tree,2,0,2,41,0,0,0.0,True
Decision_Tree,2,0,2,43,0,0,0.0,True
Decision_Tree,2,0,2,47,1,0,0.375,False
Decision_Tree,2,0,2,48,1,0,0.0,False
Decision_Tree,2,0,2,51,1,0,0.375,False
Decision_Tree,2,0,2,52,1,0,0.125,False
Decision_Tree,2,0,2,54,0,0,0.0,True
Decision_Tree,2,0,2,59,1,1,0.8571,True
Decision_Tree,2,0,2,60,1,1,0.8571,True
Decision_Tree,2,0,2,71,1,1,0.8571,True
Decision_Tree,2,0,2,76,1,1,0.8571,True
Decision_Tree,2,0,2,77,0,0,0.0,True
Decision_Tree,2,0,2,80,0,0,0.0,True
Decision_Tree,2,0,2,84,0,1,0.8571,False
Decision_Tree,2,0,2,86,1,1,0.8571,True
Decision_Tree,2,0,2,97,1,1,0.8571,True
Decision_Tree,2,0,2,113,1,1,0.8571,True
Decision_Tree,2,0,2,114,0,1,0.8571,False
Decision_Tree,2,0,2,120,1,1,0.8571,True
Decision_Tree,2,0,2,122,1,1,0.8571,True
Decision_Tree,3,0,3,16,0,0,0.1429,True
Decision_Tree,3,0,3,18,1,1,0.9048,True
Decision_Tree,3,0,3,29,1,1,0.9048,True
Decision_Tree,3,0,3,35,0,0,0.0,True
Decision_Tree,3,0,3,44,0,1,0.6207,False
Decision_Tree,3,0,3,45,1,1,0.9048,True
Decision_Tree,3,0,3,46,1,1,0.9048,True
Decision_Tree,3,0,3,56,1,1,0.9048,True
Decision_Tree,3,0,3,61,0,1,0.9048,False
Decision_Tree,3,0,3,63,0,0,0.0,True
Decision_Tree,3,0,3,64,0,0,0.1429,True
Decision_Tree,3,0,3,65,0,1,0.9048,False
Decision_Tree,3,0,3,66,1,1,0.9048,True
Decision_Tree,3,0,3,67,1,1,0.9048,True
Decision_Tree,3,0,3,73,1,1,0.9048,True
Decision_Tree,3,0,3,81,1,1,0.6207,True
Decision_Tree,3,0,3,83,0,0,0.0,True
Decision_Tree,3,0,3,85,0,0,0.0,True
Decision_Tree,3,0,3,90,1,1,0.9048,True
Decision_Tree,3,0,3,91,0,0,0.4,True
Decision_Tree,3,0,3,92,1,1,0.9048,True
Decision_Tree,3,0,3,99,0,0,0.0,True
Decision_Tree,3,0,3,102,1,1,0.6207,True
Decision_Tree,3,0,3,115,0,0,0.0,True
Decision_Tree,3,0,3,118,0,0,0.0,True
Decision_Tree,3,0,3,126,1,1,0.9048,True
Decision_Tree,3,0,3,135,0,1,0.6207,False
Decision_Tree,3,0,3,138,1,1,0.9048,True
Decision_Tree,4,0,4,2,1,1,0.8571,True
Decision_Tree,4,0,4,11,0,0,0.0,True
Decision_Tree,4,0,4,12,1,1,0.8571,True
Decision_Tree,4,0,4,15,0,0,0.4,True
Decision_Tree,4,0,4,19,1,1,0.8571,True
Decision_Tree,4,0,4,21,0,0,0.0,True
Decision_Tree,4,0,4,28,0,0,0.0,True
Decision_Tree,4,0,4,32,0,1,0.8571,False
Decision_Tree,4,0,4,38,0,1,0.8571,False
Decision_Tree,4,0,4,49,1,1,0.8571,True
Decision_Tree,4,0,4,53,1,0,0.0,False
Decision_Tree,4,0,4,69,1,0,0.0,False
Decision_Tree,4,0,4,89,1,1,0.8571,True
Decision_Tree,4,0,4,93,1,1,0.8571,True
Decision_Tree,4,0,4,100,0,0,0.0,True
Decision_Tree,4,0,4,101,0,0,0.0,True
Decision_Tree,4,0,4,105,0,0,0.0,True
Decision_Tree,4,0,4,108,0,0,0.0,True
Decision_Tree,4,0,4,109,1,0,0.0,False
Decision_Tree,4,0,4,110,1,1,0.8571,True
Decision_Tree,4,0,4,116,1,1,0.8571,True
Decision_Tree,4,0,4,117,1,1,0.8571,True
Decision_Tree,4,0,4,119,0,0,0.0,True
Decision_Tree,4,0,4,123,0,0,0.0,True
Decision_Tree,4,0,4,124,1,0,0.0,False
Decision_Tree,4,0,4,128,0,0,0.0,True
Decision_Tree,4,0,4,136,1,1,0.8571,True
Decision_Tree,5,1,0,6,1,0,0.5,False
Decision_Tree,5,1,0,12,1,1,0.8868,True
Decision_Tree,5,1,0,21,0,0,0.1818,True
Decision_Tree,5,1,0,22,0,0,0.0,True
Decision_Tree,5,1,0,25,1,1,0.8868,True
Decision_Tree,5,1,0,26,0,0,0.0,True
Decision_Tree,5,1,0,34,0,1,0.8868,False
Decision_Tree,5,1,0,43,0,0,0.0,True
Decision_Tree,5,1,0,44,0,1,0.8868,False
Decision_Tree,5,1,0,47,1,0,0.1667,False
Decision_Tree,5,1,0,51,1,0,0.5,False
Decision_Tree,5,1,0,52,1,0,0.1818,False
Decision_Tree,5,1,0,58,0,0,0.0,True
Decision_Tree,5,1,0,74,1,1,0.8868,True
Decision_Tree,5,1,0,76,1,1,0.8868,True
Decision_Tree,5,1,0,82,1,1,0.8868,True
Decision_Tree,5,1,0,83,0,0,0.0,True
Decision_Tree,5,1,0,88,0,0,0.1818,True
Decision_Tree,5,1,0,92,1,1,0.8868,True
Decision_Tree,5,1,0,98,1,1,0.8868,True
Decision_Tree,5,1,0,107,0,0,0.0,True
Decision_Tree,5,1,0,116,1,1,0.8868,True
Decision_Tree,5,1,0,118,0,0,0.0,True
Decision_Tree,5,1,0,123,0,0,0.0,True
Decision_Tree,5,1,0,124,1,1,0.5714,True
Decision_Tree,5,1,0,129,1,1,0.8868,True
Decision_Tree,5,1,0,131,0,0,0.1818,True
Decision_Tree,5,1,0,137,1,0,0.1667,False
Decision_Tree,6,1,1,2,1,0,0.4,False
Decision_Tree,6,1,1,3,0,0,0.0,True
Decision_Tree,6,1,1,4,0,0,0.0,True
Decision_Tree,6,1,1,9,0,0,0.0,True
Decision_Tree,6,1,1,10,1,1,0.8525,True
Decision_Tree,6,1,1,15,0,1,0.8525,False
Decision_Tree,6,1,1,16,0,0,0.375,True
Decision_Tree,6,1,1,17,1,1,0.8525,True
Decision_Tree,6,1,1,29,1,1,0.8525,True
Decision_Tree,6,1,1,41,0,0,0.0,True
Decision_Tree,6,1,1,45,1,1,0.8525,True
Decision_Tree,6,1,1,55,1,1,0.8525,True
Decision_Tree,6,1,1,59,1,1,0.8525,True
Decision_Tree,6,1,1,65,0,1,0.8525,False
Decision_Tree,6,1,1,71,1,1,0.8525,True
Decision_Tree,6,1,1,77,0,0,0.0,True
Decision_Tree,6,1,1,80,0,0,0.0,True
Decision_Tree,6,1,1,90,1,1,0.8525,True
Decision_Tree,6,1,1,95,0,0,0.0,True
Decision_Tree,6,1,1,96,1,1,0.8525,True
Decision_Tree,6,1,1,101,0,0,0.0,True
Decision_Tree,6,1,1,102,1,1,0.8525,True
Decision_Tree,6,1,1,106,1,1,0.8525,True
Decision_Tree,6,1,1,108,0,0,0.375,True
Decision_Tree,6,1,1,114,0,1,0.8525,False
Decision_Tree,6,1,1,125,1,0,0.0,False
Decision_Tree,6,1,1,133,1,1,0.8525,True
Decision_Tree,6,1,1,138,1,0,0.4,False
Decision_Tree,7,1,2,5,0,0,0.0,True
Decision_Tree,7,1,2,11,0,0,0.0,True
Decision_Tree,7,1,2,13,1,1,0.85,True
Decision_Tree,7,1,2,14,1,1,0.85,True
Decision_Tree,7,1,2,24,1,1,0.85,True
Decision_Tree,7,1,2,28,0,0,0.1429,True
Decision_Tree,7,1,2,32,0,1,0.85,False
Decision_Tree,7,1,2,33,0,1,0.85,False
Decision_Tree,7,1,2,35,0,0,0.0,True
Decision_Tree,7,1,2,38,0,1,0.85,False
Decision_Tree,7,1,2,66,1,1,0.85,True
Decision_Tree,7,1,2,67,1,1,0.85,True
Decision_Tree,7,1,2,73,1,1,0.85,True
Decision_Tree,7,1,2,79,0,1,0.85,False
Decision_Tree,7,1,2,84,0,1,0.85,False
Decision_Tree,7,1,2,86,1,1,0.85,True
Decision_Tree,7,1,2,91,0,0,0.4,True
Decision_Tree,7,1,2,93,1,1,0.85,True
Decision_Tree,7,1,2,94,1,1,0.85,True
Decision_Tree,7,1,2,104,0,0,0.0,True
Decision_Tree,7,1,2,110,1,1,0.85,True
Decision_Tree,7,1,2,112,0,0,0.4,True
Decision_Tree,7,1,2,121,1,0,0.4444,False
Decision_Tree,7,1,2,122,1,1,0.85,True
Decision_Tree,7,1,2,127,1,1,0.85,True
Decision_Tree,7,1,2,132,1,1,0.85,True
Decision_Tree,7,1,2,134,0,0,0.0,True
Decision_Tree,7,1,2,136,1,1,0.85,True
Decision_Tree,8,1,3,19,1,1,0.9057,True
Decision_Tree,8,1,3,30,0,0,0.0,True
Decision_Tree,8,1,3,31,0,0,0.0,True
Decision_Tree,8,1,3,36,0,0,0.0,True
Decision_Tree,8,1,3,37,0,0,0.0,True
Decision_Tree,8,1,3,39,1,0,0.5,False
Decision_Tree,8,1,3,40,1,1,0.9057,True
Decision_Tree,8,1,3,42,0,1,0.9057,False
Decision_Tree,8,1,3,46,1,1,0.9057,True
Decision_Tree,8,1,3,54,0,0,0.0,True
Decision_Tree,8,1,3,56,1,1,0.9057,True
Decision_Tree,8,1,3,57,0,1,0.9057,False
Decision_Tree,8,1,3,60,1,1,0.9057,True
Decision_Tree,8,1,3,62,0,0,0.5,True
Decision_Tree,8,1,3,64,0,0,0.2143,True
Decision_Tree,8,1,3,72,1,1,0.9057,True
Decision_Tree,8,1,3,75,1,1,0.9057,True
Decision_Tree,8,1,3,81,1,1,0.9057,True
Decision_Tree,8,1,3,85,0,0,0.0,True
Decision_Tree,8,1,3,87,0,1,0.9057,False
Decision_Tree,8,1,3,99,0,0,0.0,True
Decision_Tree,8,1,3,105,0,0,0.0,True
Decision_Tree,8,1,3,109,1,0,0.4286,False
Decision_Tree,8,1,3,111,1,1,0.9057,True
Decision_Tree,8,1,3,117,1,1,0.9057,True
Decision_Tree,8,1,3,120,1,0,0.5,False
Decision_Tree,8,1,3,126,1,1,0.9057,True
Decision_Tree,8,1,3,135,0,1,0.9057,False
Decision_Tree,9,1,4,0,1,1,0.5909,True
Decision_Tree,9,1,4,1,0,1,0.5909,False
Decision_Tree,9,1,4,7,0,1,0.5909,False
Decision_Tree,9,1,4,8,1,1,0.8824,True
Decision_Tree,9,1,4,18,1,1,0.8824,True
Decision_Tree,9,1,4,20,0,0,0.1429,True
Decision_Tree,9,1,4,23,0,1,0.8824,False
Decision_Tree,9,1,4,27,0,0,0.0,True
Decision_Tree,9,1,4,48,1,0,0.0,False
Decision_Tree,9,1,4,49,1,1,0.8824,True
Decision_Tree,9,1,4,50,1,1,0.8824,True
Decision_Tree,9,1,4,53,1,0,0.1429,False
Decision_Tree,9,1,4,61,0,1,0.8824,False
Decision_Tree,9,1,4,63,0,0,0.0,True
Decision_Tree,9,1,4,68,1,1,0.8824,True
Decision_Tree,9,1,4,69,1,1,0.8824,True
Decision_Tree,9,1,4,70,1,1,0.8824,True
Decision_Tree,9,1,4,78,1,1,0.8824,True
Decision_Tree,9,1,4,89,1,1,0.8824,True
Decision_Tree,9,1,4,97,1,1,0.5909,True
Decision_Tree,9,1,4,100,0,0,0.0,True
Decision_Tree,9,1,4,103,0,0,0.0,True
Decision_Tree,9,1,4,113,1,1,0.5909,True
Decision_Tree,9,1,4,115,0,0,0.0,True
Decision_Tree,9,1,4,119,0,0,0.0,True
Decision_Tree,9,1,4,128,0,0,0.0,True
Decision_Tree,9,1,4,130,0,1,0.5909,False
Decision_Tree,10,2,0,6,1,1,0.8824,True
Decision_Tree,10,2,0,8,1,1,0.8824,True
Decision_Tree,10,2,0,11,0,0,0.0,True
Decision_Tree,10,2,0,12,1,1,0.8824,True
Decision_Tree,10,2,0,23,0,1,0.8824,False
Decision_Tree,10,2,0,27,0,0,0.0,True
Decision_Tree,10,2,0,31,0,0,0.0,True
Decision_Tree,10,2,0,32,0,1,0.8824,False
Decision_Tree,10,2,0,39,1,0,0.5,False
Decision_Tree,10,2,0,43,0,0,0.0,True
Decision_Tree,10,2,0,46,1,1,0.8824,True
Decision_Tree,10,2,0,56,1,1,0.8824,True
Decision_Tree,10,2,0,58,0,0,0.0,True
Decision_Tree,10,2,0,60,1,1,0.8824,True
Decision_Tree,10,2,0,61,0,1,0.8824,False
Decision_Tree,10,2,0,63,0,0,0.0,True
Decision_Tree,10,2,0,64,0,0,0.125,True
Decision_Tree,10,2,0,67,1,1,0.8824,True
Decision_Tree,10,2,0,81,1,1,0.8824,True
Decision_Tree,10,2,0,85,0,0,0.0,True
Decision_Tree,10,2,0,90,1,1,0.8824,True
Decision_Tree,10,2,0,92,1,1,0.8824,True
Decision_Tree,10,2,0,97,1,0,0.5,False
Decision_Tree,10,2,0,102,1,0,0.5,False
Decision_Tree,10,2,0,103,0,0,0.0,True
Decision_Tree,10,2,0,117,1,0,0.5,False
Decision_Tree,10,2,0,119,0,0,0.125,True
Decision_Tree,10,2,0,138,1,1,0.8824,True
Decision_Tree,11,2,1,16,0,0,0.1667,True
Decision_Tree,11,2,1,17,1,0,0.5,False
Decision_Tree,11,2,1,38,0,1,0.9412,False
Decision_Tree,11,2,1,42,0,1,0.9412,False
Decision_Tree,11,2,1,45,1,1,0.9412,True
Decision_Tree,11,2,1,53,1,0,0.1667,False
Decision_Tree,11,2,1,54,0,0,0.0,True
Decision_Tree,11,2,1,57,0,1,0.9412,False
Decision_Tree,11,2,1,62,0,0,0.5,True
Decision_Tree,11,2,1,66,1,1,0.9412,True
Decision_Tree,11,2,1,72,1,1,0.9412,True
Decision_Tree,11,2,1,75,1,1,0.9412,True
Decision_Tree,11,2,1,78,1,1,0.9412,True
Decision_Tree,11,2,1,86,1,1,0.9412,True
Decision_Tree,11,2,1,91,0,0,0.1667,True
Decision_Tree,11,2,1,95,0,0,0.1667,True
Decision_Tree,11,2,1,96,1,1,0.9412,True
Decision_Tree,11,2,1,104,0,0,0.1667,True
Decision_Tree,11,2,1,105,0,0,0.0,True
Decision_Tree,11,2,1,111,1,1,0.9412,True
Decision_Tree,11,2,1,114,0,1,0.9412,False
Decision_Tree,11,2,1,122,1,1,0.9412,True
Decision_Tree,11,2,1,124,1,0,0.0,False
Decision_Tree,11,2,1,125,1,0,0.0,False
Decision_Tree,11,2,1,134,0,0,0.0,True
Decision_Tree,11,2,1,135,0,1,0.9412,False
Decision_Tree,11,2,1,136,1,1,0.9412,True
Decision_Tree,11,2,1,137,1,0,0.0,False
Decision_Tree,12,2,2,5,0,0,0.0,True
Decision_Tree,12,2,2,9,0,0,0.0,True
Decision_Tree,12,2,2,18,1,1,0.8667,True
Decision_Tree,12,2,2,20,0,0,0.2857,True
Decision_Tree,12,2,2,24,1,1,0.8667,True
Decision_Tree,12,2,2,25,1,1,0.8667,True
Decision_Tree,12,2,2,26,0,0,0.0,True
Decision_Tree,12,2,2,30,0,0,0.0,True
Decision_Tree,12,2,2,36,0,0,0.0,True
Decision_Tree,12,2,2,48,1,0,0.0,False
Decision_Tree,12,2,2,49,1,1,0.8667,True
Decision_Tree,12,2,2,50,1,1,0.8667,True
Decision_Tree,12,2,2,51,1,1,0.8667,True
Decision_Tree,12,2,2,59,1,1,0.8667,True
Decision_Tree,12,2,2,68,1,1,0.8667,True
Decision_Tree,12,2,2,70,1,1,0.8667,True
Decision_Tree,12,2,2,79,0,1,0.6296,False
Decision_Tree,12,2,2,83,0,0,0.0,True
Decision_Tree,12,2,2,84,0,1,0.6296,False
Decision_Tree,12,2,2,87,0,1,0.6296,False
Decision_Tree,12,2,2,101,0,0,0.0,True
Decision_Tree,12,2,2,108,0,0,0.2857,True
Decision_Tree,12,2,2,110,1,1,0.6296,True
Decision_Tree,12,2,2,113,1,1,0.6296,True
Decision_Tree,12,2,2,126,1,1,0.8667,True
Decision_Tree,12,2,2,127,1,1,0.8667,True
Decision_Tree,12,2,2,130,0,0,0.2857,True
Decision_Tree,12,2,2,132,1,1,0.8667,True
Decision_Tree,13,2,3,3,0,0,0.0,True
Decision_Tree,13,2,3,4,0,0,0.0,True
Decision_Tree,13,2,3,7,0,1,0.8387,False
Decision_Tree,13,2,3,15,0,0,0.4,True
Decision_Tree,13,2,3,22,0,0,0.0,True
Decision_Tree,13,2,3,29,1,1,0.8387,True
Decision_Tree,13,2,3,35,0,0,0.0,True
Decision_Tree,13,2,3,37,0,0,0.0,True
Decision_Tree,13,2,3,40,1,1,0.8387,True
Decision_Tree,13,2,3,41,0,0,0.0,True
Decision_Tree,13,2,3,47,1,0,0.4,False
Decision_Tree,13,2,3,52,1,0,0.1667,False
Decision_Tree,13,2,3,55,1,1,0.8387,True
Decision_Tree,13,2,3,69,1,0,0.4,False
Decision_Tree,13,2,3,71,1,1,0.8387,True
Decision_Tree,13,2,3,73,1,1,0.8387,True
Decision_Tree,13,2,3,76,1,1,0.8387,True
Decision_Tree,13,2,3,82,1,1,0.8387,True
Decision_Tree,13,2,3,94,1,1,0.8387,True
Decision_Tree,13,2,3,98,1,1,0.8387,True
Decision_Tree,13,2,3,99,0,0,0.0,True
Decision_Tree,13,2,3,107,0,0,0.0,True
Decision_Tree,13,2,3,112,0,0,0.1667,True
Decision_Tree,13,2,3,115,0,0,0.0,True
Decision_Tree,13,2,3,118,0,0,0.0,True
Decision_Tree,13,2,3,121,1,0,0.4286,False
Decision_Tree,13,2,3,131,0,0,0.1667,True
Decision_Tree,13,2,3,133,1,1,0.8387,True
Decision_Tree,14,2,4,0,1,1,0.8462,True
Decision_Tree,14,2,4,1,0,1,0.8462,False
Decision_Tree,14,2,4,2,1,1,0.8462,True
Decision_Tree,14,2,4,10,1,1,0.8462,True
Decision_Tree,14,2,4,13,1,1,0.8462,True
Decision_Tree,14,2,4,14,1,1,0.8462,True
Decision_Tree,14,2,4,19,1,1,0.8462,True
Decision_Tree,14,2,4,21,0,0,0.4,True
Decision_Tree,14,2,4,28,0,0,0.4,True
Decision_Tree,14,2,4,33,0,1,0.8462,False
Decision_Tree,14,2,4,34,0,1,0.8462,False
Decision_Tree,14,2,4,44,0,1,0.8462,False
Decision_Tree,14,2,4,65,0,1,0.8462,False
Decision_Tree,14,2,4,74,1,1,0.8462,True
Decision_Tree,14,2,4,77,0,0,0.0,True
Decision_Tree,14,2,4,80,0,0,0.0,True
Decision_Tree,14,2,4,88,0,0,0.4,True
Decision_Tree,14,2,4,89,1,1,0.8462,True
Decision_Tree,14,2,4,93,1,1,0.8462,True
Decision_Tree,14,2,4,100,0,0,0.0,True
Decision_Tree,14,2,4,106,1,1,0.8462,True
Decision_Tree,14,2,4,109,1,1,0.8462,True
Decision_Tree,14,2,4,116,1,1,0.8462,True
Decision_Tree,14,2,4,120,1,1,0.8462,True
Decision_Tree,14,2,4,123,0,0,0.0,True
Decision_Tree,14,2,4,128,0,0,0.0,True
Decision_Tree,14,2,4,129,1,1,0.8462,True
Decision_Tree,15,3,0,9,0,0,0.0,True
Decision_Tree,15,3,0,12,1,1,0.9057,True
Decision_Tree,15,3,0,17,1,0,0.5,False
Decision_Tree,15,3,0,18,1,1,0.9057,True
Decision_Tree,15,3,0,25,1,1,0.9057,True
Decision_Tree,15,3,0,27,0,0,0.0,True
Decision_Tree,15,3,0,32,0,1,0.9057,False
Decision_Tree,15,3,0,37,0,0,0.0,True
Decision_Tree,15,3,0,38,0,1,0.9057,False
Decision_Tree,15,3,0,39,1,0,0.0,False
Decision_Tree,15,3,0,47,1,0,0.0,False
Decision_Tree,15,3,0,48,1,0,0.0,False
Decision_Tree,15,3,0,58,0,0,0.2222,True
Decision_Tree,15,3,0,60,1,1,0.9057,True
Decision_Tree,15,3,0,68,1,1,0.9057,True
Decision_Tree,15,3,0,74,1,1,0.9057,True
Decision_Tree,15,3,0,78,1,1,0.9057,True
Decision_Tree,15,3,0,80,0,0,0.0,True
Decision_Tree,15,3,0,84,0,0,0.5,True
Decision_Tree,15,3,0,88,0,0,0.0,True
Decision_Tree,15,3,0,91,0,0,0.0,True
Decision_Tree,15,3,0,98,1,1,0.9057,True
Decision_Tree,15,3,0,106,1,1,0.9057,True
Decision_Tree,15,3,0,107,0,0,0.0,True
Decision_Tree,15,3,0,109,1,0,0.0,False
Decision_Tree,15,3,0,123,0,0,0.0,True
Decision_Tree,15,3,0,132,1,1,0.9057,True
Decision_Tree,15,3,0,135,0,1,0.9057,False
Decision_Tree,16,3,1,0,1,1,0.5652,True
Decision_Tree,16,3,1,5,0,0,0.0,True
Decision_Tree,16,3,1,6,1,1,0.8936,True
Decision_Tree,16,3,1,7,0,1,0.5652,False
Decision_Tree,16,3,1,13,1,1,0.8936,True
Decision_Tree,16,3,1,26,0,0,0.0,True
Decision_Tree,16,3,1,30,0,0,0.0,True
Decision_Tree,16,3,1,34,0,1,0.5652,False
Decision_Tree,16,3,1,35,0,0,0.0,True
Decision_Tree,16,3,1,41,0,0,0.0,True
Decision_Tree,16,3,1,49,1,1,0.8936,True
Decision_Tree,16,3,1,55,1,1,0.5652,True
Decision_Tree,16,3,1,61,0,1,0.8936,False
Decision_Tree,16,3,1,62,0,1,0.5652,False
Decision_Tree,16,3,1,63,0,0,0.0,True
Decision_Tree,16,3,1,75,1,1,0.5652,True
Decision_Tree,16,3,1,76,1,1,0.8936,True
Decision_Tree,16,3,1,92,1,1,0.8936,True
Decision_Tree,16,3,1,110,1,1,0.5652,True
Decision_Tree,16,3,1,112,0,0,0.4,True
Decision_Tree,16,3,1,117,1,1,0.5652,True
Decision_Tree,16,3,1,122,1,1,0.8936,True
Decision_Tree,16,3,1,126,1,1,0.8936,True
Decision_Tree,16,3,1,127,1,1,0.8936,True
Decision_Tree,16,3,1,129,1,1,0.5652,True
Decision_Tree,16,3,1,131,0,0,0.125,True
Decision_Tree,16,3,1,133,1,1,0.8936,True
Decision_Tree,16,3,1,134,0,0,0.0,True
Decision_Tree,17,3,2,10,1,1,0.8387,True
Decision_Tree,17,3,2,16,0,0,0.4444,True
Decision_Tree,17,3,2,20,0,0,0.4444,True
Decision_Tree,17,3,2,24,1,1,0.8387,True
Decision_Tree,17,3,2,28,0,0,0.1667,True
Decision_Tree,17,3,2,29,1,1,0.8387,True
Decision_Tree,17,3,2,31,0,0,0.0,True
Decision_Tree,17,3,2,40,1,1,0.8387,True
Decision_Tree,17,3,2,43,0,0,0.0,True
Decision_Tree,17,3,2,46,1,1,0.8387,True
Decision_Tree,17,3,2,51,1,1,0.8387,True
Decision_Tree,17,3,2,66,1,1,0.8387,True
Decision_Tree,17,3,2,69,1,0,0.4444,False
Decision_Tree,17,3,2,71,1,1,0.8387,True
Decision_Tree,17,3,2,77,0,0,0.0,True
Decision_Tree,17,3,2,81,1,1,0.8387,True
Decision_Tree,17,3,2,83,0,0,0.0,True
Decision_Tree,17,3,2,89,1,1,0.8387,True
Decision_Tree,17,3,2,93,1,1,0.8387,True
Decision_Tree,17,3,2,94,1,1,0.8387,True
Decision_Tree,17,3,2,99,0,0,0.0,True
Decision_Tree,17,3,2,103,0,0,0.0,True
Decision_Tree,17,3,2,104,0,0,0.0,True
Decision_Tree,17,3,2,114,0,1,0.8387,False
Decision_Tree,17,3,2,115,0,0,0.0,True
Decision_Tree,17,3,2,116,1,1,0.8387,True
Decision_Tree,17,3,2,118,0,0,0.0,True
Decision_Tree,17,3,2,137,1,0,0.0,False
Decision_Tree,18,3,3,14,1,1,0.8485,True
Decision_Tree,18,3,3,21,0,0,0.3333,True
Decision_Tree,18,3,3,22,0,0,0.0,True
Decision_Tree,18,3,3,42,0,1,0.8485,False
Decision_Tree,18,3,3,44,0,1,0.8485,False
Decision_Tree,18,3,3,45,1,1,0.8485,True
Decision_Tree,18,3,3,50,1,1,0.8485,True
Decision_Tree,18,3,3,52,1,0,0.0,False
Decision_Tree,18,3,3,54,0,0,0.0,True
Decision_Tree,18,3,3,56,1,1,0.8485,True
Decision_Tree,18,3,3,57,0,1,0.8485,False
Decision_Tree,18,3,3,64,0,0,0.3333,True
Decision_Tree,18,3,3,70,1,1,0.8485,True
Decision_Tree,18,3,3,73,1,1,0.8485,True
Decision_Tree,18,3,3,79,0,1,0.8485,False
Decision_Tree,18,3,3,85,0,0,0.0,True
Decision_Tree,18,3,3,86,1,1,0.8485,True
Decision_Tree,18,3,3,87,0,1,0.8485,False
Decision_Tree,18,3,3,96,1,1,0.8485,True
Decision_Tree,18,3,3,100,0,0,0.0,True
Decision_Tree,18,3,3,101,0,0,0.0,True
Decision_Tree,18,3,3,102,1,1,0.8485,True
Decision_Tree,18,3,3,105,0,0,0.0,True
Decision_Tree,18,3,3,111,1,1,0.8485,True
Decision_Tree,18,3,3,119,0,0,0.0,True
Decision_Tree,18,3,3,121,1,1,0.8485,True
Decision_Tree,18,3,3,136,1,1,0.8485,True
Decision_Tree,18,3,3,138,1,1,0.8485,True
Decision_Tree,19,3,4,1,0,1,0.8485,False
Decision_Tree,19,3,4,2,1,1,0.8485,True
Decision_Tree,19,3,4,3,0,0,0.0,True
Decision_Tree,19,3,4,4,0,0,0.0,True
Decision_Tree,19,3,4,8,1,1,0.8485,True
Decision_Tree,19,3,4,11,0,0,0.0,True
Decision_Tree,19,3,4,15,0,1,0.8485,False
Decision_Tree,19,3,4,19,1,1,0.8485,True
Decision_Tree,19,3,4,23,0,1,0.8485,False
Decision_Tree,19,3,4,33,0,1,0.8485,False
Decision_Tree,19,3,4,36,0,0,0.0,True
Decision_Tree,19,3,4,53,1,0,0.0,False
Decision_Tree,19,3,4,59,1,1,0.8485,True
Decision_Tree,19,3,4,65,0,1,0.8485,False
Decision_Tree,19,3,4,67,1,1,0.8485,True
Decision_Tree,19,3,4,72,1,1,0.8485,True
Decision_Tree,19,3,4,82,1,1,0.8485,True
Decision_Tree,19,3,4,90,1,1,0.8485,True
Decision_Tree,19,3,4,95,0,0,0.0,True
Decision_Tree,19,3,4,97,1,1,0.8485,True
Decision_Tree,19,3,4,108,0,0,0.3333,True
Decision_Tree,19,3,4,113,1,1,0.8485,True
Decision_Tree,19,3,4,120,1,1,0.8485,True
Decision_Tree,19,3,4,124,1,1,0.8485,True
Decision_Tree,19,3,4,125,1,0,0.0,False
Decision_Tree,19,3,4,128,0,0,0.0,True
Decision_Tree,19,3,4,130,0,0,0.3333,True
Decision_Tree,20,4,0,9,0,0,0.0,True
Decision_Tree,20,4,0,14,1,1,0.9091,True
Decision_Tree,20,4,0,18,1,1,0.9091,True
Decision_Tree,20,4,0,23,0,1,0.6522,False
Decision_Tree,20,4,0,24,1,1,0.9091,True
Decision_Tree,20,4,0,28,0,0,0.1429,True
Decision_Tree,20,4,0,36,0,0,0.0,True
Decision_Tree,20,4,0,45,1,1,0.9091,True
Decision_Tree,20,4,0,48,1,0,0.0,False
Decision_Tree,20,4,0,52,1,0,0.1429,False
Decision_Tree,20,4,0,54,0,0,0.0,True
Decision_Tree,20,4,0,57,0,1,0.9091,False
Decision_Tree,20,4,0,59,1,1,0.9091,True
Decision_Tree,20,4,0,61,0,1,0.9091,False
Decision_Tree,20,4,0,67,1,1,0.9091,True
Decision_Tree,20,4,0,69,1,0,0.0,False
Decision_Tree,20,4,0,77,0,0,0.0,True
Decision_Tree,20,4,0,88,0,0,0.0,True
Decision_Tree,20,4,0,94,1,1,0.9091,True
Decision_Tree,20,4,0,99,0,0,0.0,True
Decision_Tree,20,4,0,105,0,0,0.0,True
Decision_Tree,20,4,0,108,0,0,0.1429,True
Decision_Tree,20,4,0,109,1,0,0.0,False
Decision_Tree,20,4,0,111,1,1,0.9091,True
Decision_Tree,20,4,0,113,1,1,0.6522,True
Decision_Tree,20,4,0,118,0,0,0.0,True
Decision_Tree,20,4,0,122,1,1,0.9091,True
Decision_Tree,20,4,0,138,1,1,0.9091,True
Decision_Tree,21,4,1,2,1,1,0.85,True
Decision_Tree,21,4,1,5,0,0,0.3529,True
Decision_Tree,21,4,1,10,1,1,0.85,True
Decision_Tree,21,4,1,19,1,1,0.85,True
Decision_Tree,21,4,1,25,1,1,0.85,True
Decision_Tree,21,4,1,27,0,0,0.3529,True
Decision_Tree,21,4,1,33,0,0,0.3529,True
Decision_Tree,21,4,1,34,0,1,0.85,False
Decision_Tree,21,4,1,35,0,0,0.0,True
Decision_Tree,21,4,1,37,0,0,0.3529,True
Decision_Tree,21,4,1,38,0,1,0.85,False
Decision_Tree,21,4,1,56,1,1,0.85,True
Decision_Tree,21,4,1,63,0,0,0.0,True
Decision_Tree,21,4,1,64,0,0,0.3529,True
Decision_Tree,21,4,1,68,1,1,0.85,True
Decision_Tree,21,4,1,70,1,1,0.85,True
Decision_Tree,21,4,1,83,0,0,0.0,True
Decision_Tree,21,4,1,89,1,1,0.85,True
Decision_Tree,21,4,1,90,1,1,0.85,True
Decision_Tree,21,4,1,96,1,1,0.85,True
Decision_Tree,21,4,1,101,0,0,0.3529,True
Decision_Tree,21,4,1,110,1,1,0.85,True
Decision_Tree,21,4,1,115,0,0,0.0,True
Decision_Tree,21,4,1,126,1,1,0.85,True
Decision_Tree,21,4,1,133,1,1,0.85,True
Decision_Tree,21,4,1,134,0,0,0.0,True
Decision_Tree,21,4,1,136,1,1,0.85,True
Decision_Tree,21,4,1,137,1,0,0.3529,False
Decision_Tree,22,4,2,0,1,1,0.8644,True
Decision_Tree,22,4,2,1,0,1,0.8644,False
Decision_Tree,22,4,2,8,1,1,0.8644,True
Decision_Tree,22,4,2,12,1,1,0.8644,True
Decision_Tree,22,4,2,15,0,1,0.8644,False
Decision_Tree,22,4,2,16,0,0,0.125,True
Decision_Tree,22,4,2,17,1,0,0.4444,False
Decision_Tree,22,4,2,29,1,1,0.8644,True
Decision_Tree,22,4,2,30,0,0,0.0,True
Decision_Tree,22,4,2,31,0,0,0.0,True
Decision_Tree,22,4,2,39,1,0,0.4444,False
Decision_Tree,22,4,2,40,1,1,0.8644,True
Decision_Tree,22,4,2,46,1,1,0.8644,True
Decision_Tree,22,4,2,50,1,1,0.8644,True
Decision_Tree,22,4,2,62,0,0,0.4444,True
Decision_Tree,22,4,2,65,0,1,0.8644,False
Decision_Tree,22,4,2,71,1,1,0.8644,True
Decision_Tree,22,4,2,78,1,1,0.8644,True
Decision_Tree,22,4,2,79,0,1,0.8644,False
Decision_Tree,22,4,2,80,0,0,0.0,True
Decision_Tree,22,4,2,93,1,1,0.8644,True
Decision_Tree,22,4,2,103,0,0,0.0,True
Decision_Tree,22,4,2,106,1,1,0.8644,True
Decision_Tree,22,4,2,119,0,0,0.125,True
Decision_Tree,22,4,2,120,1,0,0.4444,False
Decision_Tree,22,4,2,123,0,0,0.0,True
Decision_Tree,22,4,2,124,1,1,0.8644,True
Decision_Tree,22,4,2,135,0,1,0.8644,False
Decision_Tree,23,4,3,4,0,0,0.0,True
Decision_Tree,23,4,3,6,1,1,0.8889,True
Decision_Tree,23,4,3,13,1,1,0.8889,True
Decision_Tree,23,4,3,20,0,0,0.5,True
Decision_Tree,23,4,3,21,0,0,0.5,True
Decision_Tree,23,4,3,26,0,0,0.0,True
Decision_Tree,23,4,3,41,0,0,0.0,True
Decision_Tree,23,4,3,42,0,1,0.8889,False
Decision_Tree,23,4,3,47,1,0,0.5,False
Decision_Tree,23,4,3,51,1,1,0.8889,True
Decision_Tree,23,4,3,58,0,0,0.0,True
Decision_Tree,23,4,3,60,1,1,0.8889,True
Decision_Tree,23,4,3,66,1,1,0.8889,True
Decision_Tree,23,4,3,72,1,1,0.6667,True
Decision_Tree,23,4,3,74,1,1,0.8889,True
Decision_Tree,23,4,3,75,1,1,0.6667,True
Decision_Tree,23,4,3,81,1,1,0.6667,True
Decision_Tree,23,4,3,84,0,1,0.6667,False
Decision_Tree,23,4,3,85,0,0,0.0,True
Decision_Tree,23,4,3,95,0,0,0.1429,True
Decision_Tree,23,4,3,97,1,1,0.6667,True
Decision_Tree,23,4,3,100,0,0,0.0,True
Decision_Tree,23,4,3,102,1,0,0.5,False
Decision_Tree,23,4,3,104,0,0,0.5,True
Decision_Tree,23,4,3,107,0,0,0.0,True
Decision_Tree,23,4,3,125,1,0,0.2,False
Decision_Tree,23,4,3,127,1,1,0.8889,True
Decision_Tree,23,4,3,130,0,0,0.5,True
Decision_Tree,24,4,4,3,0,0,0.0,True
Decision_Tree,24,4,4,7,0,1,0.5556,False
Decision_Tree,24,4,4,11,0,0,0.0,True
Decision_Tree,24,4,4,22,0,0,0.2,True
Decision_Tree,24,4,4,32,0,1,0.8868,False
Decision_Tree,24,4,4,43,0,0,0.0,True
Decision_Tree,24,4,4,44,0,1,0.8868,False
Decision_Tree,24,4,4,49,1,1,0.8868,True
Decision_Tree,24,4,4,53,1,0,0.0,False
Decision_Tree,24,4,4,55,1,1,0.8868,True
Decision_Tree,24,4,4,73,1,1,0.8868,True
Decision_Tree,24,4,4,76,1,1,0.8868,True
Decision_Tree,24,4,4,82,1,1,0.8868,True
Decision_Tree,24,4,4,86,1,1,0.5556,True
Decision_Tree,24,4,4,87,0,1,0.5556,False
Decision_Tree,24,4,4,91,0,0,0.2,True
Decision_Tree,24,4,4,92,1,1,0.8868,True
Decision_Tree,24,4,4,98,1,1,0.5556,True
Decision_Tree,24,4,4,112,0,0,0.0,True
Decision_Tree,24,4,4,114,0,1,0.8868,False
Decision_Tree,24,4,4,116,1,1,0.8868,True
Decision_Tree,24,4,4,117,1,1,0.5556,True
Decision_Tree,24,4,4,121,1,1,0.8868,True
Decision_Tree,24,4,4,128,0,0,0.0,True
Decision_Tree,24,4,4,129,1,1,0.5556,True
Decision_Tree,24,4,4,131,0,0,0.2,True
Decision_Tree,24,4,4,132,1,1,0.8868,True
Random_Forest,0,0,0,0,1,1,0.6535,True
Random_Forest,0,0,0,4,0,0,0.0092,True
Random_Forest,0,0,0,5,0,0,0.1285,True
Random_Forest,0,0,0,7,0,0,0.3428,True
Random_Forest,0,0,0,8,1,1,0.8081,True
Random_Forest,0,0,0,13,1,1,0.8977,True
Random_Forest,0,0,0,17,1,1,0.6034,True
Random_Forest,0,0,0,22,0,0,0.0642,True
Random_Forest,0,0,0,25,1,1,0.8922,True
Random_Forest,0,0,0,26,0,0,0.0431,True
Random_Forest,0,0,0,39,1,0,0.3428,False
Random_Forest,0,0,0,42,0,1,0.828,False
Random_Forest,0,0,0,55,1,0,0.4184,False
Random_Forest,0,0,0,62,0,0,0.4181,True
Random_Forest,0,0,0,72,1,1,0.6389,True
Random_Forest,0,0,0,74,1,1,0.71,True
Random_Forest,0,0,0,78,1,1,0.8943,True
Random_Forest,0,0,0,79,0,0,0.4152,True
Random_Forest,0,0,0,82,1,1,0.8788,True
Random_Forest,0,0,0,88,0,0,0.2815,True
Random_Forest,0,0,0,95,0,0,0.2167,True
Random_Forest,0,0,0,103,0,0,0.0122,True
Random_Forest,0,0,0,104,0,0,0.2504,True
Random_Forest,0,0,0,107,0,0,0.2774,True
Random_Forest,0,0,0,111,1,1,0.8977,True
Random_Forest,0,0,0,125,1,0,0.2882,False
Random_Forest,0,0,0,129,1,1,0.7542,True
Random_Forest,0,0,0,137,1,0,0.2958,False
Random_Forest,1,0,1,1,0,0,0.4197,True
Random_Forest,1,0,1,3,0,0,0.0559,True
Random_Forest,1,0,1,6,1,1,0.757,True
Random_Forest,1,0,1,10,1,1,0.695,True
Random_Forest,1,0,1,27,0,0,0.3191,True
Random_Forest,1,0,1,30,0,0,0.2228,True
Random_Forest,1,0,1,31,0,0,0.261,True
Random_Forest,1,0,1,37,0,0,0.2471,True
Random_Forest,1,0,1,40,1,1,0.8288,True
Random_Forest,1,0,1,50,1,1,0.831,True
Random_Forest,1,0,1,57,0,1,0.8849,False
Random_Forest,1,0,1,58,0,0,0.036,True
Random_Forest,1,0,1,68,1,1,0.757,True
Random_Forest,1,0,1,70,1,1,0.83,True
Random_Forest,1,0,1,75,1,1,0.7886,True
Random_Forest,1,0,1,87,0,1,0.5075,False
Random_Forest,1,0,1,94,1,1,0.8722,True
Random_Forest,1,0,1,96,1,1,0.8861,True
Random_Forest,1,0,1,98,1,1,0.6417,True
Random_Forest,1,0,1,106,1,1,0.8779,True
Random_Forest,1,0,1,112,0,0,0.228,True
Random_Forest,1,0,1,121,1,1,0.757,True
Random_Forest,1,0,1,127,1,1,0.859,True
Random_Forest,1,0,1,130,0,0,0.3438,True
Random_Forest,1,0,1,131,0,0,0.4384,True
Random_Forest,1,0,1,132,1,1,0.8779,True
Random_Forest,1,0,1,133,1,1,0.8861,True
Random_Forest,1,0,1,134,0,0,0.0493,True
Random_Forest,2,0,2,9,0,0,0.2203,True
Random_Forest,2,0,2,14,1,1,0.8966,True
Random_Forest,2,0,2,20,0,0,0.1363,True
Random_Forest,2,0,2,23,0,1,0.7023,False
Random_Forest,2,0,2,24,1,1,0.8966,True
Random_Forest,2,0,2,33,0,0,0.3743,True
Random_Forest,2,0,2,34,0,1,0.6449,False
Random_Forest,2,0,2,36,0,0,0.0073,True
Random_Forest,2,0,2,41,0,0,0.2203,True
Random_Forest,2,0,2,43,0,0,0.3896,True
Random_Forest,2,0,2,47,1,0,0.4117,False
Random_Forest,2,0,2,48,1,0,0.2109,False
Random_Forest,2,0,2,51,1,1,0.7344,True
Random_Forest,2,0,2,52,1,0,0.1363,False
Random_Forest,2,0,2,54,0,0,0.0242,True
Random_Forest,2,0,2,59,1,1,0.9023,True
Random_Forest,2,0,2,60,1,1,0.8289,True
Random_Forest,2,0,2,71,1,1,0.8809,True
Random_Forest,2,0,2,76,1,1,0.8282,True
Random_Forest,2,0,2,77,0,0,0.334,True
Random_Forest,2,0,2,80,0,0,0.3586,True
Random_Forest,2,0,2,84,0,0,0.4599,True
Random_Forest,2,0,2,86,1,1,0.6253,True
Random_Forest,2,0,2,97,1,1,0.7773,True
Random_Forest,2,0,2,113,1,1,0.5833,True
Random_Forest,2,0,2,114,0,1,0.8961,False
Random_Forest,2,0,2,120,1,1,0.8579,True
Random_Forest,2,0,2,122,1,1,0.887,True
Random_Forest,3,0,3,16,0,0,0.3979,True
Random_Forest,3,0,3,18,1,1,0.8768,True
Random_Forest,3,0,3,29,1,1,0.8529,True
Random_Forest,3,0,3,35,0,0,0.0725,True
Random_Forest,3,0,3,44,0,1,0.8747,False
Random_Forest,3,0,3,45,1,1,0.886,True
Random_Forest,3,0,3,46,1,1,0.8881,True
Random_Forest,3,0,3,56,1,1,0.8881,True
Random_Forest,3,0,3,61,0,0,0.4629,True
Random_Forest,3,0,3,63,0,0,0.1212,True
Random_Forest,3,0,3,64,0,0,0.2294,True
Random_Forest,3,0,3,65,0,1,0.8334,False
Random_Forest,3,0,3,66,1,1,0.8817,True
Random_Forest,3,0,3,67,1,1,0.8578,True
Random_Forest,3,0,3,73,1,1,0.8881,True
Random_Forest,3,0,3,81,1,1,0.8817,True
Random_Forest,3,0,3,83,0,0,0.0426,True
Random_Forest,3,0,3,85,0,0,0.0122,True
Random_Forest,3,0,3,90,1,1,0.8855,True
Random_Forest,3,0,3,91,0,0,0.2089,True
Random_Forest,3,0,3,92,1,1,0.8555,True
Random_Forest,3,0,3,99,0,0,0.2271,True
Random_Forest,3,0,3,102,1,1,0.6187,True
Random_Forest,3,0,3,115,0,0,0.1231,True
Random_Forest,3,0,3,118,0,0,0.1469,True
Random_Forest,3,0,3,126,1,1,0.886,True
Random_Forest,3,0,3,135,0,1,0.7064,False
Random_Forest,3,0,3,138,1,1,0.5702,True
Random_Forest,4,0,4,2,1,0,0.4605,False
Random_Forest,4,0,4,11,0,0,0.292,True
Random_Forest,4,0,4,12,1,1,0.8044,True
Random_Forest,4,0,4,15,0,1,0.5634,False
Random_Forest,4,0,4,19,1,1,0.7816,True
Random_Forest,4,0,4,21,0,0,0.2047,True
Random_Forest,4,0,4,28,0,0,0.2273,True
Random_Forest,4,0,4,32,0,1,0.7329,False
Random_Forest,4,0,4,38,0,1,0.8556,False
Random_Forest,4,0,4,49,1,1,0.6566,True
Random_Forest,4,0,4,53,1,0,0.2047,False
Random_Forest,4,0,4,69,1,1,0.5665,True
Random_Forest,4,0,4,89,1,1,0.895,True
Random_Forest,4,0,4,93,1,1,0.8969,True
Random_Forest,4,0,4,100,0,0,0.1528,True
Random_Forest,4,0,4,101,0,0,0.1699,True
Random_Forest,4,0,4,105,0,0,0.0597,True
Random_Forest,4,0,4,108,0,0,0.2191,True
Random_Forest,4,0,4,109,1,0,0.3016,False
Random_Forest,4,0,4,110,1,1,0.6281,True
Random_Forest,4,0,4,116,1,1,0.9017,True
Random_Forest,4,0,4,117,1,0,0.4796,False
Random_Forest,4,0,4,119,0,0,0.1281,True
Random_Forest,4,0,4,123,0,0,0.0187,True
Random_Forest,4,0,4,124,1,1,0.5639,True
Random_Forest,4,0,4,128,0,0,0.2664,True
Random_Forest,4,0,4,136,1,1,0.5268,True
Random_Forest,5,1,0,6,1,1,0.7476,True
Random_Forest,5,1,0,12,1,1,0.8405,True
Random_Forest,5,1,0,21,0,0,0.3235,True
Random_Forest,5,1,0,22,0,0,0.0258,True
Random_Forest,5,1,0,25,1,1,0.8835,True
Random_Forest,5,1,0,26,0,0,0.0357,True
Random_Forest,5,1,0,34,0,1,0.6039,False
Random_Forest,5,1,0,43,0,0,0.3483,True
Random_Forest,5,1,0,44,0,1,0.8405,False
Random_Forest,5,1,0,47,1,0,0.2888,False
Random_Forest,5,1,0,51,1,1,0.7154,True
Random_Forest,5,1,0,52,1,0,0.1586,False
Random_Forest,5,1,0,58,0,0,0.0357,True
Random_Forest,5,1,0,74,1,1,0.7975,True
Random_Forest,5,1,0,76,1,1,0.8199,True
Random_Forest,5,1,0,82,1,1,0.8692,True
Random_Forest,5,1,0,83,0,0,0.0377,True
Random_Forest,5,1,0,88,0,0,0.2301,True
Random_Forest,5,1,0,92,1,1,0.8692,True
Random_Forest,5,1,0,98,1,1,0.6037,True
Random_Forest,5,1,0,107,0,0,0.2852,True
Random_Forest,5,1,0,116,1,1,0.8835,True
Random_Forest,5,1,0,118,0,0,0.2152,True
Random_Forest,5,1,0,123,0,0,0.0467,True
Random_Forest,5,1,0,124,1,0,0.4676,False
Random_Forest,5,1,0,129,1,1,0.7849,True
Random_Forest,5,1,0,131,0,0,0.3453,True
Random_Forest,5,1,0,137,1,0,0.3131,False
Random_Forest,6,1,1,2,1,0,0.3041,False
Random_Forest,6,1,1,3,0,0,0.0569,True
Random_Forest,6,1,1,4,0,0,0.0097,True
Random_Forest,6,1,1,9,0,0,0.2392,True
Random_Forest,6,1,1,10,1,1,0.7876,True
Random_Forest,6,1,1,15,0,1,0.6081,False
Random_Forest,6,1,1,16,0,0,0.463,True
Random_Forest,6,1,1,17,1,1,0.5895,True
Random_Forest,6,1,1,29,1,1,0.885,True
Random_Forest,6,1,1,41,0,0,0.2392,True
Random_Forest,6,1,1,45,1,1,0.8984,True
Random_Forest,6,1,1,55,1,0,0.4281,False
Random_Forest,6,1,1,59,1,1,0.85,True
Random_Forest,6,1,1,65,0,1,0.8751,False
Random_Forest,6,1,1,71,1,1,0.8971,True
Random_Forest,6,1,1,77,0,0,0.2835,True
Random_Forest,6,1,1,80,0,0,0.3019,True
Random_Forest,6,1,1,90,1,1,0.8947,True
Random_Forest,6,1,1,95,0,0,0.1226,True
Random_Forest,6,1,1,96,1,1,0.8987,True
Random_Forest,6,1,1,101,0,0,0.1244,True
Random_Forest,6,1,1,102,1,1,0.5564,True
Random_Forest,6,1,1,106,1,1,0.8971,True
Random_Forest,6,1,1,108,0,0,0.2895,True
Random_Forest,6,1,1,114,0,1,0.886,False
Random_Forest,6,1,1,125,1,0,0.3857,False
Random_Forest,6,1,1,133,1,1,0.9005,True
Random_Forest,6,1,1,138,1,0,0.3871,False
Random_Forest,7,1,2,5,0,0,0.1496,True
Random_Forest,7,1,2,11,0,0,0.2266,True
Random_Forest,7,1,2,13,1,1,0.8887,True
Random_Forest,7,1,2,14,1,1,0.8829,True
Random_Forest,7,1,2,24,1,1,0.8865,True
Random_Forest,7,1,2,28,0,0,0.2191,True
Random_Forest,7,1,2,32,0,1,0.7922,False
Random_Forest,7,1,2,33,0,0,0.4228,True
Random_Forest,7,1,2,35,0,0,0.0518,True
Random_Forest,7,1,2,38,0,1,0.8383,False
Random_Forest,7,1,2,66,1,1,0.8887,True
Random_Forest,7,1,2,67,1,1,0.8795,True
Random_Forest,7,1,2,73,1,1,0.8865,True
Random_Forest,7,1,2,79,0,1,0.53,False
Random_Forest,7,1,2,84,0,0,0.4176,True
Random_Forest,7,1,2,86,1,1,0.6025,True
Random_Forest,7,1,2,91,0,0,0.2215,True
Random_Forest,7,1,2,93,1,1,0.8855,True
Random_Forest,7,1,2,94,1,1,0.8753,True
Random_Forest,7,1,2,104,0,0,0.2662,True
Random_Forest,7,1,2,110,1,1,0.6304,True
Random_Forest,7,1,2,112,0,0,0.249,True
Random_Forest,7,1,2,121,1,1,0.8155,True
Random_Forest,7,1,2,122,1,1,0.8887,True
Random_Forest,7,1,2,127,1,1,0.865,True
Random_Forest,7,1,2,132,1,1,0.8887,True
Random_Forest,7,1,2,134,0,0,0.0275,True
Random_Forest,7,1,2,136,1,1,0.6412,True
Random_Forest,8,1,3,19,1,1,0.7812,True
Random_Forest,8,1,3,30,0,0,0.258,True
Random_Forest,8,1,3,31,0,0,0.1615,True
Random_Forest,8,1,3,36,0,0,0.0023,True
Random_Forest,8,1,3,37,0,0,0.145,True
Random_Forest,8,1,3,39,1,0,0.2704,False
Random_Forest,8,1,3,40,1,1,0.8062,True
Random_Forest,8,1,3,42,0,1,0.7921,False
Random_Forest,8,1,3,46,1,1,0.9154,True
Random_Forest,8,1,3,54,0,0,0.046,True
Random_Forest,8,1,3,56,1,1,0.9111,True
Random_Forest,8,1,3,57,0,1,0.9111,False
Random_Forest,8,1,3,60,1,1,0.8818,True
Random_Forest,8,1,3,62,0,0,0.4041,True
Random_Forest,8,1,3,64,0,0,0.1757,True
Random_Forest,8,1,3,72,1,1,0.6774,True
Random_Forest,8,1,3,75,1,1,0.8175,True
Random_Forest,8,1,3,81,1,1,0.8345,True
Random_Forest,8,1,3,85,0,0,0.0077,True
Random_Forest,8,1,3,87,0,0,0.4176,True
Random_Forest,8,1,3,99,0,0,0.2268,True
Random_Forest,8,1,3,105,0,0,0.032,True
Random_Forest,8,1,3,109,1,0,0.4109,False
Random_Forest,8,1,3,111,1,1,0.913,True
Random_Forest,8,1,3,117,1,1,0.5904,True
Random_Forest,8,1,3,120,1,1,0.7681,True
Random_Forest,8,1,3,126,1,1,0.913,True
Random_Forest,8,1,3,135,0,1,0.7266,False
Random_Forest,9,1,4,0,1,1,0.68,True
Random_Forest,9,1,4,1,0,0,0.335,True
Random_Forest,9,1,4,7,0,0,0.4413,True
Random_Forest,9,1,4,8,1,1,0.7963,True
Random_Forest,9,1,4,18,1,1,0.8363,True
Random_Forest,9,1,4,20,0,0,0.3051,True
Random_Forest,9,1,4,23,0,1,0.7307,False
Random_Forest,9,1,4,27,0,0,0.223,True
Random_Forest,9,1,4,48,1,0,0.2917,False
Random_Forest,9,1,4,49,1,1,0.7129,True
Random_Forest,9,1,4,50,1,1,0.8363,True
Random_Forest,9,1,4,53,1,0,0.1989,False
Random_Forest,9,1,4,61,0,0,0.4648,True
Random_Forest,9,1,4,63,0,0,0.1087,True
Random_Forest,9,1,4,68,1,1,0.7869,True
Random_Forest,9,1,4,69,1,1,0.6635,True
Random_Forest,9,1,4,70,1,1,0.7962,True
Random_Forest,9,1,4,78,1,1,0.8809,True
Random_Forest,9,1,4,89,1,1,0.8879,True
Random_Forest,9,1,4,97,1,1,0.7398,True
Random_Forest,9,1,4,100,0,0,0.1597,True
Random_Forest,9,1,4,103,0,0,0.0059,True
Random_Forest,9,1,4,113,1,0,0.4988,False
Random_Forest,9,1,4,115,0,0,0.1007,True
Random_Forest,9,1,4,119,0,0,0.0862,True
Random_Forest,9,1,4,128,0,0,0.2954,True
Random_Forest,9,1,4,130,0,0,0.3666,True
Random_Forest,10,2,0,6,1,1,0.843,True
Random_Forest,10,2,0,8,1,1,0.8608,True
Random_Forest,10,2,0,11,0,0,0.3507,True
Random_Forest,10,2,0,12,1,1,0.8162,True
Random_Forest,10,2,0,23,0,1,0.734,False
Random_Forest,10,2,0,27,0,0,0.2748,True
Random_Forest,10,2,0,31,0,0,0.2572,True
Random_Forest,10,2,0,32,0,1,0.8144,False
Random_Forest,10,2,0,39,1,0,0.2322,False
Random_Forest,10,2,0,43,0,0,0.3507,True
Random_Forest,10,2,0,46,1,1,0.8804,True
Random_Forest,10,2,0,56,1,1,0.8804,True
Random_Forest,10,2,0,58,0,0,0.036,True
Random_Forest,10,2,0,60,1,1,0.8652,True
Random_Forest,10,2,0,61,0,0,0.405,True
Random_Forest,10,2,0,63,0,0,0.1605,True
Random_Forest,10,2,0,64,0,0,0.2,True
Random_Forest,10,2,0,67,1,1,0.863,True
Random_Forest,10,2,0,81,1,1,0.8337,True
Random_Forest,10,2,0,85,0,0,0.0059,True
Random_Forest,10,2,0,90,1,1,0.8845,True
Random_Forest,10,2,0,92,1,1,0.8761,True
Random_Forest,10,2,0,97,1,1,0.8058,True
Random_Forest,10,2,0,102,1,0,0.4927,False
Random_Forest,10,2,0,103,0,0,0.021,True
Random_Forest,10,2,0,117,1,0,0.4791,False
Random_Forest,10,2,0,119,0,0,0.1021,True
Random_Forest,10,2,0,138,1,1,0.6241,True
Random_Forest,11,2,1,16,0,0,0.373,True
Random_Forest,11,2,1,17,1,1,0.6671,True
Random_Forest,11,2,1,38,0,1,0.9119,False
Random_Forest,11,2,1,42,0,1,0.8823,False
Random_Forest,11,2,1,45,1,1,0.9488,True
Random_Forest,11,2,1,53,1,0,0.2438,False
Random_Forest,11,2,1,54,0,0,0.0421,True
Random_Forest,11,2,1,57,0,1,0.956,False
Random_Forest,11,2,1,62,0,0,0.4119,True
Random_Forest,11,2,1,66,1,1,0.9498,True
Random_Forest,11,2,1,72,1,1,0.6948,True
Random_Forest,11,2,1,75,1,1,0.8035,True
Random_Forest,11,2,1,78,1,1,0.9498,True
Random_Forest,11,2,1,86,1,1,0.6706,True
Random_Forest,11,2,1,91,0,0,0.2362,True
Random_Forest,11,2,1,95,0,0,0.1283,True
Random_Forest,11,2,1,96,1,1,0.956,True
Random_Forest,11,2,1,104,0,0,0.2179,True
Random_Forest,11,2,1,105,0,0,0.0181,True
Random_Forest,11,2,1,111,1,1,0.9498,True
Random_Forest,11,2,1,114,0,1,0.9031,False
Random_Forest,11,2,1,122,1,1,0.9488,True
Random_Forest,11,2,1,124,1,0,0.4901,False
Random_Forest,11,2,1,125,1,0,0.3573,False
Random_Forest,11,2,1,134,0,0,0.0396,True
Random_Forest,11,2,1,135,0,1,0.7324,False
Random_Forest,11,2,1,136,1,1,0.6258,True
Random_Forest,11,2,1,137,1,0,0.3019,False
Random_Forest,12,2,2,5,0,0,0.1187,True
Random_Forest,12,2,2,9,0,0,0.129,True
Random_Forest,12,2,2,18,1,1,0.8351,True
Random_Forest,12,2,2,20,0,0,0.3156,True
Random_Forest,12,2,2,24,1,1,0.8592,True
Random_Forest,12,2,2,25,1,1,0.8578,True
Random_Forest,12,2,2,26,0,0,0.0762,True
Random_Forest,12,2,2,30,0,0,0.2581,True
Random_Forest,12,2,2,36,0,0,0.0065,True
Random_Forest,12,2,2,48,1,0,0.2544,False
Random_Forest,12,2,2,49,1,1,0.7401,True
Random_Forest,12,2,2,50,1,1,0.8351,True
Random_Forest,12,2,2,51,1,1,0.7337,True
Random_Forest,12,2,2,59,1,1,0.8621,True
Random_Forest,12,2,2,68,1,1,0.7647,True
Random_Forest,12,2,2,70,1,1,0.7953,True
Random_Forest,12,2,2,79,0,1,0.5194,False
Random_Forest,12,2,2,83,0,0,0.0064,True
Random_Forest,12,2,2,84,0,0,0.4106,True
Random_Forest,12,2,2,87,0,1,0.5385,False
Random_Forest,12,2,2,101,0,0,0.1521,True
Random_Forest,12,2,2,108,0,0,0.2131,True
Random_Forest,12,2,2,110,1,1,0.6564,True
Random_Forest,12,2,2,113,1,0,0.498,False
Random_Forest,12,2,2,126,1,1,0.8588,True
Random_Forest,12,2,2,127,1,1,0.8515,True
Random_Forest,12,2,2,130,0,0,0.3326,True
Random_Forest,12,2,2,132,1,1,0.8588,True
Random_Forest,13,2,3,3,0,0,0.0792,True
Random_Forest,13,2,3,4,0,0,0.0051,True
Random_Forest,13,2,3,7,0,0,0.4211,True
Random_Forest,13,2,3,15,0,0,0.4065,True
Random_Forest,13,2,3,22,0,0,0.031,True
Random_Forest,13,2,3,29,1,1,0.8515,True
Random_Forest,13,2,3,35,0,0,0.0792,True
Random_Forest,13,2,3,37,0,0,0.1518,True
Random_Forest,13,2,3,40,1,1,0.822,True
Random_Forest,13,2,3,41,0,0,0.2133,True
Random_Forest,13,2,3,47,1,0,0.4065,False
Random_Forest,13,2,3,52,1,0,0.1534,False
Random_Forest,13,2,3,55,1,0,0.4568,False
Random_Forest,13,2,3,69,1,1,0.5831,True
Random_Forest,13,2,3,71,1,1,0.8791,True
Random_Forest,13,2,3,73,1,1,0.8842,True
Random_Forest,13,2,3,76,1,1,0.8526,True
Random_Forest,13,2,3,82,1,1,0.8732,True
Random_Forest,13,2,3,94,1,1,0.8711,True
Random_Forest,13,2,3,98,1,1,0.611,True
Random_Forest,13,2,3,99,0,0,0.3804,True
Random_Forest,13,2,3,107,0,0,0.3478,True
Random_Forest,13,2,3,112,0,0,0.2091,True
Random_Forest,13,2,3,115,0,0,0.1486,True
Random_Forest,13,2,3,118,0,0,0.1985,True
Random_Forest,13,2,3,121,1,1,0.7826,True
Random_Forest,13,2,3,131,0,0,0.3023,True
Random_Forest,13,2,3,133,1,1,0.8822,True
Random_Forest,14,2,4,0,1,1,0.756,True
Random_Forest,14,2,4,1,0,0,0.4176,True
Random_Forest,14,2,4,2,1,1,0.5391,True
Random_Forest,14,2,4,10,1,1,0.6142,True
Random_Forest,14,2,4,13,1,1,0.8872,True
Random_Forest,14,2,4,14,1,1,0.8895,True
Random_Forest,14,2,4,19,1,1,0.6568,True
Random_Forest,14,2,4,21,0,0,0.3328,True
Random_Forest,14,2,4,28,0,0,0.259,True
Random_Forest,14,2,4,33,0,0,0.4176,True
Random_Forest,14,2,4,34,0,1,0.5391,False
Random_Forest,14,2,4,44,0,1,0.8457,False
Random_Forest,14,2,4,65,0,1,0.81,False
Random_Forest,14,2,4,74,1,1,0.8098,True
Random_Forest,14,2,4,77,0,0,0.3649,True
Random_Forest,14,2,4,80,0,0,0.3833,True
Random_Forest,14,2,4,88,0,0,0.2481,True
Random_Forest,14,2,4,89,1,1,0.8887,True
Random_Forest,14,2,4,93,1,1,0.8866,True
Random_Forest,14,2,4,100,0,0,0.1262,True
Random_Forest,14,2,4,106,1,1,0.8896,True
Random_Forest,14,2,4,109,1,0,0.4759,False
Random_Forest,14,2,4,116,1,1,0.8872,True
Random_Forest,14,2,4,120,1,1,0.6983,True
Random_Forest,14,2,4,123,0,0,0.0401,True
Random_Forest,14,2,4,128,0,0,0.2847,True
Random_Forest,14,2,4,129,1,1,0.808,True
Random_Forest,15,3,0,9,0,0,0.1748,True
Random_Forest,15,3,0,12,1,1,0.7813,True
Random_Forest,15,3,0,17,1,1,0.6987,True
Random_Forest,15,3,0,18,1,1,0.8607,True
Random_Forest,15,3,0,25,1,1,0.8984,True
Random_Forest,15,3,0,27,0,0,0.2641,True
Random_Forest,15,3,0,32,0,1,0.8158,False
Random_Forest,15,3,0,37,0,0,0.1498,True
Random_Forest,15,3,0,38,0,1,0.8073,False
Random_Forest,15,3,0,39,1,0,0.2154,False
Random_Forest,15,3,0,47,1,0,0.3611,False
Random_Forest,15,3,0,48,1,0,0.2757,False
Random_Forest,15,3,0,58,0,0,0.0437,True
Random_Forest,15,3,0,60,1,1,0.8285,True
Random_Forest,15,3,0,68,1,1,0.8073,True
Random_Forest,15,3,0,74,1,1,0.8139,True
Random_Forest,15,3,0,78,1,1,0.8752,True
Random_Forest,15,3,0,80,0,0,0.3386,True
Random_Forest,15,3,0,84,0,0,0.4183,True
Random_Forest,15,3,0,88,0,0,0.1698,True
Random_Forest,15,3,0,91,0,0,0.1621,True
Random_Forest,15,3,0,98,1,1,0.635,True
Random_Forest,15,3,0,106,1,1,0.8812,True
Random_Forest,15,3,0,107,0,0,0.1835,True
Random_Forest,15,3,0,109,1,0,0.3089,False
Random_Forest,15,3,0,123,0,0,0.0207,True
Random_Forest,15,3,0,132,1,1,0.8972,True
Random_Forest,15,3,0,135,0,1,0.6859,False
Random_Forest,16,3,1,0,1,1,0.6514,True
Random_Forest,16,3,1,5,0,0,0.141,True
Random_Forest,16,3,1,6,1,1,0.8069,True
Random_Forest,16,3,1,7,0,0,0.4309,True
Random_Forest,16,3,1,13,1,1,0.8787,True
Random_Forest,16,3,1,26,0,0,0.0488,True
Random_Forest,16,3,1,30,0,0,0.2303,True
Random_Forest,16,3,1,34,0,1,0.5661,False
Random_Forest,16,3,1,35,0,0,0.0894,True
Random_Forest,16,3,1,41,0,0,0.2041,True
Random_Forest,16,3,1,49,1,1,0.6815,True
Random_Forest,16,3,1,55,1,1,0.5488,True
Random_Forest,16,3,1,61,0,0,0.481,True
Random_Forest,16,3,1,62,0,0,0.4245,True
Random_Forest,16,3,1,63,0,0,0.1404,True
Random_Forest,16,3,1,75,1,1,0.7283,True
Random_Forest,16,3,1,76,1,1,0.8641,True
Random_Forest,16,3,1,92,1,1,0.8714,True
Random_Forest,16,3,1,110,1,1,0.6639,True
Random_Forest,16,3,1,112,0,0,0.2042,True
Random_Forest,16,3,1,117,1,1,0.545,True
Random_Forest,16,3,1,122,1,1,0.8787,True
Random_Forest,16,3,1,126,1,1,0.8787,True
Random_Forest,16,3,1,127,1,1,0.8635,True
Random_Forest,16,3,1,129,1,1,0.733,True
Random_Forest,16,3,1,131,0,0,0.4388,True
Random_Forest,16,3,1,133,1,1,0.8764,True
Random_Forest,16,3,1,134,0,0,0.0423,True
Random_Forest,17,3,2,10,1,1,0.6312,True
Random_Forest,17,3,2,16,0,0,0.4788,True
Random_Forest,17,3,2,20,0,0,0.3868,True
Random_Forest,17,3,2,24,1,1,0.8766,True
Random_Forest,17,3,2,28,0,0,0.2138,True
Random_Forest,17,3,2,29,1,1,0.8611,True
Random_Forest,17,3,2,31,0,0,0.2456,True
Random_Forest,17,3,2,40,1,1,0.8389,True
Random_Forest,17,3,2,43,0,0,0.396,True
Random_Forest,17,3,2,46,1,1,0.8766,True
Random_Forest,17,3,2,51,1,1,0.6714,True
Random_Forest,17,3,2,66,1,1,0.8684,True
Random_Forest,17,3,2,69,1,1,0.538,True
Random_Forest,17,3,2,71,1,1,0.8708,True
Random_Forest,17,3,2,77,0,0,0.2857,True
Random_Forest,17,3,2,81,1,1,0.8356,True
Random_Forest,17,3,2,83,0,0,0.019,True
Random_Forest,17,3,2,89,1,1,0.879,True
Random_Forest,17,3,2,93,1,1,0.8673,True
Random_Forest,17,3,2,94,1,1,0.8722,True
Random_Forest,17,3,2,99,0,0,0.314,True
Random_Forest,17,3,2,103,0,0,0.0251,True
Random_Forest,17,3,2,104,0,0,0.2786,True
Random_Forest,17,3,2,114,0,1,0.8544,False
Random_Forest,17,3,2,115,0,0,0.1223,True
Random_Forest,17,3,2,116,1,1,0.8726,True
Random_Forest,17,3,2,118,0,0,0.2326,True
Random_Forest,17,3,2,137,1,0,0.3862,False
Random_Forest,18,3,3,14,1,1,0.9142,True
Random_Forest,18,3,3,21,0,0,0.3004,True
Random_Forest,18,3,3,22,0,0,0.0686,True
Random_Forest,18,3,3,42,0,1,0.8048,False
Random_Forest,18,3,3,44,0,1,0.8748,False
Random_Forest,18,3,3,45,1,1,0.9133,True
Random_Forest,18,3,3,50,1,1,0.9042,True
Random_Forest,18,3,3,52,1,0,0.1801,False
Random_Forest,18,3,3,54,0,0,0.0686,True
Random_Forest,18,3,3,56,1,1,0.9142,True
Random_Forest,18,3,3,57,0,1,0.9142,False
Random_Forest,18,3,3,64,0,0,0.2081,True
Random_Forest,18,3,3,70,1,1,0.8178,True
Random_Forest,18,3,3,73,1,1,0.9142,True
Random_Forest,18,3,3,79,0,0,0.4813,True
Random_Forest,18,3,3,85,0,0,0.0149,True
Random_Forest,18,3,3,86,1,1,0.5641,True
Random_Forest,18,3,3,87,0,0,0.4562,True
Random_Forest,18,3,3,96,1,1,0.9161,True
Random_Forest,18,3,3,100,0,0,0.1124,True
Random_Forest,18,3,3,101,0,0,0.1318,True
Random_Forest,18,3,3,102,1,1,0.5574,True
Random_Forest,18,3,3,105,0,0,0.0445,True
Random_Forest,18,3,3,111,1,1,0.9133,True
Random_Forest,18,3,3,119,0,0,0.133,True
Random_Forest,18,3,3,121,1,1,0.8034,True
Random_Forest,18,3,3,136,1,1,0.5663,True
Random_Forest,18,3,3,138,1,1,0.6138,True
Random_Forest,19,3,4,1,0,0,0.3307,True
Random_Forest,19,3,4,2,1,0,0.3699,False
Random_Forest,19,3,4,3,0,0,0.0366,True
Random_Forest,19,3,4,4,0,0,0.0132,True
Random_Forest,19,3,4,8,1,1,0.8105,True
Random_Forest,19,3,4,11,0,0,0.2521,True
Random_Forest,19,3,4,15,0,1,0.646,False
Random_Forest,19,3,4,19,1,1,0.8139,True
Random_Forest,19,3,4,23,0,1,0.7278,False
Random_Forest,19,3,4,33,0,0,0.3307,True
Random_Forest,19,3,4,36,0,0,0.0132,True
Random_Forest,19,3,4,53,1,0,0.2031,False
Random_Forest,19,3,4,59,1,1,0.8312,True
Random_Forest,19,3,4,65,0,1,0.8152,False
Random_Forest,19,3,4,67,1,1,0.8428,True
Random_Forest,19,3,4,72,1,1,0.6572,True
Random_Forest,19,3,4,82,1,1,0.864,True
Random_Forest,19,3,4,90,1,1,0.8738,True
Random_Forest,19,3,4,95,0,0,0.1414,True
Random_Forest,19,3,4,97,1,1,0.7194,True
Random_Forest,19,3,4,108,0,0,0.2952,True
Random_Forest,19,3,4,113,1,0,0.3798,False
Random_Forest,19,3,4,120,1,1,0.759,True
Random_Forest,19,3,4,124,1,1,0.7403,True
Random_Forest,19,3,4,125,1,0,0.4449,False
Random_Forest,19,3,4,128,0,0,0.2004,True
Random_Forest,19,3,4,130,0,0,0.4133,True
Random_Forest,20,4,0,9,0,0,0.1604,True
Random_Forest,20,4,0,14,1,1,0.8904,True
Random_Forest,20,4,0,18,1,1,0.8713,True
Random_Forest,20,4,0,23,0,1,0.6435,False
Random_Forest,20,4,0,24,1,1,0.8924,True
Random_Forest,20,4,0,28,0,0,0.1898,True
Random_Forest,20,4,0,36,0,0,0.0033,True
Random_Forest,20,4,0,45,1,1,0.8889,True
Random_Forest,20,4,0,48,1,0,0.2251,False
Random_Forest,20,4,0,52,1,0,0.1442,False
Random_Forest,20,4,0,54,0,0,0.008,True
Random_Forest,20,4,0,57,0,1,0.8897,False
Random_Forest,20,4,0,59,1,1,0.8747,True
Random_Forest,20,4,0,61,0,1,0.5357,False
Random_Forest,20,4,0,67,1,1,0.8669,True
Random_Forest,20,4,0,69,1,0,0.3502,False
Random_Forest,20,4,0,77,0,0,0.3208,True
Random_Forest,20,4,0,88,0,0,0.216,True
Random_Forest,20,4,0,94,1,1,0.8703,True
Random_Forest,20,4,0,99,0,0,0.3654,True
Random_Forest,20,4,0,105,0,0,0.0858,True
Random_Forest,20,4,0,108,0,0,0.1293,True
Random_Forest,20,4,0,109,1,0,0.1629,False
Random_Forest,20,4,0,111,1,1,0.8973,True
Random_Forest,20,4,0,113,1,0,0.4319,False
Random_Forest,20,4,0,118,0,0,0.2038,True
Random_Forest,20,4,0,122,1,1,0.8889,True
Random_Forest,20,4,0,138,1,1,0.6009,True
Random_Forest,21,4,1,2,1,1,0.6625,True
Random_Forest,21,4,1,5,0,0,0.2349,True
Random_Forest,21,4,1,10,1,1,0.6686,True
Random_Forest,21,4,1,19,1,1,0.7153,True
Random_Forest,21,4,1,25,1,1,0.8684,True
Random_Forest,21,4,1,27,0,0,0.2942,True
Random_Forest,21,4,1,33,0,0,0.3795,True
Random_Forest,21,4,1,34,0,1,0.6625,False
Random_Forest,21,4,1,35,0,0,0.0673,True
Random_Forest,21,4,1,37,0,0,0.2349,True
Random_Forest,21,4,1,38,0,1,0.774,False
Random_Forest,21,4,1,56,1,1,0.8726,True
Random_Forest,21,4,1,63,0,0,0.1539,True
Random_Forest,21,4,1,64,0,0,0.2152,True
Random_Forest,21,4,1,68,1,1,0.774,True
Random_Forest,21,4,1,70,1,1,0.8025,True
Random_Forest,21,4,1,83,0,0,0.0216,True
Random_Forest,21,4,1,89,1,1,0.8683,True
Random_Forest,21,4,1,90,1,1,0.871,True
Random_Forest,21,4,1,96,1,1,0.875,True
Random_Forest,21,4,1,101,0,0,0.163,True
Random_Forest,21,4,1,110,1,1,0.6576,True
Random_Forest,21,4,1,115,0,0,0.1786,True
Random_Forest,21,4,1,126,1,1,0.8668,True
Random_Forest,21,4,1,133,1,1,0.866,True
Random_Forest,21,4,1,134,0,0,0.0594,True
Random_Forest,21,4,1,136,1,1,0.5975,True
Random_Forest,21,4,1,137,1,1,0.5071,True
Random_Forest,22,4,2,0,1,1,0.7198,True
Random_Forest,22,4,2,1,0,0,0.4843,True
Random_Forest,22,4,2,8,1,1,0.735,True
Random_Forest,22,4,2,12,1,1,0.8224,True
Random_Forest,22,4,2,15,0,1,0.7202,False
Random_Forest,22,4,2,16,0,0,0.407,True
Random_Forest,22,4,2,17,1,1,0.6144,True
Random_Forest,22,4,2,29,1,1,0.8358,True
Random_Forest,22,4,2,30,0,0,0.233,True
Random_Forest,22,4,2,31,0,0,0.1929,True
Random_Forest,22,4,2,39,1,0,0.245,False
Random_Forest,22,4,2,40,1,1,0.735,True
Random_Forest,22,4,2,46,1,1,0.9006,True
Random_Forest,22,4,2,50,1,1,0.8938,True
Random_Forest,22,4,2,62,0,0,0.3645,True
Random_Forest,22,4,2,65,0,1,0.7742,False
Random_Forest,22,4,2,71,1,1,0.8959,True
Random_Forest,22,4,2,78,1,1,0.8938,True
Random_Forest,22,4,2,79,0,1,0.5303,False
Random_Forest,22,4,2,80,0,0,0.3736,True
Random_Forest,22,4,2,93,1,1,0.8952,True
Random_Forest,22,4,2,103,0,0,0.0079,True
Random_Forest,22,4,2,106,1,1,0.8938,True
Random_Forest,22,4,2,119,0,0,0.0989,True
Random_Forest,22,4,2,120,1,1,0.6401,True
Random_Forest,22,4,2,123,0,0,0.0178,True
Random_Forest,22,4,2,124,1,1,0.6585,True
Random_Forest,22,4,2,135,0,1,0.8065,False
Random_Forest,23,4,3,4,0,0,0.0275,True
Random_Forest,23,4,3,6,1,1,0.8075,True
Random_Forest,23,4,3,13,1,1,0.8928,True
Random_Forest,23,4,3,20,0,0,0.3444,True
Random_Forest,23,4,3,21,0,0,0.3343,True
Random_Forest,23,4,3,26,0,0,0.0594,True
Random_Forest,23,4,3,41,0,0,0.1911,True
Random_Forest,23,4,3,42,0,1,0.7953,False
Random_Forest,23,4,3,47,1,0,0.4383,False
Random_Forest,23,4,3,51,1,1,0.7973,True
Random_Forest,23,4,3,58,0,0,0.0594,True
Random_Forest,23,4,3,60,1,1,0.8596,True
Random_Forest,23,4,3,66,1,1,0.8841,True
Random_Forest,23,4,3,72,1,1,0.6005,True
Random_Forest,23,4,3,74,1,1,0.7785,True
Random_Forest,23,4,3,75,1,1,0.6893,True
Random_Forest,23,4,3,81,1,1,0.7093,True
Random_Forest,23,4,3,84,0,0,0.4831,True
Random_Forest,23,4,3,85,0,0,0.031,True
Random_Forest,23,4,3,95,0,0,0.1947,True
Random_Forest,23,4,3,97,1,1,0.6915,True
Random_Forest,23,4,3,100,0,0,0.1921,True
Random_Forest,23,4,3,102,1,0,0.4866,False
Random_Forest,23,4,3,104,0,0,0.3061,True
Random_Forest,23,4,3,107,0,0,0.2921,True
Random_Forest,23,4,3,125,1,0,0.3533,False
Random_Forest,23,4,3,127,1,1,0.8411,True
Random_Forest,23,4,3,130,0,0,0.3455,True
Random_Forest,24,4,4,3,0,0,0.0214,True
Random_Forest,24,4,4,7,0,0,0.4409,True
Random_Forest,24,4,4,11,0,0,0.4202,True
Random_Forest,24,4,4,22,0,0,0.0322,True
Random_Forest,24,4,4,32,0,1,0.8331,False
Random_Forest,24,4,4,43,0,0,0.4202,True
Random_Forest,24,4,4,44,0,1,0.8551,False
Random_Forest,24,4,4,49,1,1,0.766,True
Random_Forest,24,4,4,53,1,0,0.1201,False
Random_Forest,24,4,4,55,1,1,0.64,True
Random_Forest,24,4,4,73,1,1,0.895,True
Random_Forest,24,4,4,76,1,1,0.8435,True
Random_Forest,24,4,4,82,1,1,0.8943,True
Random_Forest,24,4,4,86,1,1,0.5619,True
Random_Forest,24,4,4,87,0,0,0.466,True
Random_Forest,24,4,4,91,0,0,0.1456,True
Random_Forest,24,4,4,92,1,1,0.8943,True
Random_Forest,24,4,4,98,1,1,0.5597,True
Random_Forest,24,4,4,112,0,0,0.1535,True
Random_Forest,24,4,4,114,0,1,0.8781,False
Random_Forest,24,4,4,116,1,1,0.8902,True
Random_Forest,24,4,4,117,1,1,0.5415,True
Random_Forest,24,4,4,121,1,1,0.7736,True
Random_Forest,24,4,4,128,0,0,0.247,True
Random_Forest,24,4,4,129,1,1,0.8231,True
Random_Forest,24,4,4,131,0,0,0.3583,True
Random_Forest,24,4,4,132,1,1,0.895,True
Gradient_Boosting,0,0,0,0,1,1,0.6239,True
Gradient_Boosting,0,0,0,4,0,0,0.0521,True
Gradient_Boosting,0,0,0,5,0,0,0.1081,True
Gradient_Boosting,0,0,0,7,0,0,0.2118,True
Gradient_Boosting,0,0,0,8,1,1,0.7847,True
Gradient_Boosting,0,0,0,13,1,1,0.8599,True
Gradient_Boosting,0,0,0,17,1,1,0.7441,True
Gradient_Boosting,0,0,0,22,0,0,0.0674,True
Gradient_Boosting,0,0,0,25,1,1,0.8599,True
Gradient_Boosting,0,0,0,26,0,0,0.0726,True
Gradient_Boosting,0,0,0,39,1,0,0.2118,False
Gradient_Boosting,0,0,0,42,0,1,0.8368,False
Gradient_Boosting,0,0,0,55,1,0,0.3458,False
Gradient_Boosting,0,0,0,62,0,0,0.2934,True
Gradient_Boosting,0,0,0,72,1,1,0.654,True
Gradient_Boosting,0,0,0,74,1,1,0.7441,True
Gradient_Boosting,0,0,0,78,1,1,0.8599,True
Gradient_Boosting,0,0,0,79,0,0,0.4206,True
Gradient_Boosting,0,0,0,82,1,1,0.8599,True
Gradient_Boosting,0,0,0,88,0,0,0.0895,True
Gradient_Boosting,0,0,0,95,0,0,0.0752,True
Gradient_Boosting,0,0,0,103,0,0,0.0685,True
Gradient_Boosting,0,0,0,104,0,0,0.2657,True
Gradient_Boosting,0,0,0,107,0,0,0.1161,True
Gradient_Boosting,0,0,0,111,1,1,0.8599,True
Gradient_Boosting,0,0,0,125,1,0,0.2129,False
Gradient_Boosting,0,0,0,129,1,1,0.7779,True
Gradient_Boosting,0,0,0,137,1,0,0.2049,False
Gradient_Boosting,1,0,1,1,0,1,0.5167,False
Gradient_Boosting,1,0,1,3,0,0,0.1003,True
Gradient_Boosting,1,0,1,6,1,1,0.6956,True
Gradient_Boosting,1,0,1,10,1,1,0.5033,True
Gradient_Boosting,1,0,1,27,0,0,0.2265,True
Gradient_Boosting,1,0,1,30,0,0,0.1517,True
Gradient_Boosting,1,0,1,31,0,0,0.1959,True
Gradient_Boosting,1,0,1,37,0,0,0.2087,True
Gradient_Boosting,1,0,1,40,1,1,0.8004,True
Gradient_Boosting,1,0,1,50,1,1,0.7976,True
Gradient_Boosting,1,0,1,57,0,1,0.8479,False
Gradient_Boosting,1,0,1,58,0,0,0.0685,True
Gradient_Boosting,1,0,1,68,1,1,0.6956,True
Gradient_Boosting,1,0,1,70,1,1,0.7832,True
Gradient_Boosting,1,0,1,75,1,1,0.7401,True
Gradient_Boosting,1,0,1,87,0,1,0.5277,False
Gradient_Boosting,1,0,1,94,1,1,0.8479,True
Gradient_Boosting,1,0,1,96,1,1,0.8479,True
Gradient_Boosting,1,0,1,98,1,1,0.7118,True
Gradient_Boosting,1,0,1,106,1,1,0.8479,True
Gradient_Boosting,1,0,1,112,0,0,0.2491,True
Gradient_Boosting,1,0,1,121,1,1,0.6956,True
Gradient_Boosting,1,0,1,127,1,1,0.8479,True
Gradient_Boosting,1,0,1,130,0,0,0.2439,True
Gradient_Boosting,1,0,1,131,0,0,0.4484,True
Gradient_Boosting,1,0,1,132,1,1,0.8479,True
Gradient_Boosting,1,0,1,133,1,1,0.8479,True
Gradient_Boosting,1,0,1,134,0,0,0.0728,True
Gradient_Boosting,2,0,2,9,0,0,0.1966,True
Gradient_Boosting,2,0,2,14,1,1,0.8688,True
Gradient_Boosting,2,0,2,20,0,0,0.1039,True
Gradient_Boosting,2,0,2,23,0,1,0.7648,False
Gradient_Boosting,2,0,2,24,1,1,0.8688,True
Gradient_Boosting,2,0,2,33,0,0,0.4687,True
Gradient_Boosting,2,0,2,34,0,1,0.701,False
Gradient_Boosting,2,0,2,36,0,0,0.0431,True
Gradient_Boosting,2,0,2,41,0,0,0.1966,True
Gradient_Boosting,2,0,2,43,0,0,0.2502,True
Gradient_Boosting,2,0,2,47,1,0,0.2549,False
Gradient_Boosting,2,0,2,48,1,0,0.137,False
Gradient_Boosting,2,0,2,51,1,1,0.7097,True
Gradient_Boosting,2,0,2,52,1,0,0.1039,False
Gradient_Boosting,2,0,2,54,0,0,0.0447,True
Gradient_Boosting,2,0,2,59,1,1,0.8688,True
Gradient_Boosting,2,0,2,60,1,1,0.8073,True
Gradient_Boosting,2,0,2,71,1,1,0.8637,True
Gradient_Boosting,2,0,2,76,1,1,0.8073,True
Gradient_Boosting,2,0,2,77,0,0,0.1327,True
Gradient_Boosting,2,0,2,80,0,0,0.2728,True
Gradient_Boosting,2,0,2,84,0,1,0.5241,False
Gradient_Boosting,2,0,2,86,1,1,0.7448,True
Gradient_Boosting,2,0,2,97,1,1,0.7648,True
Gradient_Boosting,2,0,2,113,1,1,0.6553,True
Gradient_Boosting,2,0,2,114,0,1,0.8688,False
Gradient_Boosting,2,0,2,120,1,1,0.8688,True
Gradient_Boosting,2,0,2,122,1,1,0.8688,True
Gradient_Boosting,3,0,3,16,0,0,0.4725,True
Gradient_Boosting,3,0,3,18,1,1,0.8688,True
Gradient_Boosting,3,0,3,29,1,1,0.817,True
Gradient_Boosting,3,0,3,35,0,0,0.1086,True
Gradient_Boosting,3,0,3,44,0,1,0.8688,False
Gradient_Boosting,3,0,3,45,1,1,0.8688,True
Gradient_Boosting,3,0,3,46,1,1,0.8688,True
Gradient_Boosting,3,0,3,56,1,1,0.8688,True
Gradient_Boosting,3,0,3,61,0,0,0.3668,True
Gradient_Boosting,3,0,3,63,0,0,0.1375,True
Gradient_Boosting,3,0,3,64,0,0,0.1851,True
Gradient_Boosting,3,0,3,65,0,1,0.7797,False
Gradient_Boosting,3,0,3,66,1,1,0.8688,True
Gradient_Boosting,3,0,3,67,1,1,0.8486,True
Gradient_Boosting,3,0,3,73,1,1,0.8688,True
Gradient_Boosting,3,0,3,81,1,1,0.8688,True
Gradient_Boosting,3,0,3,83,0,0,0.0806,True
Gradient_Boosting,3,0,3,85,0,0,0.0665,True
Gradient_Boosting,3,0,3,90,1,1,0.8688,True
Gradient_Boosting,3,0,3,91,0,0,0.2089,True
Gradient_Boosting,3,0,3,92,1,1,0.8688,True
Gradient_Boosting,3,0,3,99,0,0,0.141,True
Gradient_Boosting,3,0,3,102,1,1,0.6367,True
Gradient_Boosting,3,0,3,115,0,0,0.1214,True
Gradient_Boosting,3,0,3,118,0,0,0.0981,True
Gradient_Boosting,3,0,3,126,1,1,0.8688,True
Gradient_Boosting,3,0,3,135,0,1,0.7966,False
Gradient_Boosting,3,0,3,138,1,1,0.7376,True
Gradient_Boosting,4,0,4,2,1,1,0.6688,True
Gradient_Boosting,4,0,4,11,0,0,0.2015,True
Gradient_Boosting,4,0,4,12,1,1,0.7747,True
Gradient_Boosting,4,0,4,15,0,1,0.7315,False
Gradient_Boosting,4,0,4,19,1,1,0.8564,True
Gradient_Boosting,4,0,4,21,0,0,0.1976,True
Gradient_Boosting,4,0,4,28,0,0,0.1475,True
Gradient_Boosting,4,0,4,32,0,1,0.7651,False
Gradient_Boosting,4,0,4,38,0,1,0.8564,False
Gradient_Boosting,4,0,4,49,1,1,0.7405,True
Gradient_Boosting,4,0,4,53,1,0,0.1976,False
Gradient_Boosting,4,0,4,69,1,0,0.3533,False
Gradient_Boosting,4,0,4,89,1,1,0.8564,True
Gradient_Boosting,4,0,4,93,1,1,0.8564,True
Gradient_Boosting,4,0,4,100,0,0,0.0715,True
Gradient_Boosting,4,0,4,101,0,0,0.0901,True
Gradient_Boosting,4,0,4,105,0,0,0.0938,True
Gradient_Boosting,4,0,4,108,0,0,0.2914,True
Gradient_Boosting,4,0,4,109,1,0,0.2495,False
Gradient_Boosting,4,0,4,110,1,1,0.6172,True
Gradient_Boosting,4,0,4,116,1,1,0.8564,True
Gradient_Boosting,4,0,4,117,1,0,0.4872,False
Gradient_Boosting,4,0,4,119,0,0,0.0739,True
Gradient_Boosting,4,0,4,123,0,0,0.0651,True
Gradient_Boosting,4,0,4,124,1,1,0.6562,True
Gradient_Boosting,4,0,4,128,0,0,0.2289,True
Gradient_Boosting,4,0,4,136,1,1,0.5741,True
Gradient_Boosting,5,1,0,6,1,1,0.7258,True
Gradient_Boosting,5,1,0,12,1,1,0.8065,True
Gradient_Boosting,5,1,0,21,0,0,0.4005,True
Gradient_Boosting,5,1,0,22,0,0,0.0504,True
Gradient_Boosting,5,1,0,25,1,1,0.8595,True
Gradient_Boosting,5,1,0,26,0,0,0.0688,True
Gradient_Boosting,5,1,0,34,0,1,0.7379,False
Gradient_Boosting,5,1,0,43,0,0,0.2173,True
Gradient_Boosting,5,1,0,44,0,1,0.8065,False
Gradient_Boosting,5,1,0,47,1,0,0.2066,False
Gradient_Boosting,5,1,0,51,1,1,0.7258,True
Gradient_Boosting,5,1,0,52,1,0,0.1453,False
Gradient_Boosting,5,1,0,58,0,0,0.0688,True
Gradient_Boosting,5,1,0,74,1,1,0.8052,True
Gradient_Boosting,5,1,0,76,1,1,0.8044,True
Gradient_Boosting,5,1,0,82,1,1,0.8595,True
Gradient_Boosting,5,1,0,83,0,0,0.1,True
Gradient_Boosting,5,1,0,88,0,0,0.1557,True
Gradient_Boosting,5,1,0,92,1,1,0.8595,True
Gradient_Boosting,5,1,0,98,1,1,0.6476,True
Gradient_Boosting,5,1,0,107,0,0,0.0443,True
Gradient_Boosting,5,1,0,116,1,1,0.8595,True
Gradient_Boosting,5,1,0,118,0,0,0.0751,True
Gradient_Boosting,5,1,0,123,0,0,0.1,True
Gradient_Boosting,5,1,0,124,1,0,0.444,False
Gradient_Boosting,5,1,0,129,1,1,0.8065,True
Gradient_Boosting,5,1,0,131,0,0,0.2755,True
Gradient_Boosting,5,1,0,137,1,0,0.2748,False
Gradient_Boosting,6,1,1,2,1,0,0.2839,False
Gradient_Boosting,6,1,1,3,0,0,0.0958,True
Gradient_Boosting,6,1,1,4,0,0,0.0626,True
Gradient_Boosting,6,1,1,9,0,0,0.1767,True
Gradient_Boosting,6,1,1,10,1,1,0.5059,True
Gradient_Boosting,6,1,1,15,0,1,0.7053,False
Gradient_Boosting,6,1,1,16,0,0,0.4283,True
Gradient_Boosting,6,1,1,17,1,1,0.7102,True
Gradient_Boosting,6,1,1,29,1,1,0.856,True
Gradient_Boosting,6,1,1,41,0,0,0.1767,True
Gradient_Boosting,6,1,1,45,1,1,0.856,True
Gradient_Boosting,6,1,1,55,1,0,0.3782,False
Gradient_Boosting,6,1,1,59,1,1,0.856,True
Gradient_Boosting,6,1,1,65,0,1,0.856,False
Gradient_Boosting,6,1,1,71,1,1,0.856,True
Gradient_Boosting,6,1,1,77,0,0,0.2398,True
Gradient_Boosting,6,1,1,80,0,0,0.2486,True
Gradient_Boosting,6,1,1,90,1,1,0.856,True
Gradient_Boosting,6,1,1,95,0,0,0.0503,True
Gradient_Boosting,6,1,1,96,1,1,0.856,True
Gradient_Boosting,6,1,1,101,0,0,0.1188,True
Gradient_Boosting,6,1,1,102,1,1,0.6042,True
Gradient_Boosting,6,1,1,106,1,1,0.856,True
Gradient_Boosting,6,1,1,108,0,0,0.3173,True
Gradient_Boosting,6,1,1,114,0,1,0.856,False
Gradient_Boosting,6,1,1,125,1,0,0.3781,False
Gradient_Boosting,6,1,1,133,1,1,0.856,True
Gradient_Boosting,6,1,1,138,1,0,0.4785,False
Gradient_Boosting,7,1,2,5,0,0,0.1474,True
Gradient_Boosting,7,1,2,11,0,0,0.1622,True
Gradient_Boosting,7,1,2,13,1,1,0.8341,True
Gradient_Boosting,7,1,2,14,1,1,0.8341,True
Gradient_Boosting,7,1,2,24,1,1,0.8341,True
Gradient_Boosting,7,1,2,28,0,0,0.2006,True
Gradient_Boosting,7,1,2,32,0,1,0.7847,False
Gradient_Boosting,7,1,2,33,0,1,0.5089,False
Gradient_Boosting,7,1,2,35,0,0,0.0948,True
Gradient_Boosting,7,1,2,38,0,1,0.8341,False
Gradient_Boosting,7,1,2,66,1,1,0.8341,True
Gradient_Boosting,7,1,2,67,1,1,0.8341,True
Gradient_Boosting,7,1,2,73,1,1,0.8341,True
Gradient_Boosting,7,1,2,79,0,1,0.598,False
Gradient_Boosting,7,1,2,84,0,0,0.4988,True
Gradient_Boosting,7,1,2,86,1,1,0.7361,True
Gradient_Boosting,7,1,2,91,0,0,0.1559,True
Gradient_Boosting,7,1,2,93,1,1,0.8341,True
Gradient_Boosting,7,1,2,94,1,1,0.8341,True
Gradient_Boosting,7,1,2,104,0,0,0.2798,True
Gradient_Boosting,7,1,2,110,1,1,0.7592,True
Gradient_Boosting,7,1,2,112,0,0,0.1697,True
Gradient_Boosting,7,1,2,121,1,1,0.8241,True
Gradient_Boosting,7,1,2,122,1,1,0.8341,True
Gradient_Boosting,7,1,2,127,1,1,0.8341,True
Gradient_Boosting,7,1,2,132,1,1,0.8341,True
Gradient_Boosting,7,1,2,134,0,0,0.075,True
Gradient_Boosting,7,1,2,136,1,1,0.7444,True
Gradient_Boosting,8,1,3,19,1,1,0.8381,True
Gradient_Boosting,8,1,3,30,0,0,0.1875,True
Gradient_Boosting,8,1,3,31,0,0,0.1042,True
Gradient_Boosting,8,1,3,36,0,0,0.0443,True
Gradient_Boosting,8,1,3,37,0,0,0.1232,True
Gradient_Boosting,8,1,3,39,1,0,0.1545,False
Gradient_Boosting,8,1,3,40,1,1,0.782,True
Gradient_Boosting,8,1,3,42,0,1,0.8381,False
Gradient_Boosting,8,1,3,46,1,1,0.8745,True
Gradient_Boosting,8,1,3,54,0,0,0.0443,True
Gradient_Boosting,8,1,3,56,1,1,0.8745,True
Gradient_Boosting,8,1,3,57,0,1,0.8745,False
Gradient_Boosting,8,1,3,60,1,1,0.8697,True
Gradient_Boosting,8,1,3,62,0,0,0.2165,True
Gradient_Boosting,8,1,3,64,0,0,0.1203,True
Gradient_Boosting,8,1,3,72,1,1,0.6634,True
Gradient_Boosting,8,1,3,75,1,1,0.8298,True
Gradient_Boosting,8,1,3,81,1,1,0.8298,True
Gradient_Boosting,8,1,3,85,0,0,0.0443,True
Gradient_Boosting,8,1,3,87,0,0,0.4434,True
Gradient_Boosting,8,1,3,99,0,0,0.1143,True
Gradient_Boosting,8,1,3,105,0,0,0.1004,True
Gradient_Boosting,8,1,3,109,1,1,0.5202,True
Gradient_Boosting,8,1,3,111,1,1,0.8745,True
Gradient_Boosting,8,1,3,117,1,1,0.6634,True
Gradient_Boosting,8,1,3,120,1,1,0.7638,True
Gradient_Boosting,8,1,3,126,1,1,0.8745,True
Gradient_Boosting,8,1,3,135,0,1,0.8298,False
Gradient_Boosting,9,1,4,0,1,1,0.6564,True
Gradient_Boosting,9,1,4,1,0,0,0.335,True
Gradient_Boosting,9,1,4,7,0,1,0.6475,False
Gradient_Boosting,9,1,4,8,1,1,0.7719,True
Gradient_Boosting,9,1,4,18,1,1,0.8174,True
Gradient_Boosting,9,1,4,20,0,0,0.4188,True
Gradient_Boosting,9,1,4,23,0,1,0.8114,False
Gradient_Boosting,9,1,4,27,0,0,0.118,True
Gradient_Boosting,9,1,4,48,1,0,0.2092,False
Gradient_Boosting,9,1,4,49,1,1,0.7719,True
Gradient_Boosting,9,1,4,50,1,1,0.8174,True
Gradient_Boosting,9,1,4,53,1,0,0.2018,False
Gradient_Boosting,9,1,4,61,0,0,0.3512,True
Gradient_Boosting,9,1,4,63,0,0,0.0436,True
Gradient_Boosting,9,1,4,68,1,1,0.7647,True
Gradient_Boosting,9,1,4,69,1,1,0.7763,True
Gradient_Boosting,9,1,4,70,1,1,0.6668,True
Gradient_Boosting,9,1,4,78,1,1,0.8488,True
Gradient_Boosting,9,1,4,89,1,1,0.8488,True
Gradient_Boosting,9,1,4,97,1,1,0.7601,True
Gradient_Boosting,9,1,4,100,0,0,0.1615,True
Gradient_Boosting,9,1,4,103,0,0,0.0682,True
Gradient_Boosting,9,1,4,113,1,0,0.4828,False
Gradient_Boosting,9,1,4,115,0,0,0.0447,True
Gradient_Boosting,9,1,4,119,0,0,0.0442,True
Gradient_Boosting,9,1,4,128,0,0,0.2251,True
Gradient_Boosting,9,1,4,130,0,0,0.4614,True
Gradient_Boosting,10,2,0,6,1,1,0.7476,True
Gradient_Boosting,10,2,0,8,1,1,0.7813,True
Gradient_Boosting,10,2,0,11,0,1,0.5067,False
Gradient_Boosting,10,2,0,12,1,1,0.8404,True
Gradient_Boosting,10,2,0,23,0,1,0.8322,False
Gradient_Boosting,10,2,0,27,0,0,0.2057,True
Gradient_Boosting,10,2,0,31,0,0,0.1383,True
Gradient_Boosting,10,2,0,32,0,1,0.7813,False
Gradient_Boosting,10,2,0,39,1,0,0.1182,False
Gradient_Boosting,10,2,0,43,0,1,0.5067,False
Gradient_Boosting,10,2,0,46,1,1,0.8404,True
Gradient_Boosting,10,2,0,56,1,1,0.8404,True
Gradient_Boosting,10,2,0,58,0,0,0.0763,True
Gradient_Boosting,10,2,0,60,1,1,0.8404,True
Gradient_Boosting,10,2,0,61,0,0,0.172,True
Gradient_Boosting,10,2,0,63,0,0,0.1274,True
Gradient_Boosting,10,2,0,64,0,0,0.165,True
Gradient_Boosting,10,2,0,67,1,1,0.8404,True
Gradient_Boosting,10,2,0,81,1,1,0.8404,True
Gradient_Boosting,10,2,0,85,0,0,0.0441,True
Gradient_Boosting,10,2,0,90,1,1,0.8404,True
Gradient_Boosting,10,2,0,92,1,1,0.8404,True
Gradient_Boosting,10,2,0,97,1,1,0.8223,True
Gradient_Boosting,10,2,0,102,1,1,0.582,True
Gradient_Boosting,10,2,0,103,0,0,0.0584,True
Gradient_Boosting,10,2,0,117,1,0,0.3978,False
Gradient_Boosting,10,2,0,119,0,0,0.1155,True
Gradient_Boosting,10,2,0,138,1,1,0.7425,True
Gradient_Boosting,11,2,1,16,0,0,0.3562,True
Gradient_Boosting,11,2,1,17,1,1,0.7817,True
Gradient_Boosting,11,2,1,38,0,1,0.9018,False
Gradient_Boosting,11,2,1,42,0,1,0.9018,False
Gradient_Boosting,11,2,1,45,1,1,0.9018,True
Gradient_Boosting,11,2,1,53,1,0,0.2867,False
Gradient_Boosting,11,2,1,54,0,0,0.054,True
Gradient_Boosting,11,2,1,57,0,1,0.9018,False
Gradient_Boosting,11,2,1,62,0,1,0.5258,False
Gradient_Boosting,11,2,1,66,1,1,0.9018,True
Gradient_Boosting,11,2,1,72,1,1,0.6857,True
Gradient_Boosting,11,2,1,75,1,1,0.8531,True
Gradient_Boosting,11,2,1,78,1,1,0.9018,True
Gradient_Boosting,11,2,1,86,1,1,0.7907,True
Gradient_Boosting,11,2,1,91,0,0,0.3087,True
Gradient_Boosting,11,2,1,95,0,0,0.0947,True
Gradient_Boosting,11,2,1,96,1,1,0.9018,True
Gradient_Boosting,11,2,1,104,0,0,0.3107,True
Gradient_Boosting,11,2,1,105,0,0,0.0761,True
Gradient_Boosting,11,2,1,111,1,1,0.9018,True
Gradient_Boosting,11,2,1,114,0,1,0.8611,False
Gradient_Boosting,11,2,1,122,1,1,0.9018,True
Gradient_Boosting,11,2,1,124,1,0,0.2726,False
Gradient_Boosting,11,2,1,125,1,0,0.1942,False
Gradient_Boosting,11,2,1,134,0,0,0.0706,True
Gradient_Boosting,11,2,1,135,0,1,0.8531,False
Gradient_Boosting,11,2,1,136,1,1,0.5959,True
Gradient_Boosting,11,2,1,137,1,0,0.1527,False
Gradient_Boosting,12,2,2,5,0,0,0.086,True
Gradient_Boosting,12,2,2,9,0,0,0.149,True
Gradient_Boosting,12,2,2,18,1,1,0.7656,True
Gradient_Boosting,12,2,2,20,0,0,0.4458,True
Gradient_Boosting,12,2,2,24,1,1,0.8353,True
Gradient_Boosting,12,2,2,25,1,1,0.8353,True
Gradient_Boosting,12,2,2,26,0,0,0.1004,True
Gradient_Boosting,12,2,2,30,0,0,0.1381,True
Gradient_Boosting,12,2,2,36,0,0,0.0478,True
Gradient_Boosting,12,2,2,48,1,0,0.2181,False
Gradient_Boosting,12,2,2,49,1,1,0.7994,True
Gradient_Boosting,12,2,2,50,1,1,0.7656,True
Gradient_Boosting,12,2,2,51,1,1,0.7354,True
Gradient_Boosting,12,2,2,59,1,1,0.8239,True
Gradient_Boosting,12,2,2,68,1,1,0.7354,True
Gradient_Boosting,12,2,2,70,1,1,0.7883,True
Gradient_Boosting,12,2,2,79,0,1,0.6039,False
Gradient_Boosting,12,2,2,83,0,0,0.0501,True
Gradient_Boosting,12,2,2,84,0,1,0.5071,False
Gradient_Boosting,12,2,2,87,0,1,0.6627,False
Gradient_Boosting,12,2,2,101,0,0,0.2301,True
Gradient_Boosting,12,2,2,108,0,0,0.2767,True
Gradient_Boosting,12,2,2,110,1,1,0.733,True
Gradient_Boosting,12,2,2,113,1,1,0.5203,True
Gradient_Boosting,12,2,2,126,1,1,0.8353,True
Gradient_Boosting,12,2,2,127,1,1,0.8353,True
Gradient_Boosting,12,2,2,130,0,0,0.1879,True
Gradient_Boosting,12,2,2,132,1,1,0.8353,True
Gradient_Boosting,13,2,3,3,0,0,0.131,True
Gradient_Boosting,13,2,3,4,0,0,0.0509,True
Gradient_Boosting,13,2,3,7,0,1,0.5152,False
Gradient_Boosting,13,2,3,15,0,0,0.2883,True
Gradient_Boosting,13,2,3,22,0,0,0.0669,True
Gradient_Boosting,13,2,3,29,1,1,0.8169,True
Gradient_Boosting,13,2,3,35,0,0,0.131,True
Gradient_Boosting,13,2,3,37,0,0,0.2218,True
Gradient_Boosting,13,2,3,40,1,1,0.7741,True
Gradient_Boosting,13,2,3,41,0,0,0.2002,True
Gradient_Boosting,13,2,3,47,1,0,0.2883,False
Gradient_Boosting,13,2,3,52,1,0,0.152,False
Gradient_Boosting,13,2,3,55,1,0,0.3926,False
Gradient_Boosting,13,2,3,69,1,1,0.699,True
Gradient_Boosting,13,2,3,71,1,1,0.85,True
Gradient_Boosting,13,2,3,73,1,1,0.85,True
Gradient_Boosting,13,2,3,76,1,1,0.8046,True
Gradient_Boosting,13,2,3,82,1,1,0.85,True
Gradient_Boosting,13,2,3,94,1,1,0.85,True
Gradient_Boosting,13,2,3,98,1,1,0.6139,True
Gradient_Boosting,13,2,3,99,0,0,0.1245,True
Gradient_Boosting,13,2,3,107,0,0,0.0975,True
Gradient_Boosting,13,2,3,112,0,0,0.127,True
Gradient_Boosting,13,2,3,115,0,0,0.1338,True
Gradient_Boosting,13,2,3,118,0,0,0.1358,True
Gradient_Boosting,13,2,3,121,1,1,0.7739,True
Gradient_Boosting,13,2,3,131,0,0,0.2706,True
Gradient_Boosting,13,2,3,133,1,1,0.85,True
Gradient_Boosting,14,2,4,0,1,1,0.715,True
Gradient_Boosting,14,2,4,1,0,1,0.5258,False
Gradient_Boosting,14,2,4,2,1,1,0.6915,True
Gradient_Boosting,14,2,4,10,1,0,0.4863,False
Gradient_Boosting,14,2,4,13,1,1,0.8504,True
Gradient_Boosting,14,2,4,14,1,1,0.8504,True
Gradient_Boosting,14,2,4,19,1,1,0.7929,True
Gradient_Boosting,14,2,4,21,0,0,0.4327,True
Gradient_Boosting,14,2,4,28,0,0,0.4083,True
Gradient_Boosting,14,2,4,33,0,1,0.5258,False
Gradient_Boosting,14,2,4,34,0,1,0.6915,False
Gradient_Boosting,14,2,4,44,0,1,0.8504,False
Gradient_Boosting,14,2,4,65,0,1,0.8136,False
Gradient_Boosting,14,2,4,74,1,1,0.8268,True
Gradient_Boosting,14,2,4,77,0,0,0.2141,True
Gradient_Boosting,14,2,4,80,0,0,0.2404,True
Gradient_Boosting,14,2,4,88,0,0,0.2447,True
Gradient_Boosting,14,2,4,89,1,1,0.8504,True
Gradient_Boosting,14,2,4,93,1,1,0.8504,True
Gradient_Boosting,14,2,4,100,0,0,0.1012,True
Gradient_Boosting,14,2,4,106,1,1,0.8504,True
Gradient_Boosting,14,2,4,109,1,1,0.6377,True
Gradient_Boosting,14,2,4,116,1,1,0.8504,True
Gradient_Boosting,14,2,4,120,1,1,0.8387,True
Gradient_Boosting,14,2,4,123,0,0,0.0733,True
Gradient_Boosting,14,2,4,128,0,0,0.1545,True
Gradient_Boosting,14,2,4,129,1,1,0.7881,True
Gradient_Boosting,15,3,0,9,0,0,0.1338,True
Gradient_Boosting,15,3,0,12,1,1,0.7989,True
Gradient_Boosting,15,3,0,17,1,1,0.833,True
Gradient_Boosting,15,3,0,18,1,1,0.8196,True
Gradient_Boosting,15,3,0,25,1,1,0.8669,True
Gradient_Boosting,15,3,0,27,0,0,0.1821,True
Gradient_Boosting,15,3,0,32,0,1,0.7882,False
Gradient_Boosting,15,3,0,37,0,0,0.1687,True
Gradient_Boosting,15,3,0,38,0,1,0.8196,False
Gradient_Boosting,15,3,0,39,1,0,0.1747,False
Gradient_Boosting,15,3,0,47,1,0,0.3437,False
Gradient_Boosting,15,3,0,48,1,0,0.2486,False
Gradient_Boosting,15,3,0,58,0,0,0.0734,True
Gradient_Boosting,15,3,0,60,1,1,0.8196,True
Gradient_Boosting,15,3,0,68,1,1,0.8196,True
Gradient_Boosting,15,3,0,74,1,1,0.8402,True
Gradient_Boosting,15,3,0,78,1,1,0.8669,True
Gradient_Boosting,15,3,0,80,0,0,0.1953,True
Gradient_Boosting,15,3,0,84,0,0,0.4379,True
Gradient_Boosting,15,3,0,88,0,0,0.1118,True
Gradient_Boosting,15,3,0,91,0,0,0.1373,True
Gradient_Boosting,15,3,0,98,1,1,0.7522,True
Gradient_Boosting,15,3,0,106,1,1,0.8669,True
Gradient_Boosting,15,3,0,107,0,0,0.0556,True
Gradient_Boosting,15,3,0,109,1,0,0.4007,False
Gradient_Boosting,15,3,0,123,0,0,0.0731,True
Gradient_Boosting,15,3,0,132,1,1,0.8669,True
Gradient_Boosting,15,3,0,135,0,1,0.8131,False
Gradient_Boosting,16,3,1,0,1,1,0.5952,True
Gradient_Boosting,16,3,1,5,0,0,0.153,True
Gradient_Boosting,16,3,1,6,1,1,0.8054,True
Gradient_Boosting,16,3,1,7,0,1,0.5545,False
Gradient_Boosting,16,3,1,13,1,1,0.8512,True
Gradient_Boosting,16,3,1,26,0,0,0.0709,True
Gradient_Boosting,16,3,1,30,0,0,0.0957,True
Gradient_Boosting,16,3,1,34,0,1,0.6673,False
Gradient_Boosting,16,3,1,35,0,0,0.1028,True
Gradient_Boosting,16,3,1,41,0,0,0.2114,True
Gradient_Boosting,16,3,1,49,1,1,0.8089,True
Gradient_Boosting,16,3,1,55,1,0,0.458,False
Gradient_Boosting,16,3,1,61,0,0,0.3776,True
Gradient_Boosting,16,3,1,62,0,0,0.4811,True
Gradient_Boosting,16,3,1,63,0,0,0.0821,True
Gradient_Boosting,16,3,1,75,1,1,0.7511,True
Gradient_Boosting,16,3,1,76,1,1,0.8319,True
Gradient_Boosting,16,3,1,92,1,1,0.8512,True
Gradient_Boosting,16,3,1,110,1,1,0.7511,True
Gradient_Boosting,16,3,1,112,0,0,0.1688,True
Gradient_Boosting,16,3,1,117,1,1,0.539,True
Gradient_Boosting,16,3,1,122,1,1,0.8512,True
Gradient_Boosting,16,3,1,126,1,1,0.8512,True
Gradient_Boosting,16,3,1,127,1,1,0.8512,True
Gradient_Boosting,16,3,1,129,1,1,0.7511,True
Gradient_Boosting,16,3,1,131,0,0,0.3808,True
Gradient_Boosting,16,3,1,133,1,1,0.8512,True
Gradient_Boosting,16,3,1,134,0,0,0.0784,True
Gradient_Boosting,17,3,2,10,1,0,0.463,False
Gradient_Boosting,17,3,2,16,0,0,0.4528,True
Gradient_Boosting,17,3,2,20,0,0,0.4801,True
Gradient_Boosting,17,3,2,24,1,1,0.837,True
Gradient_Boosting,17,3,2,28,0,0,0.2153,True
Gradient_Boosting,17,3,2,29,1,1,0.8315,True
Gradient_Boosting,17,3,2,31,0,0,0.1257,True
Gradient_Boosting,17,3,2,40,1,1,0.8315,True
Gradient_Boosting,17,3,2,43,0,0,0.283,True
Gradient_Boosting,17,3,2,46,1,1,0.837,True
Gradient_Boosting,17,3,2,51,1,1,0.7874,True
Gradient_Boosting,17,3,2,66,1,1,0.837,True
Gradient_Boosting,17,3,2,69,1,1,0.5974,True
Gradient_Boosting,17,3,2,71,1,1,0.837,True
Gradient_Boosting,17,3,2,77,0,0,0.1808,True
Gradient_Boosting,17,3,2,81,1,1,0.7937,True
Gradient_Boosting,17,3,2,83,0,0,0.0688,True
Gradient_Boosting,17,3,2,89,1,1,0.837,True
Gradient_Boosting,17,3,2,93,1,1,0.837,True
Gradient_Boosting,17,3,2,94,1,1,0.837,True
Gradient_Boosting,17,3,2,99,0,0,0.1601,True
Gradient_Boosting,17,3,2,103,0,0,0.0688,True
Gradient_Boosting,17,3,2,104,0,0,0.2847,True
Gradient_Boosting,17,3,2,114,0,1,0.8315,False
Gradient_Boosting,17,3,2,115,0,0,0.0988,True
Gradient_Boosting,17,3,2,116,1,1,0.837,True
Gradient_Boosting,17,3,2,118,0,0,0.125,True
Gradient_Boosting,17,3,2,137,1,0,0.2267,False
Gradient_Boosting,18,3,3,14,1,1,0.8765,True
Gradient_Boosting,18,3,3,21,0,0,0.421,True
Gradient_Boosting,18,3,3,22,0,0,0.0479,True
Gradient_Boosting,18,3,3,42,0,1,0.7769,False
Gradient_Boosting,18,3,3,44,0,1,0.8589,False
Gradient_Boosting,18,3,3,45,1,1,0.8765,True
Gradient_Boosting,18,3,3,50,1,1,0.8659,True
Gradient_Boosting,18,3,3,52,1,0,0.2049,False
Gradient_Boosting,18,3,3,54,0,0,0.0479,True
Gradient_Boosting,18,3,3,56,1,1,0.8765,True
Gradient_Boosting,18,3,3,57,0,1,0.8765,False
Gradient_Boosting,18,3,3,64,0,0,0.1977,True
Gradient_Boosting,18,3,3,70,1,1,0.7269,True
Gradient_Boosting,18,3,3,73,1,1,0.8765,True
Gradient_Boosting,18,3,3,79,0,1,0.5031,False
Gradient_Boosting,18,3,3,85,0,0,0.066,True
Gradient_Boosting,18,3,3,86,1,1,0.5743,True
Gradient_Boosting,18,3,3,87,0,1,0.5071,False
Gradient_Boosting,18,3,3,96,1,1,0.8765,True
Gradient_Boosting,18,3,3,100,0,0,0.0632,True
Gradient_Boosting,18,3,3,101,0,0,0.1032,True
Gradient_Boosting,18,3,3,102,1,1,0.7428,True
Gradient_Boosting,18,3,3,105,0,0,0.0781,True
Gradient_Boosting,18,3,3,111,1,1,0.8765,True
Gradient_Boosting,18,3,3,119,0,0,0.0934,True
Gradient_Boosting,18,3,3,121,1,1,0.7769,True
Gradient_Boosting,18,3,3,136,1,1,0.6383,True
Gradient_Boosting,18,3,3,138,1,1,0.714,True
Gradient_Boosting,19,3,4,1,0,0,0.4113,True
Gradient_Boosting,19,3,4,2,1,0,0.4445,False
Gradient_Boosting,19,3,4,3,0,0,0.0785,True
Gradient_Boosting,19,3,4,4,0,0,0.0432,True
Gradient_Boosting,19,3,4,8,1,1,0.7845,True
Gradient_Boosting,19,3,4,11,0,0,0.159,True
Gradient_Boosting,19,3,4,15,0,1,0.7457,False
Gradient_Boosting,19,3,4,19,1,1,0.8004,True
Gradient_Boosting,19,3,4,23,0,1,0.8002,False
Gradient_Boosting,19,3,4,33,0,0,0.4113,True
Gradient_Boosting,19,3,4,36,0,0,0.0432,True
Gradient_Boosting,19,3,4,53,1,0,0.243,False
Gradient_Boosting,19,3,4,59,1,1,0.8341,True
Gradient_Boosting,19,3,4,65,0,1,0.7016,False
Gradient_Boosting,19,3,4,67,1,1,0.8341,True
Gradient_Boosting,19,3,4,72,1,1,0.6639,True
Gradient_Boosting,19,3,4,82,1,1,0.8517,True
Gradient_Boosting,19,3,4,90,1,1,0.8517,True
Gradient_Boosting,19,3,4,95,0,0,0.0508,True
Gradient_Boosting,19,3,4,97,1,1,0.7749,True
Gradient_Boosting,19,3,4,108,0,0,0.3377,True
Gradient_Boosting,19,3,4,113,1,0,0.4113,False
Gradient_Boosting,19,3,4,120,1,1,0.8341,True
Gradient_Boosting,19,3,4,124,1,1,0.7845,True
Gradient_Boosting,19,3,4,125,1,0,0.3892,False
Gradient_Boosting,19,3,4,128,0,0,0.2149,True
Gradient_Boosting,19,3,4,130,0,0,0.2659,True
Gradient_Boosting,20,4,0,9,0,0,0.1238,True
Gradient_Boosting,20,4,0,14,1,1,0.8647,True
Gradient_Boosting,20,4,0,18,1,1,0.8273,True
Gradient_Boosting,20,4,0,23,0,1,0.8218,False
Gradient_Boosting,20,4,0,24,1,1,0.8647,True
Gradient_Boosting,20,4,0,28,0,0,0.112,True
Gradient_Boosting,20,4,0,36,0,0,0.0572,True
Gradient_Boosting,20,4,0,45,1,1,0.8647,True
Gradient_Boosting,20,4,0,48,1,0,0.1592,False
Gradient_Boosting,20,4,0,52,1,0,0.2096,False
Gradient_Boosting,20,4,0,54,0,0,0.0483,True
Gradient_Boosting,20,4,0,57,0,1,0.8647,False
Gradient_Boosting,20,4,0,59,1,1,0.8647,True
Gradient_Boosting,20,4,0,61,0,0,0.3603,True
Gradient_Boosting,20,4,0,67,1,1,0.8647,True
Gradient_Boosting,20,4,0,69,1,0,0.2078,False
Gradient_Boosting,20,4,0,77,0,0,0.0966,True
Gradient_Boosting,20,4,0,88,0,0,0.1126,True
Gradient_Boosting,20,4,0,94,1,1,0.8647,True
Gradient_Boosting,20,4,0,99,0,0,0.2335,True
Gradient_Boosting,20,4,0,105,0,0,0.073,True
Gradient_Boosting,20,4,0,108,0,0,0.2087,True
Gradient_Boosting,20,4,0,109,1,0,0.2257,False
Gradient_Boosting,20,4,0,111,1,1,0.8647,True
Gradient_Boosting,20,4,0,113,1,0,0.4567,False
Gradient_Boosting,20,4,0,118,0,0,0.0801,True
Gradient_Boosting,20,4,0,122,1,1,0.8647,True
Gradient_Boosting,20,4,0,138,1,1,0.8113,True
Gradient_Boosting,21,4,1,2,1,1,0.6153,True
Gradient_Boosting,21,4,1,5,0,0,0.2053,True
Gradient_Boosting,21,4,1,10,1,1,0.5221,True
Gradient_Boosting,21,4,1,19,1,1,0.8217,True
Gradient_Boosting,21,4,1,25,1,1,0.8411,True
Gradient_Boosting,21,4,1,27,0,0,0.2939,True
Gradient_Boosting,21,4,1,33,0,0,0.3674,True
Gradient_Boosting,21,4,1,34,0,1,0.6153,False
Gradient_Boosting,21,4,1,35,0,0,0.1,True
Gradient_Boosting,21,4,1,37,0,0,0.2053,True
Gradient_Boosting,21,4,1,38,0,1,0.8411,False
Gradient_Boosting,21,4,1,56,1,1,0.8411,True
Gradient_Boosting,21,4,1,63,0,0,0.0903,True
Gradient_Boosting,21,4,1,64,0,0,0.2252,True
Gradient_Boosting,21,4,1,68,1,1,0.8411,True
Gradient_Boosting,21,4,1,70,1,1,0.7925,True
Gradient_Boosting,21,4,1,83,0,0,0.077,True
Gradient_Boosting,21,4,1,89,1,1,0.8411,True
Gradient_Boosting,21,4,1,90,1,1,0.8411,True
Gradient_Boosting,21,4,1,96,1,1,0.8411,True
Gradient_Boosting,21,4,1,101,0,0,0.1385,True
Gradient_Boosting,21,4,1,110,1,1,0.7352,True
Gradient_Boosting,21,4,1,115,0,0,0.0997,True
Gradient_Boosting,21,4,1,126,1,1,0.8411,True
Gradient_Boosting,21,4,1,133,1,1,0.8411,True
Gradient_Boosting,21,4,1,134,0,0,0.0831,True
Gradient_Boosting,21,4,1,136,1,1,0.661,True
Gradient_Boosting,21,4,1,137,1,0,0.4151,False
Gradient_Boosting,22,4,2,0,1,1,0.6052,True
Gradient_Boosting,22,4,2,1,0,1,0.5962,False
Gradient_Boosting,22,4,2,8,1,1,0.6319,True
Gradient_Boosting,22,4,2,12,1,1,0.8538,True
Gradient_Boosting,22,4,2,15,0,1,0.7838,False
Gradient_Boosting,22,4,2,16,0,0,0.3875,True
Gradient_Boosting,22,4,2,17,1,1,0.7212,True
Gradient_Boosting,22,4,2,29,1,1,0.7212,True
Gradient_Boosting,22,4,2,30,0,0,0.2377,True
Gradient_Boosting,22,4,2,31,0,0,0.1077,True
Gradient_Boosting,22,4,2,39,1,0,0.1486,False
Gradient_Boosting,22,4,2,40,1,1,0.6319,True
Gradient_Boosting,22,4,2,46,1,1,0.8538,True
Gradient_Boosting,22,4,2,50,1,1,0.8538,True
Gradient_Boosting,22,4,2,62,0,0,0.199,True
Gradient_Boosting,22,4,2,65,0,1,0.6319,False
Gradient_Boosting,22,4,2,71,1,1,0.8538,True
Gradient_Boosting,22,4,2,78,1,1,0.8538,True
Gradient_Boosting,22,4,2,79,0,0,0.495,True
Gradient_Boosting,22,4,2,80,0,0,0.2377,True
Gradient_Boosting,22,4,2,93,1,1,0.8538,True
Gradient_Boosting,22,4,2,103,0,0,0.0674,True
Gradient_Boosting,22,4,2,106,1,1,0.8538,True
Gradient_Boosting,22,4,2,119,0,0,0.0807,True
Gradient_Boosting,22,4,2,120,1,1,0.7212,True
Gradient_Boosting,22,4,2,123,0,0,0.0674,True
Gradient_Boosting,22,4,2,124,1,1,0.6513,True
Gradient_Boosting,22,4,2,135,0,1,0.8538,False
Gradient_Boosting,23,4,3,4,0,0,0.0397,True
Gradient_Boosting,23,4,3,6,1,1,0.7713,True
Gradient_Boosting,23,4,3,13,1,1,0.8539,True
Gradient_Boosting,23,4,3,20,0,0,0.4958,True
Gradient_Boosting,23,4,3,21,0,1,0.6227,False
Gradient_Boosting,23,4,3,26,0,0,0.0972,True
Gradient_Boosting,23,4,3,41,0,0,0.1204,True
Gradient_Boosting,23,4,3,42,0,1,0.7713,False
Gradient_Boosting,23,4,3,47,1,0,0.438,False
Gradient_Boosting,23,4,3,51,1,1,0.7713,True
Gradient_Boosting,23,4,3,58,0,0,0.0972,True
Gradient_Boosting,23,4,3,60,1,1,0.8539,True
Gradient_Boosting,23,4,3,66,1,1,0.8539,True
Gradient_Boosting,23,4,3,72,1,1,0.6641,True
Gradient_Boosting,23,4,3,74,1,1,0.8084,True
Gradient_Boosting,23,4,3,75,1,1,0.7325,True
Gradient_Boosting,23,4,3,81,1,1,0.7541,True
Gradient_Boosting,23,4,3,84,0,0,0.3623,True
Gradient_Boosting,23,4,3,85,0,0,0.0397,True
Gradient_Boosting,23,4,3,95,0,0,0.0669,True
Gradient_Boosting,23,4,3,97,1,1,0.7325,True
Gradient_Boosting,23,4,3,100,0,0,0.0791,True
Gradient_Boosting,23,4,3,102,1,1,0.5968,True
Gradient_Boosting,23,4,3,104,0,0,0.2893,True
Gradient_Boosting,23,4,3,107,0,0,0.0682,True
Gradient_Boosting,23,4,3,125,1,0,0.2374,False
Gradient_Boosting,23,4,3,127,1,1,0.8539,True
Gradient_Boosting,23,4,3,130,0,0,0.4057,True
Gradient_Boosting,24,4,4,3,0,0,0.0656,True
Gradient_Boosting,24,4,4,7,0,1,0.5573,False
Gradient_Boosting,24,4,4,11,0,0,0.4641,True
Gradient_Boosting,24,4,4,22,0,0,0.0679,True
Gradient_Boosting,24,4,4,32,0,1,0.8576,False
Gradient_Boosting,24,4,4,43,0,0,0.4641,True
Gradient_Boosting,24,4,4,44,0,1,0.8576,False
Gradient_Boosting,24,4,4,49,1,1,0.7979,True
Gradient_Boosting,24,4,4,53,1,0,0.1599,False
Gradient_Boosting,24,4,4,55,1,1,0.6286,True
Gradient_Boosting,24,4,4,73,1,1,0.8628,True
Gradient_Boosting,24,4,4,76,1,1,0.7908,True
Gradient_Boosting,24,4,4,82,1,1,0.8628,True
Gradient_Boosting,24,4,4,86,1,1,0.5581,True
Gradient_Boosting,24,4,4,87,0,0,0.4461,True
Gradient_Boosting,24,4,4,91,0,0,0.1428,True
Gradient_Boosting,24,4,4,92,1,1,0.8628,True
Gradient_Boosting,24,4,4,98,1,0,0.4461,False
Gradient_Boosting,24,4,4,112,0,0,0.1172,True
Gradient_Boosting,24,4,4,114,0,1,0.8628,False
Gradient_Boosting,24,4,4,116,1,1,0.8628,True
Gradient_Boosting,24,4,4,117,1,1,0.5581,True
Gradient_Boosting,24,4,4,121,1,1,0.7908,True
Gradient_Boosting,24,4,4,128,0,0,0.1111,True
Gradient_Boosting,24,4,4,129,1,1,0.8013,True
Gradient_Boosting,24,4,4,131,0,0,0.3914,True
Gradient_Boosting,24,4,4,132,1,1,0.8628,True
