reference_no,company_name,job_title,min_experience,avg_salary,min_salary,max_salary,num_of_jobs,min_salary_lakh,avg_salary_lakh,max_salary_lakh,salary_spread_lakh,salary_spread_ratio,log10_num_of_jobs
7834,TCS,Data Scientist,2,7.8L,4.5L,16.0L,841,4.5,7.8,16.0,11.5,1.4744,2.9253
7862,Accenture,Data Scientist,2,12.8L,5.8L,23.0L,501,5.8,12.8,23.0,17.2,1.3437,2.7007
5925,IBM,Data Scientist,2,13.4L,5.3L,25.0L,394,5.3,13.4,25.0,19.7,1.4701,2.5966
7578,Cognizant,Data Scientist,2,9.8L,5.0L,18.0L,318,5.0,9.8,18.0,13.0,1.3265,2.5038
7177,Capgemini,Data Scientist,2,8.6L,4.8L,14.6L,300,4.8,8.6,14.6,9.8,1.1395,2.4786
4018,Infosys,Data Scientist,2,9.3L,4.5L,24.0L,228,4.5,9.3,24.0,19.5,2.0968,2.3598
8562,Wipro,Data Scientist,2,9.7L,4.5L,18.2L,225,4.5,9.7,18.2,13.7,1.4124,2.3541
6212,Tech Mahindra,Data Scientist,2,7.6L,4.1L,15.4L,218,4.1,7.6,15.4,11.3,1.4868,2.3404
8334,Fractal Analytics,Data Scientist,2,15.9L,10.0L,23.0L,166,10.0,15.9,23.0,13.0,0.8176,2.2227
3930,Deloitte,Data Scientist,2,14.2L,7.0L,25.0L,163,7.0,14.2,25.0,18.0,1.2676,2.2148
5436,Ericsson,Data Scientist,3,14.6L,6.0L,26.9L,152,6.0,14.6,26.9,20.9,1.4315,2.1847
7445,HCL Technologies,Data Scientist,2,9.8L,4.5L,20.3L,152,4.5,9.8,20.3,15.8,1.6122,2.1847
4215,Amazon,Data Scientist,2,28.1L,9.5L,50.0L,140,9.5,28.1,50.0,40.5,1.4413,2.1492
8777,UnitedHealth,Data Scientist,2,14.8L,8.3L,21.5L,120,8.3,14.8,21.5,13.2,0.8919,2.0828
1347,Mu Sigma,Data Scientist,1,7.4L,5.0L,12.0L,116,5.0,7.4,12.0,7.0,0.9459,2.0682
3097,Ab Inbev,Data Scientist,2,20.6L,15.0L,26.2L,116,15.0,20.6,26.2,11.2,0.5437,2.0682
1322,L&T Infotech,Data Scientist,2,11.6L,6.5L,20.9L,102,6.5,11.6,20.9,14.4,1.2414,2.0128
3990,Tiger Analytics,Data Scientist,2,14.8L,9.0L,20.0L,102,9.0,14.8,20.0,11.0,0.7432,2.0128
8847,Optum,Data Scientist,2,16.6L,11.0L,22.5L,101,11.0,16.6,22.5,11.5,0.6928,2.0086
3700,Ernst & Young,Data Scientist,2,12.4L,6.7L,20.0L,96,6.7,12.4,20.0,13.3,1.0726,1.9868
8732,Mindtree,Data Scientist,2,10.6L,4.8L,18.7L,94,4.8,10.6,18.7,13.9,1.3113,1.9777
5837,Walmart,Data Scientist,2,28.3L,17.8L,41.0L,85,17.8,28.3,41.0,23.2,0.8198,1.9345
4163,DXC Technology,Data Scientist,2,10.0L,4.4L,15.5L,83,4.4,10.0,15.5,11.1,1.11,1.9243
1769,Microsoft Corporation,Data Scientist,1,32.1L,13.0L,60.0L,81,13.0,32.1,60.0,47.0,1.4642,1.9138
3026,Genpact,Data Scientist,2,12.2L,5.5L,20.0L,74,5.5,12.2,20.0,14.5,1.1885,1.8751
6255,Hewlett-Packard Enterprise,Data Scientist,2,16.6L,7.1L,26.5L,70,7.1,16.6,26.5,19.4,1.1687,1.8513
8658,Ford Motor,Data Scientist,2,14.4L,10.0L,20.0L,64,10.0,14.4,20.0,10.0,0.6944,1.8129
7508,Reliance jio,Data Scientist,1,15.6L,5.6L,30.0L,61,5.6,15.6,30.0,24.4,1.5641,1.7924
6502,Verizon,Data Scientist,3,14.2L,9.9L,21.8L,58,9.9,14.2,21.8,11.9,0.838,1.7709
2075,IQVIA,Data Scientist,2,11.4L,6.9L,22.0L,58,6.9,11.4,22.0,15.1,1.3246,1.7709
1093,Shell,Data Scientist,3,20.9L,13.5L,27.0L,57,13.5,20.9,27.0,13.5,0.6459,1.7634
8466,PayPal,Data Scientist,3,27.7L,15.0L,45.0L,57,15.0,27.7,45.0,30.0,1.083,1.7634
1700,JP Morgan Chase,Data Scientist,2,20.5L,12.0L,31.0L,56,12.0,20.5,31.0,19.0,0.9268,1.7559
2098,EXL Service,Data Scientist,1,14.0L,7.6L,21.0L,55,7.6,14.0,21.0,13.4,0.9571,1.7482
1634,American Express,Data Scientist,2,17.7L,10.8L,26.0L,48,10.8,17.7,26.0,15.2,0.8588,1.6902
2073,Vodafone Idea,Data Scientist,2,13.4L,6.0L,20.0L,45,6.0,13.4,20.0,14.0,1.0448,1.6628
2884,HDFC Bank,Data Scientist,0,15.3L,9.0L,22.2L,44,9.0,15.3,22.2,13.2,0.8627,1.6532
6527,Great Learning,Data Scientist,0,9.3L,7.0L,13.8L,44,7.0,9.3,13.8,6.8,0.7312,1.6532
6308,Reliance Industries,Data Scientist,1,10.4L,6.0L,21.0L,42,6.0,10.4,21.0,15.0,1.4423,1.6335
5241,ZS,Data Scientist,1,16.9L,10.0L,25.0L,42,10.0,16.9,25.0,15.0,0.8876,1.6335
2744,Oracle,Data Scientist,2,16.3L,6.5L,39.0L,42,6.5,16.3,39.0,32.5,1.9939,1.6335
7417,Novartis Healthcare,Data Scientist,2,21.9L,9.0L,36.0L,41,9.0,21.9,36.0,27.0,1.2329,1.6232
5750,TheMathCompany,Data Scientist,2,10.5L,6.0L,16.0L,41,6.0,10.5,16.0,10.0,0.9524,1.6232
8050,PwC,Data Scientist,2,12.6L,7.5L,20.0L,41,7.5,12.6,20.0,12.5,0.9921,1.6232
5007,SAP,Data Scientist,2,17.4L,11.0L,26.0L,40,11.0,17.4,26.0,15.0,0.8621,1.6128
1554,Legato Health Technologies,Data Scientist,1,14.3L,9.0L,21.0L,39,9.0,14.3,21.0,12.0,0.8392,1.6021
1582,Impact Analytics,Data Scientist,0,9.0L,7.0L,13.0L,38,7.0,9.0,13.0,6.0,0.6667,1.5911
6534,Innominds Software,Data Scientist,1,10.7L,6.5L,15.2L,37,6.5,10.7,15.2,8.7,0.8131,1.5798
5702,Flipkart,Data Scientist,0,23.2L,14.7L,42.0L,37,14.7,23.2,42.0,27.3,1.1767,1.5798
8479,Innodatatics,Data Scientist,0,4.5L,2.0L,7.0L,37,2.0,4.5,7.0,5.0,1.1111,1.5798
6834,KPMG,Data Scientist,2,14.1L,9.0L,20.0L,36,9.0,14.1,20.0,11.0,0.7801,1.5682
4726,NTT DATA,Data Scientist,2,7.7L,5.0L,17.2L,36,5.0,7.7,17.2,12.2,1.5844,1.5682
6624,HSBC,Data Scientist,2,14.1L,8.5L,23.9L,36,8.5,14.1,23.9,15.4,1.0922,1.5682
4409,Societe Generale,Data Scientist,1,18.2L,7.4L,26.0L,35,7.4,18.2,26.0,18.6,1.022,1.5563
4038,Mphasis,Data Scientist,2,8.9L,5.2L,15.0L,35,5.2,8.9,15.0,9.8,1.1011,1.5563
7493,Mercedes-Benz Research & Development India,Data Scientist,2,14.1L,8.2L,21.0L,34,8.2,14.1,21.0,12.8,0.9078,1.5441
6130,BEPEC Solutions,Data Scientist,1,4.9L,3.0L,7.0L,34,3.0,4.9,7.0,4.0,0.8163,1.5441
8451,Brillio,Data Scientist,1,16.0L,9.0L,24.0L,33,9.0,16.0,24.0,15.0,0.9375,1.5315
2580,ABC,Data Scientist,2,19.2L,6.5L,35.0L,32,6.5,19.2,35.0,28.5,1.4844,1.5185
1232,WNS,Data Scientist,1,11.4L,7.2L,17.0L,32,7.2,11.4,17.0,9.8,0.8596,1.5185
1843,Hexaware Technologies,Data Scientist,0,9.7L,4.5L,19.0L,32,4.5,9.7,19.0,14.5,1.4948,1.5185
5007,International School of Engineering,Data Scientist,1,10.5L,5.4L,16.3L,31,5.4,10.5,16.3,10.9,1.0381,1.5051
3353,Wells Fargo India,Data Scientist,2,15.4L,5.5L,31.2L,31,5.5,15.4,31.2,25.7,1.6688,1.5051
1871,Kyndryl,Data Scientist,3,14.1L,6.0L,30.0L,31,6.0,14.1,30.0,24.0,1.7021,1.5051
3678,eClerx,Data Scientist,2,9.3L,6.0L,16.7L,30,6.0,9.3,16.7,10.7,1.1505,1.4914
1145,DBS Bank,Data Scientist,2,14.3L,9.0L,23.7L,30,9.0,14.3,23.7,14.7,1.028,1.4914
4465,Cyient,Data Scientist,2,10.4L,5.0L,18.5L,30,5.0,10.4,18.5,13.5,1.2981,1.4914
6940,Nagarro,Data Scientist,1,12.1L,7.0L,18.0L,29,7.0,12.1,18.0,11.0,0.9091,1.4771
2026,Freelancer.com,Data Scientist,1,7.1L,3.0L,15.0L,29,3.0,7.1,15.0,12.0,1.6901,1.4771
1160,Cisco Systems,Data Scientist,2,19.0L,12.0L,32.5L,28,12.0,19.0,32.5,20.5,1.0789,1.4624
5453,Bajaj Finserv,Data Scientist,1,11.9L,7.5L,19.4L,28,7.5,11.9,19.4,11.9,1.0,1.4624
7955,Dell,Data Scientist,1,17.0L,8.0L,27.0L,27,8.0,17.0,27.0,19.0,1.1176,1.4472
2170,Dunnhumby,Data Scientist,1,12.9L,8.5L,18.0L,26,8.5,12.9,18.0,9.5,0.7364,1.4314
4548,Honeywell Technology Solutions,Data Scientist,2,15.1L,8.5L,23.4L,26,8.5,15.1,23.4,14.9,0.9868,1.4314
3997,Bristlecone,Data Scientist,1,9.0L,6.6L,11.5L,26,6.6,9.0,11.5,4.9,0.5444,1.4314
3756,Sigmoid Analytics,Data Scientist,0,14.9L,11.0L,20.0L,26,11.0,14.9,20.0,9.0,0.604,1.4314
5538,Applied Materials,Data Scientist,2,14.2L,7.0L,22.0L,26,7.0,14.2,22.0,15.0,1.0563,1.4314
6821,Citicorp,Data Scientist,2,19.2L,14.0L,23.5L,26,14.0,19.2,23.5,9.5,0.4948,1.4314
1099,Siemens,Data Scientist,2,13.5L,7.8L,24.0L,26,7.8,13.5,24.0,16.2,1.2,1.4314
4945,MasterCard,Data Scientist,2,19.6L,12.1L,25.3L,26,12.1,19.6,25.3,13.2,0.6735,1.4314
1930,Bosch Global Software Technologies,Data Scientist,2,11.9L,7.0L,16.6L,25,7.0,11.9,16.6,9.6,0.8067,1.415
2859,Wolters Kluwer,Data Scientist,0,12.5L,9.9L,17.6L,25,9.9,12.5,17.6,7.7,0.616,1.415
1335,Birlasoft,Data Scientist,2,8.0L,4.0L,12.7L,25,4.0,8.0,12.7,8.7,1.0875,1.415
6721,Atos,Data Scientist,2,13.0L,5.0L,28.0L,25,5.0,13.0,28.0,23.0,1.7692,1.415
3168,Info Edge,Data Scientist,0,16.9L,12.0L,24.0L,25,12.0,16.9,24.0,12.0,0.7101,1.415
6267,VMware Software,Data Scientist,4,23.6L,11.5L,32.1L,25,11.5,23.6,32.1,20.6,0.8729,1.415
5215,Course5,Data Scientist,1,8.1L,4.0L,12.7L,25,4.0,8.1,12.7,8.7,1.0741,1.415
4062,Bridgei2i Analytics Solutions,Data Scientist,2,9.4L,6.0L,14.4L,24,6.0,9.4,14.4,8.4,0.8936,1.3979
8614,Larsen & Toubro Limited,Data Scientist,1,9.4L,4.5L,23.0L,24,4.5,9.4,23.0,18.5,1.9681,1.3979
7202,iNeuron.ai,Data Scientist,0,5.1L,3.0L,8.0L,24,3.0,5.1,8.0,5.0,0.9804,1.3979
4119,Tredence,Data Scientist,2,14.4L,8.0L,19.0L,23,8.0,14.4,19.0,11.0,0.7639,1.3802
6033,Enquero,Data Scientist,0,11.5L,5.0L,16.2L,23,5.0,11.5,16.2,11.2,0.9739,1.3802
5746,R Systems International,Data Scientist,2,16.2L,7.5L,24.4L,23,7.5,16.2,24.4,16.9,1.0432,1.3802
3004,UST,Data Scientist,3,9.8L,6.5L,15.0L,23,6.5,9.8,15.0,8.5,0.8673,1.3802
4787,Cgi Group,Data Scientist,2,8.2L,4.2L,14.0L,23,4.2,8.2,14.0,9.8,1.1951,1.3802
2749,Bank of America,Data Scientist,2,22.8L,13.2L,30.3L,23,13.2,22.8,30.3,17.1,0.75,1.3802
3684,Axis Bank,Data Scientist,1,11.7L,7.9L,18.0L,23,7.9,11.7,18.0,10.1,0.8632,1.3802
7892,Ganit Business Solutions,Data Scientist,3,12.6L,8.5L,16.0L,23,8.5,12.6,16.0,7.5,0.5952,1.3802
4651,Virtusa Consulting Services,Data Scientist,1,9.7L,4.8L,15.6L,22,4.8,9.7,15.6,10.8,1.1134,1.3617
2352,ITC Infotech India,Data Scientist,2,10.9L,4.1L,20.5L,22,4.1,10.9,20.5,16.4,1.5046,1.3617
4307,Gramener,Data Scientist,1,9.8L,7.5L,14.0L,22,7.5,9.8,14.0,6.5,0.6633,1.3617
1185,Subex,Data Scientist,1,10.8L,8.2L,13.7L,22,8.2,10.8,13.7,5.5,0.5093,1.3617
7236,Xoriant,Data Scientist,2,10.4L,5.3L,17.6L,22,5.3,10.4,17.6,12.3,1.1827,1.3617
5318,Caterpillar Inc,Data Scientist,2,12.8L,7.7L,18.0L,21,7.7,12.8,18.0,10.3,0.8047,1.3424
3508,ICICI Bank,Data Scientist,0,11.9L,5.0L,20.0L,21,5.0,11.9,20.0,15.0,1.2605,1.3424
8321,Freelance Consultants,Data Scientist,1,10.2L,3.2L,24.0L,21,3.2,10.2,24.0,20.8,2.0392,1.3424
4710,Sutherland Global Services,Data Scientist,1,8.5L,5.1L,12.3L,21,5.1,8.5,12.3,7.2,0.8471,1.3424
2597,Prodapt Solutions,Data Scientist,1,6.9L,3.3L,16.0L,21,3.3,6.9,16.0,12.7,1.8406,1.3424
5388,Rubixe,Data Scientist,0,4.7L,2.4L,9.0L,21,2.4,4.7,9.0,6.6,1.4043,1.3424
4757,NDS InfoServ,Data Scientist,0,9.1L,5.0L,12.0L,20,5.0,9.1,12.0,7.0,0.7692,1.3222
7722,Zensar Technologies,Data Scientist,1,8.2L,4.2L,15.5L,20,4.2,8.2,15.5,11.3,1.378,1.3222
4470,Fidelity National Information Services,Data Scientist,3,10.9L,7.3L,18.6L,20,7.3,10.9,18.6,11.3,1.0367,1.3222
4941,KPIT Technologies,Data Scientist,1,7.7L,4.5L,15.0L,20,4.5,7.7,15.0,10.5,1.3636,1.3222
3365,Citibank,Data Scientist,2,17.3L,10.0L,24.2L,20,10.0,17.3,24.2,14.2,0.8208,1.3222
4013,ValueLabs,Data Scientist,2,14.6L,7.0L,22.5L,20,7.0,14.6,22.5,15.5,1.0616,1.3222
3653,ABB Group,Data Scientist,2,13.0L,8.3L,19.0L,20,8.3,13.0,19.0,10.7,0.8231,1.3222
2520,L&T Financial Services,Data Scientist,1,9.3L,8.2L,12.5L,20,8.2,9.3,12.5,4.3,0.4624,1.3222
2087,Value c Consulting India,Data Scientist,2,5.2L,4.2L,6.0L,20,4.2,5.2,6.0,1.8,0.3462,1.3222
2584,Lumiq.ai,Data Scientist,0,8.3L,6.0L,13.0L,20,6.0,8.3,13.0,7.0,0.8434,1.3222
7885,Flip Robo Technologies,Data Scientist,1,4.7L,3.0L,7.9L,20,3.0,4.7,7.9,4.9,1.0426,1.3222
8008,Philips,Data Scientist,3,17.9L,11.2L,30.0L,19,11.2,17.9,30.0,18.8,1.0503,1.301
1973,Nokia,Data Scientist,2,13.0L,6.2L,24.0L,19,6.2,13.0,24.0,17.8,1.3692,1.301
1317,Confidential,Data Scientist,1,8.5L,4.1L,18.5L,19,4.1,8.5,18.5,14.4,1.6941,1.301
6614,Tata Technologies,Data Scientist,0,6.6L,4.8L,9.2L,19,4.8,6.6,9.2,4.4,0.6667,1.301
3712,Nielsen,Data Scientist,1,7.0L,6.0L,10.0L,19,6.0,7.0,10.0,4.0,0.5714,1.301
8220,Kantar,Data Scientist,3,11.5L,6.4L,18.0L,19,6.4,11.5,18.0,11.6,1.0087,1.301
3175,Persistent Systems,Data Scientist,2,10.5L,5.8L,17.0L,19,5.8,10.5,17.0,11.2,1.0667,1.301
5745,Exl India,Data Scientist,1,14.0L,10.0L,18.0L,19,10.0,14.0,18.0,8.0,0.5714,1.301
1389,Blue Yonder,Data Scientist,3,20.6L,15.1L,26.0L,19,15.1,20.6,26.0,10.9,0.5291,1.301
8933,Brane Enterprises,Data Scientist,1,14.0L,8.0L,22.5L,19,8.0,14.0,22.5,14.5,1.0357,1.301
4768,Micron Technology,Data Scientist,0,16.4L,11.4L,25.0L,19,11.4,16.4,25.0,13.6,0.8293,1.301
4243,Indegene,Data Scientist,0,9.6L,8.0L,14.5L,18,8.0,9.6,14.5,6.5,0.6771,1.2788
8862,CARS24.com,Data Scientist,1,20.3L,14.5L,24.0L,18,14.5,20.3,24.0,9.5,0.468,1.2788
5418,GlobalLogic,Data Scientist,2,14.6L,4.0L,26.0L,18,4.0,14.6,26.0,22.0,1.5068,1.2788
4598,Maersk,Data Scientist,4,20.9L,14.0L,31.0L,18,14.0,20.9,31.0,17.0,0.8134,1.2788
5705,Barclays,Data Scientist,2,18.2L,13.6L,25.0L,18,13.6,18.2,25.0,11.4,0.6264,1.2788
7811,Indium Software,Data Scientist,1,7.9L,5.0L,12.0L,18,5.0,7.9,12.0,7.0,0.8861,1.2788
1171,Celebal Technologies,Data Scientist,0,8.6L,5.7L,13.0L,18,5.7,8.6,13.0,7.3,0.8488,1.2788
2793,Affine Analytics,Data Scientist,1,9.7L,6.3L,18.0L,18,6.3,9.7,18.0,11.7,1.2062,1.2788
3797,Fidelity Investment,Data Scientist,3,23.4L,13.8L,36.0L,18,13.8,23.4,36.0,22.2,0.9487,1.2788
3373,Jio Platforms,Data Scientist,2,13.9L,7.0L,23.0L,18,7.0,13.9,23.0,16.0,1.1511,1.2788
7971,Happiest Minds Technologies,Data Scientist,1,8.7L,5.2L,14.0L,17,5.2,8.7,14.0,8.8,1.0115,1.2553
5151,Adobe,Data Scientist,3,29.4L,20.0L,44.0L,17,20.0,29.4,44.0,24.0,0.8163,1.2553
7118,CitiusTech,Data Scientist,2,10.4L,5.8L,17.5L,17,5.8,10.4,17.5,11.7,1.125,1.2553
5497,Scienaptic Systems,Data Scientist,0,14.6L,8.0L,19.0L,17,8.0,14.6,19.0,11.0,0.7534,1.2553
2525,Boeing,Data Scientist,1,19.4L,13.5L,35.0L,17,13.5,19.4,35.0,21.5,1.1082,1.2553
2394,Citigroup,Data Scientist,1,18.4L,13.5L,27.5L,17,13.5,18.4,27.5,14.0,0.7609,1.2553
1823,Marlabs,Data Scientist,0,9.3L,5.5L,20.6L,16,5.5,9.3,20.6,15.1,1.6237,1.2304
1326,TransOrg Analytics,Data Scientist,1,9.4L,7.0L,13.5L,16,7.0,9.4,13.5,6.5,0.6915,1.2304
7642,T-Systems,Data Scientist,3,14.1L,7.8L,24.0L,16,7.8,14.1,24.0,16.2,1.1489,1.2304
6985,Sopra Steria,Data Scientist,3,12.1L,8.0L,19.7L,16,8.0,12.1,19.7,11.7,0.9669,1.2304
7237,Apexon,Data Scientist,2,7.5L,4.9L,10.8L,16,4.9,7.5,10.8,5.9,0.7867,1.2304
6915,Embibe,Data Scientist,0,16.6L,12.0L,21.0L,16,12.0,16.6,21.0,9.0,0.5422,1.2304
7668,Quest Global,Data Scientist,2,6.7L,4.8L,8.5L,16,4.8,6.7,8.5,3.7,0.5522,1.2304
4290,Harman Connected Services,Data Scientist,3,13.6L,7.0L,26.5L,16,7.0,13.6,26.5,19.5,1.4338,1.2304
2938,Exxon Mobil,Data Scientist,2,23.2L,14.0L,30.1L,16,14.0,23.2,30.1,16.1,0.694,1.2304
3809,Ugam Solution,Data Scientist,0,9.8L,5.0L,15.0L,16,5.0,9.8,15.0,10.0,1.0204,1.2304
4986,L&T Technology Services,Data Scientist,1,8.7L,4.3L,18.0L,16,4.3,8.7,18.0,13.7,1.5747,1.2304
6053,Credit Suisse,Data Scientist,2,17.4L,11.0L,26.0L,16,11.0,17.4,26.0,15.0,0.8621,1.2304
8474,Iris Software,Data Scientist,5,18.5L,11.5L,25.8L,16,11.5,18.5,25.8,14.3,0.773,1.2304
8125,Delhivery,Data Scientist,1,15.6L,10.0L,20.8L,16,10.0,15.6,20.8,10.8,0.6923,1.2304
3506,Abzooba India Infotech,Data Scientist,1,15.0L,8.5L,20.1L,16,8.5,15.0,20.1,11.6,0.7733,1.2304
2246,Sonata Software,Data Scientist,1,8.1L,4.8L,12.0L,15,4.8,8.1,12.0,7.2,0.8889,1.2041
2368,Incedo,Data Scientist,1,12.2L,7.0L,20.0L,15,7.0,12.2,20.0,13.0,1.0656,1.2041
5896,Go-Jek,Data Scientist,3,30.5L,16.5L,44.0L,15,16.5,30.5,44.0,27.5,0.9016,1.2041
8893,GE,Data Scientist,2,14.3L,8.4L,24.0L,15,8.4,14.3,24.0,15.6,1.0909,1.2041
8061,Fiserv,Data Scientist,3,12.1L,8.0L,17.0L,15,8.0,12.1,17.0,9.0,0.7438,1.2041
1973,UBS,Data Scientist,2,15.2L,10.2L,22.0L,15,10.2,15.2,22.0,11.8,0.7763,1.2041
7863,Quantiphi Analytics Solutions,Data Scientist,0,9.8L,7.0L,16.0L,15,7.0,9.8,16.0,9.0,0.9184,1.2041
1415,Amdocs,Data Scientist,2,8.5L,6.0L,12.0L,15,6.0,8.5,12.0,6.0,0.7059,1.2041
5973,Apple,Data Scientist,2,33.6L,8.2L,74.5L,15,8.2,33.6,74.5,66.3,1.9732,1.2041
7248,Oyo Rooms,Data Scientist,0,14.7L,10.0L,20.5L,14,10.0,14.7,20.5,10.5,0.7143,1.1761
4274,iOPEX Technologies,Data Scientist,1,7.9L,3.5L,12.0L,14,3.5,7.9,12.0,8.5,1.0759,1.1761
6032,Yash Technologies,Data Scientist,2,11.2L,7.5L,16.0L,14,7.5,11.2,16.0,8.5,0.7589,1.1761
5813,Franklin Templeton Investments,Data Scientist,3,27.7L,15.0L,45.0L,14,15.0,27.7,45.0,30.0,1.083,1.1761
8498,N+A,Data Scientist,0,8.6L,2.4L,15.0L,14,2.4,8.6,15.0,12.6,1.4651,1.1761
4553,ICICI Lombard General Insurance Company,Data Scientist,0,12.1L,7.4L,15.4L,14,7.4,12.1,15.4,8.0,0.6612,1.1761
3091,Reserve Bank Information Technology,Data Scientist,2,15.9L,8.0L,23.5L,14,8.0,15.9,23.5,15.5,0.9748,1.1761
5037,o9 Solutions,Data Scientist,1,13.8L,11.0L,17.5L,14,11.0,13.8,17.5,6.5,0.471,1.1761
8979,HTC Global Services,Data Scientist,1,6.4L,3.6L,10.0L,13,3.6,6.4,10.0,6.4,1.0,1.1461
2289,Accolite Digital,Data Scientist,0,14.5L,6.0L,19.5L,13,6.0,14.5,19.5,13.5,0.931,1.1461
8250,Wipro Digital,Data Scientist,1,11.1L,7.0L,17.5L,13,7.0,11.1,17.5,10.5,0.9459,1.1461
6861,CSS Corp,Data Scientist,0,10.2L,7.0L,14.5L,13,7.0,10.2,14.5,7.5,0.7353,1.1461
6434,Morgan Stanley,Data Scientist,2,18.1L,10.5L,23.6L,13,10.5,18.1,23.6,13.1,0.7238,1.1461
2855,Zee Entertainment Enterprises,Data Scientist,1,16.7L,13.2L,23.0L,13,13.2,16.7,23.0,9.8,0.5868,1.1461
6737,Ola Cabs,Data Scientist,1,21.9L,13.0L,30.0L,13,13.0,21.9,30.0,17.0,0.7763,1.1461
3242,NatWest Markets,Data Scientist,1,16.0L,11.0L,26.0L,13,11.0,16.0,26.0,15.0,0.9375,1.1461
7193,Myntra,Data Scientist,2,16.9L,8.3L,33.0L,13,8.3,16.9,33.0,24.7,1.4615,1.1461
4991,TCS,Business Analyst,2,6.9L,3.0L,12.0L,4200,3.0,6.9,12.0,9.0,1.3043,3.6234
5052,Accenture,Business Analyst,1,7.0L,2.7L,14.7L,1900,2.7,7.0,14.7,12.0,1.7143,3.279
4079,Genpact,Business Analyst,1,6.4L,4.5L,9.0L,1700,4.5,6.4,9.0,4.5,0.7031,3.2307
2938,Wipro,Business Analyst,2,8.6L,4.2L,15.5L,1200,4.2,8.6,15.5,11.3,1.314,3.0795
8747,Cognizant,Business Analyst,1,8.6L,4.5L,14.0L,1100,4.5,8.6,14.0,9.5,1.1047,3.0418
2705,Deloitte,Business Analyst,1,7.8L,5.0L,12.0L,991,5.0,7.8,12.0,7.0,0.8974,2.9965
5065,HCL Technologies,Business Analyst,1,6.6L,2.3L,14.2L,714,2.3,6.6,14.2,11.9,1.803,2.8543
6400,Evalueserve,Business Analyst,1,6.5L,4.7L,8.5L,693,4.7,6.5,8.5,3.8,0.5846,2.8414
5084,Infosys,Business Analyst,1,8.9L,4.4L,16.5L,692,4.4,8.9,16.5,12.1,1.3596,2.8407
3139,IBM,Business Analyst,2,8.3L,4.0L,16.0L,662,4.0,8.3,16.0,12.0,1.4458,2.8215
3059,DXC Technology,Business Analyst,2,7.7L,4.1L,13.0L,580,4.1,7.7,13.0,8.9,1.1558,2.7642
7033,Tech Mahindra,Business Analyst,2,7.6L,3.8L,15.0L,575,3.8,7.6,15.0,11.2,1.4737,2.7604
4422,American Express,Business Analyst,1,8.3L,3.0L,19.0L,539,3.0,8.3,19.0,16.0,1.9277,2.7324
3828,Capgemini,Business Analyst,2,9.1L,4.3L,15.0L,531,4.3,9.1,15.0,10.7,1.1758,2.7259
3430,Societe Generale,Business Analyst,3,13.5L,7.6L,21.0L,514,7.6,13.5,21.0,13.4,0.9926,2.7118
8905,EXL Service,Business Analyst,0,6.2L,4.5L,8.5L,476,4.5,6.2,8.5,4.0,0.6452,2.6785
2779,Amazon,Business Analyst,2,11.3L,4.8L,20.0L,445,4.8,11.3,20.0,15.2,1.3451,2.6493
1062,HSBC,Business Analyst,2,12.1L,5.0L,21.0L,382,5.0,12.1,21.0,16.0,1.3223,2.5832
3008,ICICI Bank,Business Analyst,1,6.7L,4.0L,12.6L,326,4.0,6.7,12.6,8.6,1.2836,2.5145
4230,JP Morgan Chase,Business Analyst,2,12.4L,5.7L,21.7L,323,5.7,12.4,21.7,16.0,1.2903,2.5105
8110,Zomato,Business Analyst,1,10.7L,8.3L,12.0L,274,8.3,10.7,12.0,3.7,0.3458,2.4393
2571,L&T Infotech,Business Analyst,2,9.7L,4.5L,16.6L,271,4.5,9.7,16.6,12.1,1.2474,2.4346
3742,Shell,Business Analyst,4,19.5L,12.0L,30.0L,258,12.0,19.5,30.0,18.0,0.9231,2.4133
8882,Barclays,Business Analyst,2,12.3L,5.5L,19.4L,255,5.5,12.3,19.4,13.9,1.1301,2.4082
5353,Cgi Group,Business Analyst,2,6.9L,4.7L,11.0L,252,4.7,6.9,11.0,6.3,0.913,2.4031
6214,Oracle,Business Analyst,1,5.5L,3.4L,10.0L,243,3.4,5.5,10.0,6.6,1.2,2.3874
2810,Amdocs,Business Analyst,4,12.1L,6.8L,20.0L,236,6.8,12.1,20.0,13.2,1.0909,2.3747
6444,Conduent,Business Analyst,2,6.1L,4.0L,9.4L,225,4.0,6.1,9.4,5.4,0.8852,2.3541
4340,Fidelity National Information Services,Business Analyst,3,10.8L,5.8L,18.0L,214,5.8,10.8,18.0,12.2,1.1296,2.3324
8629,HDFC Bank,Business Analyst,2,7.9L,4.1L,12.0L,208,4.1,7.9,12.0,7.9,1.0,2.3201
8282,Novo Nordisk,Business Analyst,4,11.5L,8.0L,15.2L,207,8.0,11.5,15.2,7.2,0.6261,2.3181
5935,Axis Bank,Business Analyst,1,9.7L,4.2L,15.0L,199,4.2,9.7,15.0,10.8,1.1134,2.301
6202,Ernst & Young,Business Analyst,1,8.8L,4.0L,20.0L,198,4.0,8.8,20.0,16.0,1.8182,2.2989
3346,Credit Suisse,Business Analyst,2,15.2L,10.0L,23.0L,179,10.0,15.2,23.0,13.0,0.8553,2.2553
5309,Hewlett-Packard Enterprise,Business Analyst,2,6.7L,3.6L,11.5L,175,3.6,6.7,11.5,7.9,1.1791,2.2455
4779,CG Foods,Business Analyst,0,4.8L,2.0L,10.0L,175,2.0,4.8,10.0,8.0,1.6667,2.2455
1279,Quantiphi Analytics Solutions,Business Analyst,0,8.9L,6.5L,13.0L,167,6.5,8.9,13.0,6.5,0.7303,2.2253
8859,NetCracker,Business Analyst,5,18.7L,12.0L,28.0L,159,12.0,18.7,28.0,16.0,0.8556,2.2041
7549,Oyo Rooms,Business Analyst,0,10.2L,6.0L,14.0L,153,6.0,10.2,14.0,8.0,0.7843,2.1875
1356,VMware Software,Business Analyst,3,9.8L,6.0L,15.0L,153,6.0,9.8,15.0,9.0,0.9184,2.1875
8080,Mphasis,Business Analyst,1,10.0L,3.5L,19.0L,151,3.5,10.0,19.0,15.5,1.55,2.1818
1024,Exl India,Business Analyst,0,6.3L,4.5L,8.6L,147,4.5,6.3,8.6,4.1,0.6508,2.1703
1469,Mindtree,Business Analyst,2,9.5L,5.5L,15.0L,144,5.5,9.5,15.0,9.5,1.0,2.1614
6070,Newgen Software Technologies,Business Analyst,2,9.3L,7.0L,11.5L,138,7.0,9.3,11.5,4.5,0.4839,2.143
7204,NTT DATA,Business Analyst,2,7.3L,4.5L,14.0L,133,4.5,7.3,14.0,9.5,1.3014,2.1271
2033,Hexaware Technologies,Business Analyst,2,10.0L,4.2L,16.8L,131,4.2,10.0,16.8,12.6,1.26,2.1206
3208,Temenos,Business Analyst,2,8.8L,5.6L,12.2L,128,5.6,8.8,12.2,6.6,0.75,2.1106
8095,Wells Fargo India,Business Analyst,3,12.0L,6.2L,20.8L,128,6.2,12.0,20.8,14.6,1.2167,2.1106
7113,Barclays Shared Services,Business Analyst,1,8.3L,3.8L,14.2L,127,3.8,8.3,14.2,10.4,1.253,2.1072
6065,Bridgei2i Analytics Solutions,Business Analyst,0,6.0L,5.0L,8.0L,124,5.0,6.0,8.0,3.0,0.5,2.0969
4560,Tata Technologies,Business Analyst,3,6.4L,4.3L,8.9L,119,4.3,6.4,8.9,4.6,0.7188,2.0792
4770,Standard Chartered Bank,Business Analyst,2,12.0L,6.0L,20.0L,117,6.0,12.0,20.0,14.0,1.1667,2.0719
6767,Mu Sigma,Business Analyst,1,6.9L,5.5L,9.0L,116,5.5,6.9,9.0,3.5,0.5072,2.0682
1792,Virtusa Consulting Services,Business Analyst,2,10.6L,5.0L,18.5L,111,5.0,10.6,18.5,13.5,1.2736,2.0492
7720,Allianz Technology,Business Analyst,3,8.2L,5.1L,12.0L,110,5.1,8.2,12.0,6.9,0.8415,2.0453
8920,Kotak Mahindra Bank,Business Analyst,1,7.5L,3.0L,15.5L,106,3.0,7.5,15.5,12.5,1.6667,2.0294
4868,Citicorp,Business Analyst,2,15.6L,7.8L,21.3L,106,7.8,15.6,21.3,13.5,0.8654,2.0294
6540,BNP Paribas,Business Analyst,3,10.7L,6.7L,16.3L,105,6.7,10.7,16.3,9.6,0.8972,2.0253
5094,UST,Business Analyst,3,11.1L,5.5L,17.5L,103,5.5,11.1,17.5,12.0,1.0811,2.017
2991,Flipkart,Business Analyst,1,12.3L,4.7L,18.9L,103,4.7,12.3,18.9,14.2,1.1545,2.017
2187,Barclays Global Service Centre,Business Analyst,1,11.7L,4.5L,21.6L,102,4.5,11.7,21.6,17.1,1.4615,2.0128
1495,BNY Mellon,Business Analyst,3,8.5L,4.5L,17.5L,101,4.5,8.5,17.5,13.0,1.5294,2.0086
4249,Optum,Business Analyst,2,8.6L,4.8L,17.1L,100,4.8,8.6,17.1,12.3,1.4302,2.0043
1651,Ola Cabs,Business Analyst,0,11.3L,7.7L,15.0L,99,7.7,11.3,15.0,7.3,0.646,2.0
5470,UBS,Business Analyst,2,14.5L,7.5L,23.5L,97,7.5,14.5,23.5,16.0,1.1034,1.9912
6625,Odessa,Business Analyst,1,11.0L,8.4L,13.0L,96,8.4,11.0,13.0,4.6,0.4182,1.9868
3764,bnp paribas india solutions,Business Analyst,3,10.2L,6.5L,15.0L,96,6.5,10.2,15.0,8.5,0.8333,1.9868
4233,UnitedHealth,Business Analyst,2,8.3L,5.0L,13.0L,95,5.0,8.3,13.0,8.0,0.9639,1.9823
4270,HCL Technologies BPO Services,Business Analyst,1,2.3L,1.6L,4.0L,95,1.6,2.3,4.0,2.4,1.0435,1.9823
5516,Ramco Systems,Business Analyst,1,7.6L,4.5L,10.5L,94,4.5,7.6,10.5,6.0,0.7895,1.9777
3290,Tredence,Business Analyst,0,6.9L,6.1L,8.5L,92,6.1,6.9,8.5,2.4,0.3478,1.9685
4802,Novartis Healthcare,Business Analyst,1,10.0L,7.0L,14.2L,92,7.0,10.0,14.2,7.2,0.72,1.9685
1167,Atos Syntel,Business Analyst,2,7.6L,4.0L,13.0L,92,4.0,7.6,13.0,9.0,1.1842,1.9685
2387,Cisco Systems,Business Analyst,2,12.5L,6.0L,20.5L,90,6.0,12.5,20.5,14.5,1.16,1.959
6351,ITC Infotech India,Business Analyst,1,7.8L,4.5L,14.0L,90,4.5,7.8,14.0,9.5,1.2179,1.959
5121,Deutsche Bank,Business Analyst,2,9.1L,3.3L,19.0L,89,3.3,9.1,19.0,15.7,1.7253,1.9542
8507,Dell,Business Analyst,2,7.0L,4.6L,10.2L,89,4.6,7.0,10.2,5.6,0.8,1.9542
5516,Paytm,Business Analyst,1,7.7L,3.9L,15.0L,89,3.9,7.7,15.0,11.1,1.4416,1.9542
1192,3i Infotech,Business Analyst,1,6.1L,3.9L,8.8L,88,3.9,6.1,8.8,4.9,0.8033,1.9494
1140,KPMG,Business Analyst,1,8.2L,3.6L,16.0L,87,3.6,8.2,16.0,12.4,1.5122,1.9445
6905,Fiserv,Business Analyst,3,11.6L,7.0L,20.0L,86,7.0,11.6,20.0,13.0,1.1207,1.9395
5289,Zensar Technologies,Business Analyst,2,6.7L,4.1L,14.5L,85,4.1,6.7,14.5,10.4,1.5522,1.9345
6445,Legato Health Technologies,Business Analyst,3,8.0L,5.0L,14.0L,85,5.0,8.0,14.0,9.0,1.125,1.9345
5643,Swiggy,Business Analyst,1,13.2L,8.0L,16.5L,85,8.0,13.2,16.5,8.5,0.6439,1.9345
2750,GEP Worldwide,Business Analyst,0,6.4L,5.0L,8.5L,84,5.0,6.4,8.5,3.5,0.5469,1.9294
3854,Intellect Design Arena,Business Analyst,2,11.2L,5.8L,16.7L,83,5.8,11.2,16.7,10.9,0.9732,1.9243
8135,Standard Chartered Global Business Services,Business Analyst,2,12.7L,5.6L,23.2L,81,5.6,12.7,23.2,17.6,1.3858,1.9138
8247,ZS,Business Analyst,1,9.6L,7.0L,12.8L,80,7.0,9.6,12.8,5.8,0.6042,1.9085
8221,Concentrix Corporation,Business Analyst,1,5.4L,2.8L,12.0L,80,2.8,5.4,12.0,9.2,1.7037,1.9085
1921,Reliance jio,Business Analyst,1,6.8L,3.6L,15.0L,79,3.6,6.8,15.0,11.4,1.6765,1.9031
3848,NatWest Group,Business Analyst,2,9.5L,3.5L,18.8L,79,3.5,9.5,18.8,15.3,1.6105,1.9031
2691,IQVIA,Business Analyst,1,8.3L,4.5L,16.7L,78,4.5,8.3,16.7,12.2,1.4699,1.8976
4898,PwC,Business Analyst,1,9.9L,4.5L,17.5L,77,4.5,9.9,17.5,13.0,1.3131,1.8921
5810,ValueMomentum,Business Analyst,1,6.1L,3.8L,9.5L,75,3.8,6.1,9.5,5.7,0.9344,1.8808
8392,ADP Solutions,Business Analyst,3,8.2L,5.3L,15.1L,74,5.3,8.2,15.1,9.8,1.1951,1.8751
8346,Provana,Business Analyst,1,4.8L,3.5L,6.5L,73,3.5,4.8,6.5,3.0,0.625,1.8692
7378,ANR Software,Business Analyst,1,4.5L,3.1L,7.0L,71,3.1,4.5,7.0,3.9,0.8667,1.8573
5916,WNS,Business Analyst,1,6.8L,3.8L,12.0L,69,3.8,6.8,12.0,8.2,1.2059,1.8451
4347,Oracle Financial Services Software,Business Analyst,3,10.2L,5.6L,16.5L,69,5.6,10.2,16.5,10.9,1.0686,1.8451
2581,RevGurus Info India,Business Analyst,0,8.3L,5.8L,11.0L,68,5.8,8.3,11.0,5.2,0.6265,1.8388
5789,Sapiens,Business Analyst,2,12.5L,8.0L,16.7L,67,8.0,12.5,16.7,8.7,0.696,1.8325
4982,Etech Global Services,Business Analyst,1,6.4L,4.4L,8.4L,67,4.4,6.4,8.4,4.0,0.625,1.8325
4049,Citibank,Business Analyst,2,16.7L,8.0L,24.3L,66,8.0,16.7,24.3,16.3,0.976,1.8261
6179,Coforge,Business Analyst,5,16.1L,8.3L,24.0L,66,8.3,16.1,24.0,15.7,0.9752,1.8261
6543,ABC,Business Analyst,3,13.6L,5.2L,25.0L,63,5.2,13.6,25.0,19.8,1.4559,1.8062
6658,Merkle Sokrati,Business Analyst,0,4.5L,4.2L,5.0L,61,4.2,4.5,5.0,0.8,0.1778,1.7924
7891,First Source,Business Analyst,1,4.4L,2.7L,7.0L,60,2.7,4.4,7.0,4.3,0.9773,1.7853
3364,Meesho,Business Analyst,0,14.0L,8.5L,18.0L,60,8.5,14.0,18.0,9.5,0.6786,1.7853
3070,Ebix Software India,Business Analyst,2,7.0L,4.5L,11.5L,60,4.5,7.0,11.5,7.0,1.0,1.7853
3864,Indus Valley Partners,Business Analyst,1,17.0L,14.0L,20.0L,60,14.0,17.0,20.0,6.0,0.3529,1.7853
7264,Schlumberger,Business Analyst,3,14.5L,9.0L,21.0L,59,9.0,14.5,21.0,12.0,0.8276,1.7782
5586,Capita,Business Analyst,1,5.9L,2.3L,13.0L,58,2.3,5.9,13.0,10.7,1.8136,1.7709
4648,CRMnext,Business Analyst,1,6.6L,5.0L,8.0L,58,5.0,6.6,8.0,3.0,0.4545,1.7709
1910,NeoSoft Technologies,Business Analyst,1,6.9L,3.1L,10.0L,57,3.1,6.9,10.0,6.9,1.0,1.7634
4406,NSE.IT,Business Analyst,1,6.8L,3.5L,12.5L,56,3.5,6.8,12.5,9.0,1.3235,1.7559
8516,Nokia,Business Analyst,2,9.3L,5.5L,16.6L,56,5.5,9.3,16.6,11.1,1.1935,1.7559
8166,Capco Technologies,Business Analyst,3,13.9L,6.0L,22.0L,56,6.0,13.9,22.0,16.0,1.1511,1.7559
6012,eClerx,Business Analyst,1,3.7L,2.3L,9.3L,55,2.3,3.7,9.3,7.0,1.8919,1.7482
7955,Affine Analytics,Business Analyst,0,6.8L,6.0L,8.3L,55,6.0,6.8,8.3,2.3,0.3382,1.7482
6869,Exela Technologies,Business Analyst,3,8.3L,5.1L,12.0L,54,5.1,8.3,12.0,6.9,0.8313,1.7404
8158,Analytics Quotient,Business Analyst,1,5.3L,4.0L,6.8L,53,4.0,5.3,6.8,2.8,0.5283,1.7324
6463,NIIT Technologies,Business Analyst,3,11.1L,7.0L,17.8L,53,7.0,11.1,17.8,10.8,0.973,1.7324
6317,QualityKiosk Technologies,Business Analyst,2,7.7L,3.6L,13.0L,53,3.6,7.7,13.0,9.4,1.2208,1.7324
3504,Fidelity Investment,Business Analyst,2,9.9L,6.8L,16.0L,53,6.8,9.9,16.0,9.2,0.9293,1.7324
8269,Altisource,Business Analyst,2,5.5L,3.3L,9.0L,52,3.3,5.5,9.0,5.7,1.0364,1.7243
6308,Polestar Solutions & Services India,Business Analyst,0,6.1L,4.2L,8.8L,52,4.2,6.1,8.8,4.6,0.7541,1.7243
1955,Veeraraghavan & Company,Business Analyst,0,1.7L,1.2L,2.3L,52,1.2,1.7,2.3,1.1,0.6471,1.7243
1490,Verizon,Business Analyst,3,10.5L,6.3L,16.3L,51,6.3,10.5,16.3,10.0,0.9524,1.716
3225,BYJU'S,Business Analyst,1,7.7L,4.0L,13.0L,51,4.0,7.7,13.0,9.0,1.1688,1.716
8151,Bank of America,Business Analyst,3,14.1L,8.1L,21.5L,51,8.1,14.1,21.5,13.4,0.9504,1.716
4840,Better.com,Business Analyst,1,7.8L,6.0L,11.2L,51,6.0,7.8,11.2,5.2,0.6667,1.716
2920,KJ System,Business Analyst,1,2.9L,2.4L,3.6L,50,2.4,2.9,3.6,1.2,0.4138,1.7076
3477,ValueLabs,Business Analyst,4,11.3L,6.1L,18.5L,50,6.1,11.3,18.5,12.4,1.0973,1.7076
7643,Xyz Company,Business Analyst,3,12.3L,4.4L,23.0L,50,4.4,12.3,23.0,18.6,1.5122,1.7076
6286,IndusInd Bank,Business Analyst,2,8.0L,4.0L,14.3L,49,4.0,8.0,14.3,10.3,1.2875,1.699
3570,Vinculum Solutions,Business Analyst,1,8.8L,6.0L,13.0L,49,6.0,8.8,13.0,7.0,0.7955,1.699
6981,Confidential,Business Analyst,1,8.3L,4.2L,16.0L,49,4.2,8.3,16.0,11.8,1.4217,1.699
7654,Infosys BPM,Business Analyst,0,6.0L,2.5L,13.0L,49,2.5,6.0,13.0,10.5,1.75,1.699
2332,General Mills,Business Analyst,2,9.7L,7.0L,12.0L,48,7.0,9.7,12.0,5.0,0.5155,1.6902
6733,Yash Technologies,Business Analyst,4,8.9L,6.1L,12.3L,48,6.1,8.9,12.3,6.2,0.6966,1.6902
8293,Shipco Transport,Business Analyst,1,3.4L,2.1L,5.0L,48,2.1,3.4,5.0,2.9,0.8529,1.6902
4542,Aon,Business Analyst,2,5.4L,3.5L,9.6L,48,3.5,5.4,9.6,6.1,1.1296,1.6902
3305,Persistent Systems,Business Analyst,4,12.5L,8.5L,18.4L,48,8.5,12.5,18.4,9.9,0.792,1.6902
5723,Unisys,Business Analyst,2,7.7L,4.0L,12.0L,48,4.0,7.7,12.0,8.0,1.039,1.6902
8884,Azentio,Business Analyst,0,7.1L,4.3L,11.0L,47,4.3,7.1,11.0,6.7,0.9437,1.6812
5848,Synechron,Business Analyst,4,16.4L,9.9L,22.0L,46,9.9,16.4,22.0,12.1,0.7378,1.6721
5704,Ford Motor,Business Analyst,2,8.1L,2.9L,14.0L,46,2.9,8.1,14.0,11.1,1.3704,1.6721
6202,Birlasoft,Business Analyst,2,8.5L,4.5L,15.0L,45,4.5,8.5,15.0,10.5,1.2353,1.6628
5757,Cybage,Business Analyst,5,14.6L,10.1L,20.0L,45,10.1,14.6,20.0,9.9,0.6781,1.6628
7343,Lentra AI,Business Analyst,1,6.8L,4.1L,11.0L,45,4.1,6.8,11.0,6.9,1.0147,1.6628
5725,N+A,Business Analyst,1,6.3L,2.5L,11.0L,44,2.5,6.3,11.0,8.5,1.3492,1.6532
5330,IVY Comptech,Business Analyst,4,14.6L,8.5L,20.0L,44,8.5,14.6,20.0,11.5,0.7877,1.6532
6304,S&P Global,Business Analyst,3,11.1L,7.5L,17.0L,44,7.5,11.1,17.0,9.5,0.8559,1.6532
8355,Gartner,Business Analyst,1,14.2L,10.0L,19.0L,44,10.0,14.2,19.0,9.0,0.6338,1.6532
5784,Acidaes Solutions,Business Analyst,2,7.0L,5.0L,10.0L,43,5.0,7.0,10.0,5.0,0.7143,1.6435
1805,Udaan,Business Analyst,1,11.6L,4.8L,18.0L,43,4.8,11.6,18.0,13.2,1.1379,1.6435
5597,Reliance Industries,Business Analyst,2,8.1L,4.9L,14.4L,43,4.9,8.1,14.4,9.5,1.1728,1.6435
6864,Dell EMC,Business Analyst,2,6.6L,3.8L,10.1L,43,3.8,6.6,10.1,6.3,0.9545,1.6435
1260,GlobalLogic,Business Analyst,2,9.0L,2.5L,20.0L,43,2.5,9.0,20.0,17.5,1.9444,1.6435
4239,eClinicalWorks,Business Analyst,2,5.3L,3.8L,8.3L,43,3.8,5.3,8.3,4.5,0.8491,1.6435
8383,ThoughtWorks,Business Analyst,2,14.7L,8.5L,26.0L,43,8.5,14.7,26.0,17.5,1.1905,1.6435
8983,Landmark Group,Business Analyst,2,11.6L,7.5L,15.0L,43,7.5,11.6,15.0,7.5,0.6466,1.6435
5379,Merilytics,Business Analyst,0,7.0L,5.5L,8.0L,42,5.5,7.0,8.0,2.5,0.3571,1.6335
2570,Care Health Insurance,Business Analyst,0,5.9L,3.3L,8.4L,42,3.3,5.9,8.4,5.1,0.8644,1.6335
8704,Epsilon,Business Analyst,2,9.7L,6.0L,16.5L,41,6.0,9.7,16.5,10.5,1.0825,1.6232
8052,Gartner India Research and Advisory Services,Business Analyst,2,15.4L,10.0L,20.0L,41,10.0,15.4,20.0,10.0,0.6494,1.6232
4612,Globant,Business Analyst,3,13.3L,9.0L,20.9L,41,9.0,13.3,20.9,11.9,0.8947,1.6232
8989,Franklin Templeton Investments,Business Analyst,4,8.2L,4.7L,12.5L,40,4.7,8.2,12.5,7.8,0.9512,1.6128
7073,Atidiv,Business Analyst,1,3.0L,2.2L,4.0L,40,2.2,3.0,4.0,1.8,0.6,1.6128
2955,Maersk,Business Analyst,4,8.9L,5.0L,16.0L,40,5.0,8.9,16.0,11.0,1.236,1.6128
5049,Pboplus Consulting Services,Business Analyst,0,4.0L,3.0L,5.2L,40,3.0,4.0,5.2,2.2,0.55,1.6128
3691,Reliance Retail,Business Analyst,1,7.0L,3.5L,13.0L,40,3.5,7.0,13.0,9.5,1.3571,1.6128
5111,Larsen & Toubro Limited,Business Analyst,0,8.5L,3.8L,14.0L,40,3.8,8.5,14.0,10.2,1.2,1.6128
8570,TEKsystems,Business Analyst,3,12.0L,7.1L,18.5L,40,7.1,12.0,18.5,11.4,0.95,1.6128
5275,Hindustan Unilever,Business Analyst,2,7.1L,3.4L,10.7L,39,3.4,7.1,10.7,7.3,1.0282,1.6021
7690,Tata Communications,Business Analyst,1,5.0L,2.9L,9.2L,39,2.9,5.0,9.2,6.3,1.26,1.6021
5978,Ameriprise Financial,Business Analyst,1,5.9L,3.9L,9.3L,39,3.9,5.9,9.3,5.4,0.9153,1.6021
5323,Goldman Sachs,Business Analyst,0,14.9L,6.5L,30.0L,39,6.5,14.9,30.0,23.5,1.5772,1.6021
5204,Factspan Analytics,Business Analyst,1,8.1L,6.5L,10.0L,39,6.5,8.1,10.0,3.5,0.4321,1.6021
6064,MSC Technology India,Business Analyst,1,4.3L,2.9L,5.7L,39,2.9,4.3,5.7,2.8,0.6512,1.6021
3744,Simplify Healthcare,Business Analyst,1,5.8L,4.0L,9.5L,39,4.0,5.8,9.5,5.5,0.9483,1.6021
6436,CMS Computers Limited (INDIA),Business Analyst,1,4.0L,2.6L,6.0L,39,2.6,4.0,6.0,3.4,0.85,1.6021
1909,Fluentgrid,Business Analyst,2,5.5L,3.2L,8.8L,38,3.2,5.5,8.8,5.6,1.0182,1.5911
6352,Bajaj Finserv,Business Analyst,1,9.0L,3.8L,13.0L,38,3.8,9.0,13.0,9.2,1.0222,1.5911
7099,Ericsson,Business Analyst,3,9.7L,5.1L,16.0L,38,5.1,9.7,16.0,10.9,1.1237,1.5911
4181,Sonata Software,Business Analyst,1,7.8L,5.0L,11.5L,37,5.0,7.8,11.5,6.5,0.8333,1.5798
8230,CitiusTech,Business Analyst,2,9.0L,6.4L,12.1L,37,6.4,9.0,12.1,5.7,0.6333,1.5798
7723,R1 RCM,Business Analyst,1,3.8L,2.7L,6.7L,37,2.7,3.8,6.7,4.0,1.0526,1.5798
1525,TCS,Data Analyst,1,4.7L,2.4L,8.9L,1600,2.4,4.7,8.9,6.5,1.383,3.2044
5783,Cognizant,Data Analyst,1,5.5L,2.9L,8.3L,1200,2.9,5.5,8.3,5.4,0.9818,3.0795
3384,Accenture,Data Analyst,1,5.2L,2.3L,11.0L,1100,2.3,5.2,11.0,8.7,1.6731,3.0418
3229,Capgemini,Data Analyst,0,4.6L,3.0L,9.0L,485,3.0,4.6,9.0,6.0,1.3043,2.6866
3865,Wipro,Data Analyst,1,4.8L,2.2L,9.0L,475,2.2,4.8,9.0,6.8,1.4167,2.6776
4313,GlobalLogic,Data Analyst,1,2.5L,2.0L,3.5L,415,2.0,2.5,3.5,1.5,0.6,2.6191
7435,Tech Mahindra,Data Analyst,1,4.6L,2.2L,7.5L,397,2.2,4.6,7.5,5.3,1.1522,2.5999
7620,Amazon,Data Analyst,1,5.2L,2.5L,15.3L,380,2.5,5.2,15.3,12.8,2.4615,2.5809
5722,Infosys,Data Analyst,1,5.7L,3.4L,12.0L,323,3.4,5.7,12.0,8.6,1.5088,2.5105
4754,HCL Technologies,Data Analyst,1,4.5L,2.4L,9.5L,320,2.4,4.5,9.5,7.1,1.5778,2.5065
8750,eClerx,Data Analyst,0,2.5L,2.0L,3.9L,302,2.0,2.5,3.9,1.9,0.76,2.4814
5265,IBM,Data Analyst,2,7.6L,4.0L,15.5L,297,4.0,7.6,15.5,11.5,1.5132,2.4742
1932,Ernst & Young,Data Analyst,1,5.8L,3.4L,10.5L,297,3.4,5.8,10.5,7.1,1.2241,2.4742
7089,Flipkart,Data Analyst,1,5.9L,3.2L,12.0L,241,3.2,5.9,12.0,8.8,1.4915,2.3838
1715,Genpact,Data Analyst,1,4.7L,2.5L,9.0L,228,2.5,4.7,9.0,6.5,1.383,2.3598
7423,Optum,Data Analyst,2,12.8L,6.0L,19.0L,219,6.0,12.8,19.0,13.0,1.0156,2.3424
5924,Concentrix Corporation,Data Analyst,1,3.9L,2.4L,6.3L,209,2.4,3.9,6.3,3.9,1.0,2.3222
1495,Deloitte,Data Analyst,1,7.6L,4.3L,13.0L,202,4.3,7.6,13.0,8.7,1.1447,2.3075
7677,Zen3 Info Solutions,Data Analyst,1,3.1L,2.2L,4.2L,188,2.2,3.1,4.2,2.0,0.6452,2.2765
7125,Unilog Content Solutions ( P),Data Analyst,1,2.5L,2.0L,3.2L,181,2.0,2.5,3.2,1.2,0.48,2.2601
4866,Cogencis Information Services,Data Analyst,1,1.7L,1.2L,2.6L,175,1.2,1.7,2.6,1.4,0.8235,2.2455
5305,UnitedHealth,Data Analyst,2,10.7L,3.3L,18.0L,171,3.3,10.7,18.0,14.7,1.3738,2.2355
4292,Qualsquad Infotech,Data Analyst,0,2.0L,1.1L,3.0L,149,1.1,2.0,3.0,1.9,0.95,2.1761
2746,NTT DATA,Data Analyst,1,4.3L,2.1L,8.0L,138,2.1,4.3,8.0,5.9,1.3721,2.143
7855,InnovAccer,Data Analyst,0,9.2L,5.0L,13.0L,137,5.0,9.2,13.0,8.0,0.8696,2.1399
8565,Teleperformance,Data Analyst,1,2.4L,1.8L,4.4L,132,1.8,2.4,4.4,2.6,1.0833,2.1239
1372,Mindtree,Data Analyst,1,5.6L,4.0L,9.6L,132,4.0,5.6,9.6,5.6,1.0,2.1239
4169,Ericsson,Data Analyst,2,5.8L,4.0L,10.0L,126,4.0,5.8,10.0,6.0,1.0345,2.1038
8066,Apex CoVantage,Data Analyst,0,1.8L,1.1L,3.0L,123,1.1,1.8,3.0,1.9,1.0556,2.0934
8119,Tiger Analytics,Data Analyst,0,8.8L,7.5L,12.0L,120,7.5,8.8,12.0,4.5,0.5114,2.0828
6492,Cyient,Data Analyst,1,3.4L,1.8L,6.7L,119,1.8,3.4,6.7,4.9,1.4412,2.0792
6332,Urjanet Energy Solutions,Data Analyst,1,2.7L,2.0L,4.2L,118,2.0,2.7,4.2,2.2,0.8148,2.0755
8641,HSBC,Data Analyst,1,8.0L,3.4L,12.4L,117,3.4,8.0,12.4,9.0,1.125,2.0719
4076,DXC Technology,Data Analyst,1,5.4L,3.7L,10.2L,109,3.7,5.4,10.2,6.5,1.2037,2.0414
8361,QUADRANT RESOURCE LLC,Data Analyst,1,3.0L,1.5L,4.0L,109,1.5,3.0,4.0,2.5,0.8333,2.0414
4918,PwC,Data Analyst,0,6.3L,3.2L,12.0L,108,3.2,6.3,12.0,8.8,1.3968,2.0374
2323,LatentView Analytics,Data Analyst,0,6.3L,5.0L,9.0L,104,5.0,6.3,9.0,4.0,0.6349,2.0212
7136,EXL Service,Data Analyst,1,5.0L,2.2L,9.1L,102,2.2,5.0,9.1,6.9,1.38,2.0128
1520,KPMG,Data Analyst,1,6.7L,3.0L,12.0L,100,3.0,6.7,12.0,9.0,1.3433,2.0043
3875,WNS,Data Analyst,1,5.2L,2.0L,8.9L,98,2.0,5.2,8.9,6.9,1.3269,1.9956
7181,Myntra,Data Analyst,1,9.6L,4.8L,14.0L,98,4.8,9.6,14.0,9.2,0.9583,1.9956
7233,IQVIA,Data Analyst,1,7.3L,4.1L,12.0L,96,4.1,7.3,12.0,7.9,1.0822,1.9868
4383,Ugam Solution,Data Analyst,0,4.6L,1.8L,8.0L,92,1.8,4.6,8.0,6.2,1.3478,1.9685
6109,Bharti Airtel,Data Analyst,1,4.6L,2.6L,11.0L,90,2.6,4.6,11.0,8.4,1.8261,1.959
6498,ICICI Bank,Data Analyst,1,4.9L,2.5L,10.0L,82,2.5,4.9,10.0,7.5,1.5306,1.9191
8086,Walmart,Data Analyst,1,13.9L,3.8L,30.0L,81,3.8,13.9,30.0,26.2,1.8849,1.9138
1929,JP Morgan Chase,Data Analyst,2,10.0L,4.1L,20.0L,81,4.1,10.0,20.0,15.9,1.59,1.9138
8720,Kantar,Data Analyst,1,4.2L,3.0L,5.7L,79,3.0,4.2,5.7,2.7,0.6429,1.9031
6312,S&P Global,Data Analyst,1,4.4L,3.1L,8.0L,79,3.1,4.4,8.0,4.9,1.1136,1.9031
2787,Axtria,Data Analyst,0,8.8L,6.0L,13.5L,77,6.0,8.8,13.5,7.5,0.8523,1.8921
7507,L&T Infotech,Data Analyst,1,6.6L,3.8L,14.5L,77,3.8,6.6,14.5,10.7,1.6212,1.8921
8608,Nielsen,Data Analyst,1,4.0L,2.4L,7.3L,75,2.4,4.0,7.3,4.9,1.225,1.8808
1390,Citicorp,Data Analyst,1,12.2L,8.5L,17.1L,75,8.5,12.2,17.1,8.6,0.7049,1.8808
3695,Morningstar,Data Analyst,0,3.6L,3.0L,4.8L,74,3.0,3.6,4.8,1.8,0.5,1.8751
7277,TheMathCompany,Data Analyst,0,5.2L,4.5L,8.0L,73,4.5,5.2,8.0,3.5,0.6731,1.8692
2940,Hewlett-Packard Enterprise,Data Analyst,2,6.6L,3.5L,10.0L,72,3.5,6.6,10.0,6.5,0.9848,1.8633
1814,Datamatics Global Services,Data Analyst,0,2.1L,1.0L,5.4L,72,1.0,2.1,5.4,4.4,2.0952,1.8633
6717,HERE Technologies,Data Analyst,0,2.6L,2.0L,4.0L,72,2.0,2.6,4.0,2.0,0.7692,1.8633
4960,HDFC Bank,Data Analyst,1,4.6L,2.0L,10.3L,69,2.0,4.6,10.3,8.3,1.8043,1.8451
5694,Nvidia,Data Analyst,1,3.3L,2.5L,4.1L,69,2.5,3.3,4.1,1.6,0.4848,1.8451
4017,Dell,Data Analyst,1,5.8L,2.5L,12.0L,68,2.5,5.8,12.0,9.5,1.6379,1.8388
8562,Zensar Technologies,Data Analyst,1,4.4L,2.9L,6.5L,67,2.9,4.4,6.5,3.6,0.8182,1.8325
2088,Vodafone Idea,Data Analyst,2,5.7L,3.0L,11.0L,67,3.0,5.7,11.0,8.0,1.4035,1.8325
1519,Ardem Data Services,Data Analyst,0,1.9L,1.1L,3.0L,67,1.1,1.9,3.0,1.9,1.0,1.8325
2675,Fiserv,Data Analyst,2,11.5L,6.0L,17.0L,66,6.0,11.5,17.0,11.0,0.9565,1.8261
1742,Verificient Technologies,Data Analyst,0,2.2L,1.8L,3.3L,65,1.8,2.2,3.3,1.5,0.6818,1.8195
3495,CRG Solutions,Data Analyst,1,5.8L,3.7L,9.0L,64,3.7,5.8,9.0,5.3,0.9138,1.8129
6385,Oracle,Data Analyst,1,5.8L,3.1L,13.9L,64,3.1,5.8,13.9,10.8,1.8621,1.8129
2623,Google,Data Analyst,1,15.5L,2.6L,50.0L,63,2.6,15.5,50.0,47.4,3.0581,1.8062
3511,Swiggy,Data Analyst,1,4.4L,3.1L,7.3L,62,3.1,4.4,7.3,4.2,0.9545,1.7993
7027,Kriya It,Data Analyst,0,1.6L,1.0L,2.5L,61,1.0,1.6,2.5,1.5,0.9375,1.7924
3379,Reliance jio,Data Analyst,1,5.6L,3.5L,10.5L,58,3.5,5.6,10.5,7.0,1.25,1.7709
8651,Mphasis,Data Analyst,1,5.1L,2.1L,9.5L,58,2.1,5.1,9.5,7.4,1.451,1.7709
6454,Wells Fargo India,Data Analyst,1,10.3L,3.1L,20.0L,55,3.1,10.3,20.0,16.9,1.6408,1.7482
6466,FE fundinfo,Data Analyst,0,3.3L,2.5L,4.0L,55,2.5,3.3,4.0,1.5,0.4545,1.7482
7278,Oyo Rooms,Data Analyst,1,6.5L,3.4L,11.5L,54,3.4,6.5,11.5,8.1,1.2462,1.7404
4321,Competent Software,Data Analyst,1,3.1L,2.0L,4.1L,54,2.0,3.1,4.1,2.1,0.6774,1.7404
4323,Udaan,Data Analyst,1,5.0L,3.0L,9.0L,53,3.0,5.0,9.0,6.0,1.2,1.7324
3482,Continental Automotive Components,Data Analyst,1,2.6L,2.2L,3.5L,53,2.2,2.6,3.5,1.3,0.5,1.7324
1322,E2OPEN,Data Analyst,2,4.1L,3.2L,5.7L,53,3.2,4.1,5.7,2.5,0.6098,1.7324
8508,IHS Markit,Data Analyst,1,5.8L,3.5L,9.5L,52,3.5,5.8,9.5,6.0,1.0345,1.7243
2174,Fidelity National Financial,Data Analyst,0,3.3L,1.9L,4.2L,51,1.9,3.3,4.2,2.3,0.697,1.716
4312,Proziod Analytics,Data Analyst,1,3.5L,3.0L,4.5L,51,3.0,3.5,4.5,1.5,0.4286,1.716
3373,American Express,Data Analyst,1,9.5L,3.2L,18.0L,50,3.2,9.5,18.0,14.8,1.5579,1.7076
8817,Bajaj Finserv,Data Analyst,0,6.5L,2.0L,12.0L,49,2.0,6.5,12.0,10.0,1.5385,1.699
7371,Optimint Solutions,Data Analyst,0,2.2L,1.7L,3.0L,49,1.7,2.2,3.0,1.3,0.5909,1.699
2803,Mu Sigma,Data Analyst,1,7.8L,5.0L,14.5L,48,5.0,7.8,14.5,9.5,1.2179,1.6902
5713,Course5,Data Analyst,0,3.5L,3.0L,5.1L,48,3.0,3.5,5.1,2.1,0.6,1.6902
6753,Paytm,Data Analyst,2,6.0L,3.0L,12.5L,48,3.0,6.0,12.5,9.5,1.5833,1.6902
1911,Straive,Data Analyst,0,2.4L,1.8L,3.0L,48,1.8,2.4,3.0,1.2,0.5,1.6902
6918,Honeywell Technology Solutions,Data Analyst,2,9.4L,5.0L,13.0L,47,5.0,9.4,13.0,8.0,0.8511,1.6812
8649,Intelligent Image Management Inc,Data Analyst,0,1.4L,0.2L,2.0L,47,0.2,1.4,2.0,1.8,1.2857,1.6812
1980,UnitedLex,Data Analyst,1,3.1L,2.5L,4.2L,47,2.5,3.1,4.2,1.7,0.5484,1.6812
1325,Fidelity National Information Services,Data Analyst,1,5.0L,2.7L,8.1L,46,2.7,5.0,8.1,5.4,1.08,1.6721
6689,Barclays,Data Analyst,1,11.2L,6.5L,19.0L,46,6.5,11.2,19.0,12.5,1.1161,1.6721
4277,Novartis Healthcare,Data Analyst,2,10.3L,6.7L,14.2L,46,6.7,10.3,14.2,7.5,0.7282,1.6721
7627,R1 RCM,Data Analyst,1,3.4L,2.3L,5.5L,45,2.3,3.4,5.5,3.2,0.9412,1.6628
2597,Nokia,Data Analyst,0,4.2L,2.2L,8.0L,45,2.2,4.2,8.0,5.8,1.381,1.6628
6775,Bahar Infocons,Data Analyst,1,2.2L,1.4L,3.1L,45,1.4,2.2,3.1,1.7,0.7727,1.6628
6616,Axis Bank,Data Analyst,0,8.2L,4.0L,14.0L,45,4.0,8.2,14.0,10.0,1.2195,1.6628
4686,Freelancer.com,Data Analyst,1,3.7L,1.5L,7.0L,45,1.5,3.7,7.0,5.5,1.4865,1.6628
6510,Virtusa Consulting Services,Data Analyst,1,4.2L,2.2L,8.8L,44,2.2,4.2,8.8,6.6,1.5714,1.6532
2584,Aon,Data Analyst,0,4.6L,2.9L,8.5L,43,2.9,4.6,8.5,5.6,1.2174,1.6435
3365,Conduent,Data Analyst,1,3.9L,1.6L,6.4L,42,1.6,3.9,6.4,4.8,1.2308,1.6335
1396,Schneider Electric,Data Analyst,1,6.3L,3.0L,12.1L,42,3.0,6.3,12.1,9.1,1.4444,1.6335
5831,Citibank,Data Analyst,0,10.4L,4.1L,15.8L,42,4.1,10.4,15.8,11.7,1.125,1.6335
7248,Sphera Solutions,Data Analyst,0,3.4L,3.2L,3.8L,42,3.2,3.4,3.8,0.6,0.1765,1.6335
5005,Systech Solutions,Data Analyst,0,4.7L,3.8L,7.5L,41,3.8,4.7,7.5,3.7,0.7872,1.6232
6589,Ford Motor,Data Analyst,1,9.6L,5.0L,13.1L,41,5.0,9.6,13.1,8.1,0.8438,1.6232
6564,First Source,Data Analyst,1,2.7L,1.5L,4.9L,40,1.5,2.7,4.9,3.4,1.2593,1.6128
6582,S&P Global Market Intelligence,Data Analyst,1,4.1L,3.0L,6.1L,40,3.0,4.1,6.1,3.1,0.7561,1.6128
5579,UST,Data Analyst,2,7.4L,3.8L,12.0L,40,3.8,7.4,12.0,8.2,1.1081,1.6128
4728,SG Analytics,Data Analyst,1,4.6L,3.0L,6.3L,39,3.0,4.6,6.3,3.3,0.7174,1.6021
3255,Indegene,Data Analyst,1,9.0L,7.5L,10.9L,38,7.5,9.0,10.9,3.4,0.3778,1.5911
5864,Cisco Systems,Data Analyst,3,9.0L,4.0L,21.7L,38,4.0,9.0,21.7,17.7,1.9667,1.5911
6388,Huawei Technologies,Data Analyst,2,4.3L,3.3L,5.8L,38,3.3,4.3,5.8,2.5,0.5814,1.5911
6701,Data Entry,Data Analyst,0,1.7L,0.2L,3.4L,38,0.2,1.7,3.4,3.2,1.8824,1.5911
6586,Shell,Data Analyst,2,13.3L,6.0L,21.7L,37,6.0,13.3,21.7,15.7,1.1805,1.5798
6619,Harman Connected Services,Data Analyst,2,6.0L,3.5L,12.6L,37,3.5,6.0,12.6,9.1,1.5167,1.5798
1330,Johnson & Johnson,Data Analyst,1,5.0L,3.0L,10.5L,37,3.0,5.0,10.5,7.5,1.5,1.5798
6816,InSync Analytics,Data Analyst,1,2.5L,1.9L,3.3L,37,1.9,2.5,3.3,1.4,0.56,1.5798
1981,Larsen & Toubro Limited,Data Analyst,1,5.0L,2.0L,9.0L,37,2.0,5.0,9.0,7.0,1.4,1.5798
4580,Yardi Systems,Data Analyst,2,3.7L,2.7L,4.6L,36,2.7,3.7,4.6,1.9,0.5135,1.5682
8679,Freelance Consultants,Data Analyst,1,3.8L,1.8L,6.1L,36,1.8,3.8,6.1,4.3,1.1316,1.5682
5865,Brillio,Data Analyst,0,5.8L,4.0L,11.0L,36,4.0,5.8,11.0,7.0,1.2069,1.5682
8908,Yodlee,Data Analyst,1,5.5L,3.9L,8.6L,35,3.9,5.5,8.6,4.7,0.8545,1.5563
8921,ABC,Data Analyst,1,9.6L,3.0L,24.0L,35,3.0,9.6,24.0,21.0,2.1875,1.5563
2886,JLL,Data Analyst,1,5.4L,3.5L,9.2L,35,3.5,5.4,9.2,5.7,1.0556,1.5563
4670,Sapient Corporation,Data Analyst,2,7.9L,5.0L,12.0L,35,5.0,7.9,12.0,7.0,0.8861,1.5563
2895,ZS,Data Analyst,1,10.6L,7.0L,16.0L,35,7.0,10.6,16.0,9.0,0.8491,1.5563
7987,Uber,Data Analyst,1,13.0L,6.5L,30.0L,35,6.5,13.0,30.0,23.5,1.8077,1.5563
6360,Numeratr,Data Analyst,0,3.0L,2.0L,4.4L,35,2.0,3.0,4.4,2.4,0.8,1.5563
5656,Yukthi Datasoft,Data Analyst,1,2.1L,1.5L,2.9L,34,1.5,2.1,2.9,1.4,0.6667,1.5441
8307,Infosys BPM,Data Analyst,1,3.8L,2.1L,7.8L,34,2.1,3.8,7.8,5.7,1.5,1.5441
5134,Hexaware Technologies,Data Analyst,1,6.4L,0.2L,14.0L,33,0.2,6.4,14.0,13.8,2.1562,1.5315
6855,Ganit Business Solutions,Data Analyst,0,6.0L,6.0L,6.0L,33,6.0,6.0,6.0,0.0,0.0,1.5315
3763,Fractal Analytics,Data Analyst,1,9.9L,4.9L,17.5L,33,4.9,9.9,17.5,12.6,1.2727,1.5315
6545,CAMP Systems,Data Analyst,1,3.8L,3.0L,4.6L,32,3.0,3.8,4.6,1.6,0.4211,1.5185
1608,Indium Software,Data Analyst,0,7.0L,4.0L,11.0L,32,4.0,7.0,11.0,7.0,1.0,1.5185
6180,Data Gyan,Data Analyst,0,1.8L,1.5L,2.0L,32,1.5,1.8,2.0,0.5,0.2778,1.5185
7886,Randstad,Data Analyst,1,4.2L,2.5L,8.0L,31,2.5,4.2,8.0,5.5,1.3095,1.5051
8564,Epsilon,Data Analyst,1,9.9L,5.5L,16.1L,31,5.5,9.9,16.1,10.6,1.0707,1.5051
8288,N+A,Data Analyst,0,3.7L,2.1L,6.0L,31,2.1,3.7,6.0,3.9,1.0541,1.5051
4018,The Smart Cube,Data Analyst,0,7.7L,6.3L,9.0L,31,6.3,7.7,9.0,2.7,0.3506,1.5051
1826,Dataction Analytics,Data Analyst,0,2.6L,1.9L,3.5L,31,1.9,2.6,3.5,1.6,0.6154,1.5051
7748,TSWRDC WOMEN'S DEGREE COLLEGE,Data Analyst,0,2.5L,2.0L,3.5L,31,2.0,2.5,3.5,1.5,0.6,1.5051
2819,LiquidHub,Data Analyst,0,2.6L,1.4L,5.0L,30,1.4,2.6,5.0,3.6,1.3846,1.4914
6902,Sutherland Global Services,Data Analyst,1,4.8L,2.8L,7.3L,30,2.8,4.8,7.3,4.5,0.9375,1.4914
3067,ValueLabs,Data Analyst,1,5.1L,2.4L,13.8L,30,2.4,5.1,13.8,11.4,2.2353,1.4914
1755,HCL Technologies BPO Services,Data Analyst,1,2.9L,1.9L,5.0L,30,1.9,2.9,5.0,3.1,1.069,1.4914
1130,HUDL,Data Analyst,0,2.9L,2.0L,3.8L,30,2.0,2.9,3.8,1.8,0.6207,1.4914
8971,Mercedes-Benz Research & Development India,Data Analyst,1,10.2L,7.5L,15.0L,30,7.5,10.2,15.0,7.5,0.7353,1.4914
3174,Whitehat jr,Data Analyst,1,5.9L,4.3L,8.0L,30,4.3,5.9,8.0,3.7,0.6271,1.4914
3254,Caterpillar Inc,Data Analyst,1,6.2L,3.6L,10.5L,29,3.6,6.2,10.5,6.9,1.1129,1.4771
8159,General Mills,Data Analyst,0,7.0L,5.3L,9.2L,29,5.3,7.0,9.2,3.9,0.5571,1.4771
1298,BYJU'S,Data Analyst,1,7.0L,5.0L,15.4L,29,5.0,7.0,15.4,10.4,1.4857,1.4771
8425,Hinduja Global Solutions,Data Analyst,1,3.7L,2.0L,6.5L,29,2.0,3.7,6.5,4.5,1.2162,1.4771
8410,Mercer,Data Analyst,0,4.8L,2.3L,8.5L,29,2.3,4.8,8.5,6.2,1.2917,1.4771
8838,Bridgei2i Analytics Solutions,Data Analyst,0,5.3L,4.5L,7.8L,29,4.5,5.3,7.8,3.3,0.6226,1.4771
4586,Annalect,Data Analyst,0,5.6L,3.6L,7.5L,29,3.6,5.6,7.5,3.9,0.6964,1.4771
8212,Verizon,Data Analyst,1,11.4L,6.4L,17.8L,28,6.4,11.4,17.8,11.4,1.0,1.4624
6087,McKinsey & Company,Data Analyst,1,15.3L,9.0L,20.0L,28,9.0,15.3,20.0,11.0,0.719,1.4624
6301,ITC Infotech India,Data Analyst,0,7.9L,3.7L,16.0L,28,3.7,7.9,16.0,12.3,1.557,1.4624
6455,Vaco Binary Semantics,Data Analyst,0,3.7L,2.4L,6.0L,28,2.4,3.7,6.0,3.6,0.973,1.4624
4568,FedEx Express,Data Analyst,0,7.4L,3.3L,12.0L,28,3.3,7.4,12.0,8.7,1.1757,1.4624
8142,Galytix Analytics,Data Analyst,0,6.0L,6.0L,6.0L,28,6.0,6.0,6.0,0.0,0.0,1.4624
3409,VeeTechnologies,Data Analyst,1,1.9L,1.2L,2.4L,28,1.2,1.9,2.4,1.2,0.6316,1.4624
3897,APA Engineering,Data Analyst,0,2.0L,1.5L,3.1L,27,1.5,2.0,3.1,1.6,0.8,1.4472
3711,Tesco,Data Analyst,1,5.5L,3.9L,8.9L,27,3.9,5.5,8.9,5.0,0.9091,1.4472
7589,UBS,Data Analyst,1,9.4L,6.0L,15.5L,27,6.0,9.4,15.5,9.5,1.0106,1.4472
8738,BCG,Data Analyst,2,11.9L,6.0L,19.4L,27,6.0,11.9,19.4,13.4,1.1261,1.4472
4827,Reliance Industries,Data Analyst,1,6.3L,2.2L,9.0L,26,2.2,6.3,9.0,6.8,1.0794,1.4314
7494,Collegedunia,Data Analyst,1,4.0L,3.0L,5.4L,26,3.0,4.0,5.4,2.4,0.6,1.4314
5794,Thomson Reuters,Data Analyst,1,4.1L,2.1L,6.9L,26,2.1,4.1,6.9,4.8,1.1707,1.4314
7130,Tata Communications,Data Analyst,0,3.9L,2.1L,5.1L,26,2.1,3.9,5.1,3.0,0.7692,1.4314
6799,Cerner,Data Analyst,1,7.3L,5.2L,10.5L,26,5.2,7.3,10.5,5.3,0.726,1.4314
6934,Sandcube Analytics,Data Analyst,0,2.3L,1.1L,3.6L,26,1.1,2.3,3.6,2.5,1.087,1.4314
5734,Bank of America,Data Analyst,2,13.9L,5.5L,20.0L,26,5.5,13.9,20.0,14.5,1.0432,1.4314
3953,Stats Systems India,Data Analyst,0,2.1L,1.5L,3.1L,26,1.5,2.1,3.1,1.6,0.7619,1.4314
5479,Objectways Technologies,Data Analyst,0,1.5L,1.2L,2.0L,26,1.2,1.5,2.0,0.8,0.5333,1.4314
2634,Target,Data Analyst,1,8.8L,2.9L,13.0L,25,2.9,8.8,13.0,10.1,1.1477,1.415
2135,PayPal,Data Analyst,1,17.2L,8.0L,30.0L,25,8.0,17.2,30.0,22.0,1.2791,1.415
2650,NISC Export Services,Data Analyst,1,3.2L,2.3L,5.0L,25,2.3,3.2,5.0,2.7,0.8438,1.415
2214,ANZ Banking Group,Data Analyst,2,9.8L,4.4L,15.6L,25,4.4,9.8,15.6,11.2,1.1429,1.415
1609,Hive,Data Analyst,0,4.2L,3.5L,5.8L,25,3.5,4.2,5.8,2.3,0.5476,1.415
5913,Crif High Mark Credit Information Services,Data Analyst,2,5.5L,3.8L,8.0L,25,3.8,5.5,8.0,4.2,0.7636,1.415
4584,Pacecom Technologies,Data Analyst,0,2.1L,2.0L,2.6L,25,2.0,2.1,2.6,0.6,0.2857,1.415
5403,TCS,Data Engineer,1,5.8L,3.9L,10.1L,819,3.9,5.8,10.1,6.2,1.069,2.9138
5985,IBM,Data Engineer,1,10.4L,4.8L,18.0L,727,4.8,10.4,18.0,13.2,1.2692,2.8621
6440,L&T Infotech,Data Engineer,1,5.7L,4.1L,9.0L,420,4.1,5.7,9.0,4.9,0.8596,2.6243
1403,Accenture,Data Engineer,1,9.0L,5.0L,16.8L,332,5.0,9.0,16.8,11.8,1.3111,2.5224
8967,Cognizant,Data Engineer,1,7.5L,4.5L,13.3L,292,4.5,7.5,13.3,8.8,1.1733,2.4669
3793,EC-Mobility,Data Engineer,1,2.1L,1.8L,2.6L,259,1.8,2.1,2.6,0.8,0.381,2.415
4299,Capgemini,Data Engineer,1,7.4L,4.0L,13.5L,231,4.0,7.4,13.5,9.5,1.2838,2.3655
8920,Infosys,Data Engineer,1,5.5L,3.6L,10.0L,196,3.6,5.5,10.0,6.4,1.1636,2.2945
8265,Fractal Analytics,Data Engineer,2,11.8L,8.0L,18.0L,184,8.0,11.8,18.0,10.0,0.8475,2.2672
2453,Wipro,Data Engineer,1,6.6L,4.0L,14.5L,175,4.0,6.6,14.5,10.5,1.5909,2.2455
4338,Amazon,Data Engineer,2,22.0L,11.0L,40.0L,166,11.0,22.0,40.0,29.0,1.3182,2.2227
1944,Quantiphi Analytics Solutions,Data Engineer,0,10.4L,6.5L,15.0L,140,6.5,10.4,15.0,8.5,0.8173,2.1492
5805,Tech Mahindra,Data Engineer,2,6.5L,4.2L,13.0L,130,4.2,6.5,13.0,8.8,1.3538,2.1173
4495,Mindtree,Data Engineer,1,6.0L,3.9L,9.9L,124,3.9,6.0,9.9,6.0,1.0,2.0969
4021,DXC Technology,Data Engineer,1,6.6L,3.8L,12.0L,122,3.8,6.6,12.0,8.2,1.2424,2.0899
7790,Deloitte,Data Engineer,1,11.8L,6.0L,18.0L,116,6.0,11.8,18.0,12.0,1.0169,2.0682
5491,Walmart,Data Engineer,3,22.1L,15.0L,31.9L,88,15.0,22.1,31.9,16.9,0.7647,1.9494
8350,Optum,Data Engineer,2,11.1L,7.9L,16.8L,80,7.9,11.1,16.8,8.9,0.8018,1.9085
4667,Shell,Data Engineer,1,17.2L,8.0L,24.0L,79,8.0,17.2,24.0,16.0,0.9302,1.9031
1550,HCL Technologies,Data Engineer,1,9.0L,3.5L,18.0L,79,3.5,9.0,18.0,14.5,1.6111,1.9031
2614,Futurense Technologies,Data Engineer,1,9.5L,7.0L,12.0L,72,7.0,9.5,12.0,5.0,0.5263,1.8633
5818,Tiger Analytics,Data Engineer,1,14.0L,7.0L,21.0L,69,7.0,14.0,21.0,14.0,1.0,1.8451
3148,Teradata,Data Engineer,3,13.6L,8.8L,17.5L,68,8.8,13.6,17.5,8.7,0.6397,1.8388
1885,Altimetrik,Data Engineer,1,12.6L,6.5L,22.0L,59,6.5,12.6,22.0,15.5,1.2302,1.7782
4189,Ernst & Young,Data Engineer,2,12.8L,5.2L,20.0L,59,5.2,12.8,20.0,14.8,1.1562,1.7782
3776,Maersk,Data Engineer,2,17.0L,7.8L,27.8L,55,7.8,17.0,27.8,20.0,1.1765,1.7482
2933,UnitedHealth,Data Engineer,2,10.3L,6.3L,17.3L,53,6.3,10.3,17.3,11.0,1.068,1.7324
5233,Genpact,Data Engineer,1,6.8L,3.2L,14.0L,47,3.2,6.8,14.0,10.8,1.5882,1.6812
6910,PayPal,Data Engineer,4,21.6L,12.8L,31.0L,44,12.8,21.6,31.0,18.2,0.8426,1.6532
6103,Enquero,Data Engineer,1,9.5L,6.2L,15.0L,41,6.2,9.5,15.0,8.8,0.9263,1.6232
4869,DataMetica,Data Engineer,0,6.4L,4.0L,10.7L,41,4.0,6.4,10.7,6.7,1.0469,1.6232
2846,Ericsson,Data Engineer,2,10.6L,5.3L,17.5L,40,5.3,10.6,17.5,12.2,1.1509,1.6128
1308,GE,Data Engineer,3,12.8L,9.6L,16.0L,39,9.6,12.8,16.0,6.4,0.5,1.6021
8734,Target,Data Engineer,0,12.9L,10.0L,17.7L,38,10.0,12.9,17.7,7.7,0.5969,1.5911
6343,Brillio,Data Engineer,0,7.7L,4.5L,13.3L,38,4.5,7.7,13.3,8.8,1.1429,1.5911
6891,ZS,Data Engineer,1,11.7L,9.0L,16.0L,37,9.0,11.7,16.0,7.0,0.5983,1.5798
2537,Hewlett-Packard Enterprise,Data Engineer,2,8.4L,4.5L,18.0L,36,4.5,8.4,18.0,13.5,1.6071,1.5682
2809,Reliance jio,Data Engineer,1,8.2L,4.5L,13.0L,35,4.5,8.2,13.0,8.5,1.0366,1.5563
5224,Sapient Corporation,Data Engineer,2,13.5L,9.2L,17.0L,34,9.2,13.5,17.0,7.8,0.5778,1.5441
8736,Larsen & Toubro Limited,Data Engineer,1,5.8L,4.0L,10.5L,34,4.0,5.8,10.5,6.5,1.1207,1.5441
2516,JP Morgan Chase,Data Engineer,4,18.7L,8.0L,29.0L,32,8.0,18.7,29.0,21.0,1.123,1.5185
5049,Societe Generale,Data Engineer,2,16.8L,9.6L,23.0L,31,9.6,16.8,23.0,13.4,0.7976,1.5051
3209,Bajaj Finserv,Data Engineer,0,10.9L,8.0L,12.5L,30,8.0,10.9,12.5,4.5,0.4128,1.4914
4795,Bharti Airtel,Data Engineer,2,4.0L,3.0L,7.5L,30,3.0,4.0,7.5,4.5,1.125,1.4914
1567,Bank of America,Data Engineer,2,15.1L,8.1L,22.0L,30,8.1,15.1,22.0,13.9,0.9205,1.4914
2911,Mphasis,Data Engineer,1,10.1L,4.2L,19.0L,30,4.2,10.1,19.0,14.8,1.4653,1.4914
8199,Fragma Data Systems,Data Engineer,0,5.5L,3.5L,11.9L,30,3.5,5.5,11.9,8.4,1.5273,1.4914
5796,NTT DATA,Data Engineer,2,10.4L,4.1L,25.0L,29,4.1,10.4,25.0,20.9,2.0096,1.4771
7031,PwC,Data Engineer,1,10.0L,5.5L,16.5L,29,5.5,10.0,16.5,11.0,1.1,1.4771
4222,KPMG,Data Engineer,2,12.3L,7.0L,18.0L,28,7.0,12.3,18.0,11.0,0.8943,1.4624
7442,UST,Data Engineer,1,9.8L,3.5L,17.0L,27,3.5,9.8,17.0,13.5,1.3776,1.4472
6201,Virtusa Consulting Services,Data Engineer,1,9.0L,4.2L,20.0L,27,4.2,9.0,20.0,15.8,1.7556,1.4472
2469,DBS Bank,Data Engineer,2,13.6L,9.1L,24.0L,27,9.1,13.6,24.0,14.9,1.0956,1.4472
6026,Koch Business Solutions,Data Engineer,4,23.6L,12.0L,34.0L,27,12.0,23.6,34.0,22.0,0.9322,1.4472
7134,Lowe's,Data Engineer,1,12.1L,10.0L,14.3L,26,10.0,12.1,14.3,4.3,0.3554,1.4314
1593,BA Continuum,Data Engineer,4,16.5L,12.0L,22.8L,26,12.0,16.5,22.8,10.8,0.6545,1.4314
1677,Dell,Data Engineer,1,12.8L,5.5L,20.0L,26,5.5,12.8,20.0,14.5,1.1328,1.4314
2478,Data Semantics,Data Engineer,3,8.9L,4.5L,15.5L,25,4.5,8.9,15.5,11.0,1.236,1.415
4168,BlazeClan Technologies,Data Engineer,0,5.5L,3.2L,9.6L,24,3.2,5.5,9.6,6.4,1.1636,1.3979
1045,Microsoft Corporation,Data Engineer,3,25.1L,13.0L,40.1L,24,13.0,25.1,40.1,27.1,1.0797,1.3979
6418,DataWeave,Data Engineer,1,8.2L,5.5L,12.0L,23,5.5,8.2,12.0,6.5,0.7927,1.3802
6158,Celebal Technologies,Data Engineer,0,5.5L,4.5L,10.0L,23,4.5,5.5,10.0,5.5,1.0,1.3802
8377,SpringML,Data Engineer,1,9.7L,5.5L,14.0L,23,5.5,9.7,14.0,8.5,0.8763,1.3802
6914,TEKsystems,Data Engineer,1,9.7L,6.0L,18.0L,23,6.0,9.7,18.0,12.0,1.2371,1.3802
6104,NatWest Group,Data Engineer,2,20.4L,11.1L,32.0L,23,11.1,20.4,32.0,20.9,1.0245,1.3802
4956,Saama Technologies,Data Engineer,2,9.7L,6.0L,14.5L,22,6.0,9.7,14.5,8.5,0.8763,1.3617
5474,GE Aviation,Data Engineer,2,12.2L,9.0L,16.0L,22,9.0,12.2,16.0,7.0,0.5738,1.3617
8043,Affine Analytics,Data Engineer,0,7.7L,6.0L,12.0L,22,6.0,7.7,12.0,6.0,0.7792,1.3617
6322,Wells Fargo India,Data Engineer,3,15.2L,10.1L,22.0L,21,10.1,15.2,22.0,11.9,0.7829,1.3424
6759,EXL Service,Data Engineer,2,10.3L,6.0L,14.1L,20,6.0,10.3,14.1,8.1,0.7864,1.3222
8459,McKinsey & Company,Data Engineer,2,18.5L,10.0L,25.0L,20,10.0,18.5,25.0,15.0,0.8108,1.3222
2298,Cisco Systems,Data Engineer,3,19.3L,12.0L,28.0L,20,12.0,19.3,28.0,16.0,0.829,1.3222
8618,IDFC FIRST Bank,Data Engineer,1,15.4L,8.5L,21.9L,20,8.5,15.4,21.9,13.4,0.8701,1.3222
4803,ValueLabs,Data Engineer,1,10.3L,5.0L,23.5L,20,5.0,10.3,23.5,18.5,1.7961,1.3222
3443,Paytm,Data Engineer,2,13.9L,5.8L,23.0L,20,5.8,13.9,23.0,17.2,1.2374,1.3222
7148,Blackbuck Insights,Data Engineer,0,4.2L,2.5L,8.5L,20,2.5,4.2,8.5,6.0,1.4286,1.3222
7078,Lumen Technologies,Data Engineer,1,6.6L,4.5L,9.2L,20,4.5,6.6,9.2,4.7,0.7121,1.3222
7409,Micron Technology,Data Engineer,3,12.9L,8.4L,18.0L,20,8.4,12.9,18.0,9.6,0.7442,1.3222
7952,GE Healthcare,Data Engineer,3,12.3L,10.0L,17.0L,19,10.0,12.3,17.0,7.0,0.5691,1.301
2176,IQVIA,Data Engineer,2,10.5L,5.5L,15.0L,19,5.5,10.5,15.0,9.5,0.9048,1.301
3333,SG Analytics,Data Engineer,0,7.3L,5.2L,12.0L,19,5.2,7.3,12.0,6.8,0.9315,1.301
7965,Wavicle Data Solutions,Data Engineer,2,5.1L,3.5L,7.2L,19,3.5,5.1,7.2,3.7,0.7255,1.301
8186,Mercedes-Benz Research & Development India,Data Engineer,1,13.1L,7.0L,19.0L,19,7.0,13.1,19.0,12.0,0.916,1.301
6312,LatentView Analytics,Data Engineer,0,7.2L,5.3L,12.0L,19,5.3,7.2,12.0,6.7,0.9306,1.301
4369,Schlumberger,Data Engineer,2,13.7L,6.5L,22.5L,19,6.5,13.7,22.5,16.0,1.1679,1.301
2757,Adobe,Data Engineer,3,23.7L,14.0L,34.0L,18,14.0,23.7,34.0,20.0,0.8439,1.2788
7274,Commonwealth Bank of Australia,Data Engineer,2,19.9L,9.9L,28.8L,18,9.9,19.9,28.8,18.9,0.9497,1.2788
4142,NCR Corporation,Data Engineer,1,9.5L,6.2L,13.5L,18,6.2,9.5,13.5,7.3,0.7684,1.2788
8181,ITC Infotech India,Data Engineer,1,6.8L,4.1L,13.0L,18,4.1,6.8,13.0,8.9,1.3088,1.2788
6615,Novartis Healthcare,Data Engineer,2,15.0L,9.5L,19.5L,18,9.5,15.0,19.5,10.0,0.6667,1.2788
4764,Legato Health Technologies,Data Engineer,2,10.8L,8.3L,13.5L,18,8.3,10.8,13.5,5.2,0.4815,1.2788
4104,Honeywell Technology Solutions,Data Engineer,0,11.2L,5.0L,26.0L,17,5.0,11.2,26.0,21.0,1.875,1.2553
1687,Hexaware Technologies,Data Engineer,1,11.7L,3.5L,23.5L,17,3.5,11.7,23.5,20.0,1.7094,1.2553
8621,Impetus Technologies,Data Engineer,1,13.1L,11.5L,16.0L,17,11.5,13.1,16.0,4.5,0.3435,1.2553
5920,Bridgei2i Analytics Solutions,Data Engineer,0,6.7L,5.0L,10.0L,17,5.0,6.7,10.0,5.0,0.7463,1.2553
7597,Verizon,Data Engineer,1,10.5L,5.6L,15.5L,16,5.6,10.5,15.5,9.9,0.9429,1.2304
8623,Systech Solutions,Data Engineer,0,4.1L,3.3L,4.5L,16,3.3,4.1,4.5,1.2,0.2927,1.2304
1809,Ab Inbev,Data Engineer,4,16.5L,8.2L,24.0L,16,8.2,16.5,24.0,15.8,0.9576,1.2304
5226,Neal Analytics,Data Engineer,1,10.5L,6.8L,16.0L,16,6.8,10.5,16.0,9.2,0.8762,1.2304
8074,TheMathCompany,Data Engineer,2,9.3L,7.0L,13.2L,16,7.0,9.3,13.2,6.2,0.6667,1.2304
8440,Atos Syntel,Data Engineer,2,7.3L,3.8L,12.0L,16,3.8,7.3,12.0,8.2,1.1233,1.2304
5617,Lumiq.ai,Data Engineer,0,8.1L,6.0L,9.5L,16,6.0,8.1,9.5,3.5,0.4321,1.2304
2078,Axis Bank,Data Engineer,0,11.1L,7.7L,14.7L,16,7.7,11.1,14.7,7.0,0.6306,1.2304
4409,Google,Data Engineer,3,45.3L,16.5L,93.5L,16,16.5,45.3,93.5,77.0,1.6998,1.2304
7858,Maersk Line,Data Engineer,2,12.8L,8.0L,21.0L,15,8.0,12.8,21.0,13.0,1.0156,1.2041
5289,AstraZeneca,Data Engineer,1,9.3L,6.8L,13.5L,15,6.8,9.3,13.5,6.7,0.7204,1.2041
2629,Amdocs,Data Engineer,0,8.9L,6.1L,13.0L,15,6.1,8.9,13.0,6.9,0.7753,1.2041
5215,MasterCard,Data Engineer,0,15.1L,13.0L,18.0L,15,13.0,15.1,18.0,5.0,0.3311,1.2041
3322,Morgan Stanley,Data Engineer,3,20.5L,11.0L,26.0L,14,11.0,20.5,26.0,15.0,0.7317,1.1761
3308,Tavant Technologies,Data Engineer,1,10.1L,5.8L,20.0L,14,5.8,10.1,20.0,14.2,1.4059,1.1761
3842,Flipkart,Data Engineer,2,17.5L,9.5L,25.0L,14,9.5,17.5,25.0,15.5,0.8857,1.1761
3417,Michelin,Data Engineer,0,9.8L,7.7L,11.3L,14,7.7,9.8,11.3,3.6,0.3673,1.1761
4914,Concentrix Corporation,Data Engineer,1,3.7L,2.6L,4.5L,14,2.6,3.7,4.5,1.9,0.5135,1.1761
7726,Siemens,Data Engineer,1,12.9L,6.8L,16.0L,14,6.8,12.9,16.0,9.2,0.7132,1.1761
8755,Mu Sigma,Data Engineer,1,8.4L,5.5L,12.0L,13,5.5,8.4,12.0,6.5,0.7738,1.1461
2147,Expedia,Data Engineer,4,27.6L,20.0L,40.0L,13,20.0,27.6,40.0,20.0,0.7246,1.1461
2567,Decision Point,Data Engineer,0,5.9L,4.8L,7.0L,13,4.8,5.9,7.0,2.2,0.3729,1.1461
8059,Adidas,Data Engineer,1,23.0L,14.5L,34.0L,13,14.5,23.0,34.0,19.5,0.8478,1.1461
5990,Nokia,Data Engineer,1,10.7L,3.6L,24.5L,13,3.6,10.7,24.5,20.9,1.9533,1.1461
5708,Oil Field Instrumentation,Data Engineer,6,6.9L,1.2L,11.1L,13,1.2,6.9,11.1,9.9,1.4348,1.1461
5566,Atos,Data Engineer,2,8.5L,3.7L,17.8L,13,3.7,8.5,17.8,14.1,1.6588,1.1461
5427,Bitwise Solutions,Data Engineer,0,6.1L,3.8L,9.0L,13,3.8,6.1,9.0,5.2,0.8525,1.1461
8208,Ford Motor,Data Engineer,0,10.1L,5.7L,15.9L,13,5.7,10.1,15.9,10.2,1.0099,1.1461
4158,Persistent Systems,Data Engineer,1,11.6L,4.2L,20.4L,13,4.2,11.6,20.4,16.2,1.3966,1.1461
3401,Indium Software,Data Engineer,0,6.8L,3.6L,11.5L,13,3.6,6.8,11.5,7.9,1.1618,1.1461
8353,Citicorp,Data Engineer,2,17.9L,13.5L,20.0L,13,13.5,17.9,20.0,6.5,0.3631,1.1461
5406,The Data Team,Data Engineer,1,11.5L,8.5L,15.0L,13,8.5,11.5,15.0,6.5,0.5652,1.1461
2086,Cittabase Solutions,Data Engineer,3,7.9L,5.0L,10.3L,13,5.0,7.9,10.3,5.3,0.6709,1.1461
3700,NIKE,Data Engineer,3,21.3L,14.1L,29.0L,13,14.1,21.3,29.0,14.9,0.6995,1.1461
1105,Kyndryl,Data Engineer,2,12.8L,8.5L,16.0L,13,8.5,12.8,16.0,7.5,0.5859,1.1461
2377,Dunnhumby,Data Engineer,1,12.3L,8.7L,18.5L,12,8.7,12.3,18.5,9.8,0.7967,1.1139
7558,Advance Auto Parts,Data Engineer,3,13.3L,10.2L,15.5L,12,10.2,13.3,15.5,5.3,0.3985,1.1139
1092,Rackspace,Data Engineer,3,16.3L,11.0L,21.6L,12,11.0,16.3,21.6,10.6,0.6503,1.1139
3271,Tredence,Data Engineer,2,11.4L,7.0L,16.0L,12,7.0,11.4,16.0,9.0,0.7895,1.1139
4433,Expert Global Solutions,Data Engineer,0,2.1L,1.1L,3.1L,12,1.1,2.1,3.1,2.0,0.9524,1.1139
2256,Cerner,Data Engineer,2,9.9L,6.0L,14.0L,12,6.0,9.9,14.0,8.0,0.8081,1.1139
3995,Searce Cosourcing Services,Data Engineer,1,7.4L,5.0L,12.5L,12,5.0,7.4,12.5,7.5,1.0135,1.1139
7725,Eli Lilly and Company,Data Engineer,3,18.4L,16.0L,22.0L,12,16.0,18.4,22.0,6.0,0.3261,1.1139
4723,ValueMomentum,Data Engineer,1,10.6L,4.5L,21.3L,12,4.5,10.6,21.3,16.8,1.5849,1.1139
4253,InfoStretch,Data Engineer,1,10.5L,4.2L,18.0L,12,4.2,10.5,18.0,13.8,1.3143,1.1139
4383,Nagarro,Data Engineer,2,13.1L,7.0L,25.0L,12,7.0,13.1,25.0,18.0,1.374,1.1139
3800,KPI Partners,Data Engineer,1,12.0L,5.0L,22.0L,12,5.0,12.0,22.0,17.0,1.4167,1.1139
6560,HSBC,Data Engineer,1,9.7L,6.5L,18.0L,12,6.5,9.7,18.0,11.5,1.1856,1.1139
4334,Bosch Global Software Technologies,Data Engineer,1,7.1L,3.8L,14.0L,11,3.8,7.1,14.0,10.2,1.4366,1.0792
5251,Axtria,Data Engineer,1,11.4L,7.5L,15.3L,11,7.5,11.4,15.3,7.8,0.6842,1.0792
8444,Visa,Data Engineer,1,28.7L,16.5L,37.0L,11,16.5,28.7,37.0,20.5,0.7143,1.0792
2213,Happiest Minds Technologies,Data Engineer,0,8.0L,4.0L,14.8L,11,4.0,8.0,14.8,10.8,1.35,1.0792
4178,BYJU'S,Data Engineer,1,9.7L,4.5L,19.5L,11,4.5,9.7,19.5,15.0,1.5464,1.0792
4306,Yash Technologies,Data Engineer,0,5.3L,3.2L,8.0L,11,3.2,5.3,8.0,4.8,0.9057,1.0792
5751,GE Digital,Data Engineer,4,12.6L,8.3L,18.3L,11,8.3,12.6,18.3,10.0,0.7937,1.0792
4373,GSK Pharmaceuticals,Data Engineer,5,23.1L,19.0L,27.0L,11,19.0,23.1,27.0,8.0,0.3463,1.0792
3072,Rakuten,Data Engineer,0,13.3L,8.5L,18.5L,11,8.5,13.3,18.5,10.0,0.7519,1.0792
8897,InnovAccer,Data Engineer,1,8.2L,5.0L,15.0L,11,5.0,8.2,15.0,10.0,1.2195,1.0792
7854,nThrive Global Solutions,Data Engineer,2,11.8L,7.8L,17.6L,11,7.8,11.8,17.6,9.8,0.8305,1.0792
7944,AI Touch,Data Engineer,0,2.3L,2.0L,3.0L,11,2.0,2.3,3.0,1.0,0.4348,1.0792
8022,Autodesk,Data Engineer,0,26.5L,6.4L,40.0L,11,6.4,26.5,40.0,33.6,1.2679,1.0792
6985,Knoema IT Solutions,Data Engineer,0,3.3L,2.0L,4.1L,11,2.0,3.3,4.1,2.1,0.6364,1.0792
5736,Ecolab Digital Center,Data Engineer,2,11.5L,8.5L,18.0L,11,8.5,11.5,18.0,9.5,0.8261,1.0792
7251,Apple,Data Engineer,3,25.0L,17.0L,35.0L,11,17.0,25.0,35.0,18.0,0.72,1.0792
6029,AVASOFT,Data Engineer,0,4.0L,3.5L,4.9L,10,3.5,4.0,4.9,1.4,0.35,1.0414
8998,i2e Consulting,Data Engineer,2,13.1L,9.0L,16.5L,10,9.0,13.1,16.5,7.5,0.5725,1.0414
2834,Birlasoft,Data Engineer,2,11.1L,5.2L,20.1L,10,5.2,11.1,20.1,14.9,1.3423,1.0414
5859,EPAM Systems,Data Engineer,4,17.3L,8.8L,24.0L,10,8.8,17.3,24.0,15.2,0.8786,1.0414
5390,Xyz Company,Data Engineer,1,12.3L,6.0L,21.0L,10,6.0,12.3,21.0,15.0,1.2195,1.0414
2744,Colgate Palmolive,Data Engineer,1,10.7L,6.0L,15.0L,10,6.0,10.7,15.0,9.0,0.8411,1.0414
7828,BCG,Data Engineer,2,17.2L,14.5L,19.5L,10,14.5,17.2,19.5,5.0,0.2907,1.0414
5835,Apisero,Data Engineer,1,13.5L,8.0L,18.0L,10,8.0,13.5,18.0,10.0,0.7407,1.0414
5599,Fidelity Investment,Data Engineer,1,13.3L,11.0L,16.7L,10,11.0,13.3,16.7,5.7,0.4286,1.0414
7336,Oracle,Data Engineer,2,14.6L,7.0L,25.0L,10,7.0,14.6,25.0,18.0,1.2329,1.0414
2072,Accion Labs,Data Engineer,3,18.1L,8.0L,30.0L,9,8.0,18.1,30.0,22.0,1.2155,1.0
5169,Dun & Bradstreet,Data Engineer,3,11.4L,8.6L,15.4L,9,8.6,11.4,15.4,6.8,0.5965,1.0
6912,Webhelp,Data Engineer,3,10.7L,8.5L,14.0L,9,8.5,10.7,14.0,5.5,0.514,1.0
5376,Ags Infotech,Data Engineer,2,5.0L,4.4L,5.5L,9,4.4,5.0,5.5,1.1,0.22,1.0
6069,Synechron,Data Engineer,4,17.3L,12.5L,24.0L,9,12.5,17.3,24.0,11.5,0.6647,1.0
4641,GEP Worldwide,Data Engineer,2,13.0L,10.1L,15.0L,9,10.1,13.0,15.0,4.9,0.3769,1.0
4668,Principal Global Services,Data Engineer,1,10.2L,9.5L,11.1L,9,9.5,10.2,11.1,1.6,0.1569,1.0
3137,Algonomy,Data Engineer,1,7.5L,5.0L,13.6L,9,5.0,7.5,13.6,8.6,1.1467,1.0
5165,Sigmoid Analytics,Data Engineer,1,15.0L,12.8L,18.5L,9,12.8,15.0,18.5,5.7,0.38,1.0
5935,Vodafone Idea,Data Engineer,1,11.2L,2.1L,18.0L,9,2.1,11.2,18.0,15.9,1.4196,1.0
5048,Clairvoyant India,Data Engineer,2,10.5L,5.0L,17.0L,9,5.0,10.5,17.0,12.0,1.1429,1.0
7774,Aktrix Technologies,Data Engineer,0,4.1L,3.0L,5.5L,9,3.0,4.1,5.5,2.5,0.6098,1.0
6283,ThoughtWorks,Data Engineer,1,15.7L,10.0L,19.4L,9,10.0,15.7,19.4,9.4,0.5987,1.0
8752,DUNNHUMBY IT SERVICES INDIA,Data Engineer,1,11.9L,9.0L,14.9L,9,9.0,11.9,14.9,5.9,0.4958,1.0
8937,Baker Hughes,Data Engineer,3,14.8L,12.0L,16.5L,9,12.0,14.8,16.5,4.5,0.3041,1.0
1144,Denodo Technologies,Data Engineer,0,8.0L,6.0L,10.5L,9,6.0,8.0,10.5,4.5,0.5625,1.0
8625,Hashedin By Deloitte,Data Engineer,2,15.0L,11.1L,19.0L,9,11.1,15.0,19.0,7.9,0.5267,1.0
5240,Red Hat,Data Engineer,2,12.4L,4.5L,17.6L,8,4.5,12.4,17.6,13.1,1.0565,0.9542
3833,HDFC Bank,Data Engineer,2,9.0L,6.5L,12.5L,8,6.5,9.0,12.5,6.0,0.6667,0.9542
4637,Accenture,Senior Data Scientist,3,18.9L,10.5L,30.5L,80,10.5,18.9,30.5,20.0,1.0582,1.9085
6847,TCS,Senior Data Scientist,4,16.7L,8.6L,30.0L,79,8.6,16.7,30.0,21.4,1.2814,1.9031
8996,Cognizant,Senior Data Scientist,4,17.9L,12.0L,25.2L,57,12.0,17.9,25.2,13.2,0.7374,1.7634
5663,Fractal Analytics,Senior Data Scientist,4,25.6L,18.0L,32.0L,47,18.0,25.6,32.0,14.0,0.5469,1.6812
6528,Ab Inbev,Senior Data Scientist,3,28.0L,22.0L,35.0L,44,22.0,28.0,35.0,13.0,0.4643,1.6532
1748,Wipro,Senior Data Scientist,4,16.1L,8.0L,30.0L,43,8.0,16.1,30.0,22.0,1.3665,1.6435
6043,Deloitte,Senior Data Scientist,5,21.2L,14.0L,35.0L,42,14.0,21.2,35.0,21.0,0.9906,1.6335
6193,Walmart,Senior Data Scientist,5,43.0L,30.0L,65.0L,32,30.0,43.0,65.0,35.0,0.814,1.5185
2608,Amazon,Senior Data Scientist,5,41.5L,26.0L,75.0L,30,26.0,41.5,75.0,49.0,1.1807,1.4914
3673,UnitedHealth,Senior Data Scientist,4,23.0L,15.6L,30.5L,30,15.6,23.0,30.5,14.9,0.6478,1.4914
4333,Ernst & Young,Senior Data Scientist,4,21.4L,15.0L,30.0L,29,15.0,21.4,30.0,15.0,0.7009,1.4771
2627,Optum,Senior Data Scientist,5,26.2L,18.0L,36.0L,28,18.0,26.2,36.0,18.0,0.687,1.4624
3051,Impact Analytics,Senior Data Scientist,2,13.4L,9.0L,19.0L,28,9.0,13.4,19.0,10.0,0.7463,1.4624
1513,Incedo,Senior Data Scientist,3,18.9L,15.0L,25.0L,26,15.0,18.9,25.0,10.0,0.5291,1.4314
5422,IBM,Senior Data Scientist,5,24.4L,14.0L,36.0L,25,14.0,24.4,36.0,22.0,0.9016,1.415
2450,Target,Senior Data Scientist,2,23.8L,15.5L,30.0L,25,15.5,23.8,30.0,14.5,0.6092,1.415
7062,Infosys,Senior Data Scientist,4,18.1L,9.0L,30.0L,25,9.0,18.1,30.0,21.0,1.1602,1.415
5031,TVS Credit Services,Senior Data Scientist,4,14.7L,11.5L,21.0L,24,11.5,14.7,21.0,9.5,0.6463,1.3979
6880,Ericsson,Senior Data Scientist,7,30.2L,14.2L,50.6L,22,14.2,30.2,50.6,36.4,1.2053,1.3617
4852,Microsoft Corporation,Senior Data Scientist,4,56.4L,30.0L,100.0L,22,30.0,56.4,100.0,70.0,1.2411,1.3617
2822,HCL Technologies,Senior Data Scientist,4,19.3L,14.4L,25.0L,22,14.4,19.3,25.0,10.6,0.5492,1.3617
1796,Capgemini,Senior Data Scientist,4,16.8L,11.5L,26.0L,22,11.5,16.8,26.0,14.5,0.8631,1.3617
4469,Dunnhumby,Senior Data Scientist,3,15.4L,12.0L,22.0L,21,12.0,15.4,22.0,10.0,0.6494,1.3424
1406,Birlasoft,Senior Data Scientist,3,14.3L,8.0L,22.3L,20,8.0,14.3,22.3,14.3,1.0,1.3222
2826,Tech Mahindra,Senior Data Scientist,4,16.4L,7.1L,25.0L,20,7.1,16.4,25.0,17.9,1.0915,1.3222
5305,Affine Analytics,Senior Data Scientist,1,9.9L,7.6L,16.0L,20,7.6,9.9,16.0,8.4,0.8485,1.3222
4608,Wolters Kluwer,Senior Data Scientist,6,23.7L,18.0L,30.0L,19,18.0,23.7,30.0,12.0,0.5063,1.301
1636,Harman Connected Services,Senior Data Scientist,4,16.0L,11.5L,22.0L,19,11.5,16.0,22.0,10.5,0.6562,1.301
4035,L&T Infotech,Senior Data Scientist,2,20.0L,12.3L,28.0L,19,12.3,20.0,28.0,15.7,0.785,1.301
4536,Reliance jio,Senior Data Scientist,4,30.0L,18.5L,46.0L,18,18.5,30.0,46.0,27.5,0.9167,1.2788
7545,Sapient Corporation,Senior Data Scientist,2,21.1L,14.2L,28.5L,18,14.2,21.1,28.5,14.3,0.6777,1.2788
4871,Coforge,Senior Data Scientist,4,15.0L,15.0L,15.2L,18,15.0,15.0,15.2,0.2,0.0133,1.2788
3769,Lowe's,Senior Data Scientist,4,25.0L,16.0L,33.0L,17,16.0,25.0,33.0,17.0,0.68,1.2553
5206,Blue Yonder,Senior Data Scientist,2,31.6L,18.0L,50.0L,17,18.0,31.6,50.0,32.0,1.0127,1.2553
2399,Bosch Global Software Technologies,Senior Data Scientist,2,24.1L,16.1L,30.0L,16,16.1,24.1,30.0,13.9,0.5768,1.2304
5977,Nielsen,Senior Data Scientist,2,9.9L,7.9L,13.7L,16,7.9,9.9,13.7,5.8,0.5859,1.2304
8313,Oracle,Senior Data Scientist,3,25.2L,20.0L,37.0L,16,20.0,25.2,37.0,17.0,0.6746,1.2304
1048,Happiest Minds Technologies,Senior Data Scientist,5,16.4L,9.0L,26.0L,15,9.0,16.4,26.0,17.0,1.0366,1.2041
6876,DXC Technology,Senior Data Scientist,7,17.1L,11.0L,25.0L,15,11.0,17.1,25.0,14.0,0.8187,1.2041
8746,PayPal,Senior Data Scientist,6,40.7L,30.0L,45.0L,15,30.0,40.7,45.0,15.0,0.3686,1.2041
3412,Citibank,Senior Data Scientist,4,22.8L,16.0L,30.0L,15,16.0,22.8,30.0,14.0,0.614,1.2041
3232,Innominds Software,Senior Data Scientist,4,18.6L,13.5L,27.5L,14,13.5,18.6,27.5,14.0,0.7527,1.1761
7628,Bajaj Finserv,Senior Data Scientist,1,17.6L,10.0L,27.8L,14,10.0,17.6,27.8,17.8,1.0114,1.1761
6757,Honeywell Technology Solutions,Senior Data Scientist,2,18.4L,10.0L,35.0L,14,10.0,18.4,35.0,25.0,1.3587,1.1761
8691,eClerx,Senior Data Scientist,2,15.3L,11.0L,21.6L,14,11.0,15.3,21.6,10.6,0.6928,1.1761
2056,VMware Software,Senior Data Scientist,2,23.1L,16.0L,36.5L,14,16.0,23.1,36.5,20.5,0.8874,1.1761
3305,PwC,Senior Data Scientist,4,21.2L,13.0L,30.0L,14,13.0,21.2,30.0,17.0,0.8019,1.1761
3024,EXL Service,Senior Data Scientist,3,19.5L,14.5L,30.0L,13,14.5,19.5,30.0,15.5,0.7949,1.1461
6387,Mercedes-Benz Research & Development India,Senior Data Scientist,3,18.0L,10.0L,35.0L,13,10.0,18.0,35.0,25.0,1.3889,1.1461
3184,Mindtree,Senior Data Scientist,5,17.8L,9.0L,28.1L,13,9.0,17.8,28.1,19.1,1.073,1.1461
2768,Wells Fargo India,Senior Data Scientist,5,23.1L,14.0L,30.0L,13,14.0,23.1,30.0,16.0,0.6926,1.1461
8216,Genpact,Senior Data Scientist,4,24.2L,10.0L,35.0L,12,10.0,24.2,35.0,25.0,1.0331,1.1139
7790,Course5,Senior Data Scientist,3,11.7L,9.0L,17.0L,12,9.0,11.7,17.0,8.0,0.6838,1.1139
6413,JP Morgan Chase,Senior Data Scientist,5,27.7L,14.0L,51.0L,12,14.0,27.7,51.0,37.0,1.3357,1.1139
5608,MasterCard,Senior Data Scientist,2,25.5L,18.2L,36.0L,12,18.2,25.5,36.0,17.8,0.698,1.1139
3133,GE Healthcare,Senior Data Scientist,3,28.0L,24.0L,33.0L,11,24.0,28.0,33.0,9.0,0.3214,1.0792
6009,IHS Markit,Senior Data Scientist,5,22.5L,16.0L,29.0L,11,16.0,22.5,29.0,13.0,0.5778,1.0792
5677,NIIT Technologies,Senior Data Scientist,2,15.3L,15.0L,16.0L,11,15.0,15.3,16.0,1.0,0.0654,1.0792
8520,Gramener,Senior Data Scientist,2,14.4L,10.0L,20.8L,11,10.0,14.4,20.8,10.8,0.75,1.0792
8214,Ford Motor,Senior Data Scientist,4,17.6L,16.4L,19.5L,11,16.4,17.6,19.5,3.1,0.1761,1.0792
5154,TheMathCompany,Senior Data Scientist,4,14.8L,12.0L,18.0L,11,12.0,14.8,18.0,6.0,0.4054,1.0792
8311,Legato Health Technologies,Senior Data Scientist,4,21.2L,15.6L,26.0L,11,15.6,21.2,26.0,10.4,0.4906,1.0792
4278,Dell,Senior Data Scientist,3,23.2L,15.0L,32.0L,11,15.0,23.2,32.0,17.0,0.7328,1.0792
7282,Great Learning,Senior Data Scientist,3,12.3L,11.0L,14.0L,11,11.0,12.3,14.0,3.0,0.2439,1.0792
1989,Morningstar,Senior Data Scientist,4,19.7L,16.2L,24.6L,10,16.2,19.7,24.6,8.4,0.4264,1.0414
8572,Hewlett-Packard Enterprise,Senior Data Scientist,3,20.7L,17.0L,30.0L,10,17.0,20.7,30.0,13.0,0.628,1.0414
7915,Tredence,Senior Data Scientist,3,18.4L,12.4L,26.0L,10,12.4,18.4,26.0,13.6,0.7391,1.0414
1971,UST,Senior Data Scientist,3,12.1L,10.3L,16.0L,10,10.3,12.1,16.0,5.7,0.4711,1.0414
2856,ValueLabs,Senior Data Scientist,3,21.1L,10.3L,26.5L,10,10.3,21.1,26.5,16.2,0.7678,1.0414
8839,Novartis Healthcare,Senior Data Scientist,5,30.5L,16.0L,51.0L,10,16.0,30.5,51.0,35.0,1.1475,1.0414
7769,Vodafone Idea,Senior Data Scientist,4,22.7L,13.1L,32.7L,10,13.1,22.7,32.7,19.6,0.8634,1.0414
7832,Nagarro,Senior Data Scientist,2,18.0L,14.3L,25.0L,10,14.3,18.0,25.0,10.7,0.5944,1.0414
8202,HERE Technologies,Senior Data Scientist,6,27.1L,22.5L,30.0L,9,22.5,27.1,30.0,7.5,0.2768,1.0
1426,Globant,Senior Data Scientist,2,17.8L,13.0L,26.0L,9,13.0,17.8,26.0,13.0,0.7303,1.0
4581,Baker Hughes,Senior Data Scientist,3,27.4L,23.0L,32.0L,9,23.0,27.4,32.0,9.0,0.3285,1.0
7782,Tiger Analytics,Senior Data Scientist,5,22.2L,18.0L,27.5L,9,18.0,22.2,27.5,9.5,0.4279,1.0
6515,Epsilon,Senior Data Scientist,4,23.2L,19.0L,26.0L,8,19.0,23.2,26.0,7.0,0.3017,0.9542
7872,AntWorks,Senior Data Scientist,3,20.6L,14.0L,30.0L,8,14.0,20.6,30.0,16.0,0.7767,0.9542
5128,Altimetrik,Senior Data Scientist,4,18.3L,12.0L,26.0L,8,12.0,18.3,26.0,14.0,0.765,0.9542
8414,Info Edge,Senior Data Scientist,1,30.9L,21.0L,37.0L,8,21.0,30.9,37.0,16.0,0.5178,0.9542
8715,Sigmoid Analytics,Senior Data Scientist,2,22.5L,15.0L,30.0L,8,15.0,22.5,30.0,15.0,0.6667,0.9542
4765,Eli Lilly and Company,Senior Data Scientist,4,26.8L,22.5L,32.0L,8,22.5,26.8,32.0,9.5,0.3545,0.9542
1857,Lam Research,Senior Data Scientist,3,16.5L,13.9L,20.0L,8,13.9,16.5,20.0,6.1,0.3697,0.9542
2400,GE Aviation,Senior Data Scientist,5,22.1L,14.5L,29.0L,8,14.5,22.1,29.0,14.5,0.6561,0.9542
5007,Iris Software,Senior Data Scientist,6,23.0L,17.0L,27.0L,8,17.0,23.0,27.0,10.0,0.4348,0.9542
1303,Claim Genius,Senior Data Scientist,3,21.4L,18.4L,27.0L,8,18.4,21.4,27.0,8.6,0.4019,0.9542
6735,ZS,Senior Data Scientist,1,18.0L,14.5L,24.0L,8,14.5,18.0,24.0,9.5,0.5278,0.9542
7619,Mphasis,Senior Data Scientist,2,13.3L,11.0L,15.4L,8,11.0,13.3,15.4,4.4,0.3308,0.9542
8261,NielsenIQ,Senior Data Scientist,3,8.7L,8.0L,9.4L,8,8.0,8.7,9.4,1.4,0.1609,0.9542
1570,Mu Sigma,Senior Data Scientist,3,14.5L,12.3L,15.0L,7,12.3,14.5,15.0,2.7,0.1862,0.9031
6276,BNY Mellon,Senior Data Scientist,1,16.9L,5.2L,25.0L,7,5.2,16.9,25.0,19.8,1.1716,0.9031
3583,Yash Technologies,Senior Data Scientist,5,18.4L,12.1L,23.5L,7,12.1,18.4,23.5,11.4,0.6196,0.9031
8310,Franklin Templeton Investments,Senior Data Scientist,7,27.3L,22.0L,32.0L,7,22.0,27.3,32.0,10.0,0.3663,0.9031
5918,Philips,Senior Data Scientist,5,22.6L,19.0L,25.9L,7,19.0,22.6,25.9,6.9,0.3053,0.9031
8828,DBS Bank,Senior Data Scientist,4,20.6L,16.5L,25.0L,7,16.5,20.6,25.0,8.5,0.4126,0.9031
5587,International School of Engineering,Senior Data Scientist,9,20.2L,15.0L,25.0L,7,15.0,20.2,25.0,10.0,0.495,0.9031
4169,Johnson Controls,Senior Data Scientist,4,25.1L,18.5L,32.0L,7,18.5,25.1,32.0,13.5,0.5378,0.9031
1175,Bajaj Finance,Senior Data Scientist,1,20.0L,16.0L,30.0L,7,16.0,20.0,30.0,14.0,0.7,0.9031
4121,Ganit Business Solutions,Senior Data Scientist,5,18.9L,15.5L,21.5L,7,15.5,18.9,21.5,6.0,0.3175,0.9031
2917,Xoriant,Senior Data Scientist,6,18.6L,15.0L,23.5L,7,15.0,18.6,23.5,8.5,0.457,0.9031
1792,o9 Solutions,Senior Data Scientist,4,21.5L,13.5L,28.0L,7,13.5,21.5,28.0,14.5,0.6744,0.9031
8525,Verizon,Senior Data Scientist,7,26.7L,11.0L,37.0L,6,11.0,26.7,37.0,26.0,0.9738,0.8451
7251,Shell,Senior Data Scientist,6,29.8L,22.0L,35.5L,6,22.0,29.8,35.5,13.5,0.453,0.8451
7877,Zensar Technologies,Senior Data Scientist,4,18.2L,14.0L,22.0L,6,14.0,18.2,22.0,8.0,0.4396,0.8451
3689,McKinsey & Company,Senior Data Scientist,6,18.2L,1.0L,31.0L,6,1.0,18.2,31.0,30.0,1.6484,0.8451
6252,Apexon,Senior Data Scientist,4,10.3L,9.0L,11.1L,6,9.0,10.3,11.1,2.1,0.2039,0.8451
4268,GE,Senior Data Scientist,4,23.1L,16.0L,30.0L,6,16.0,23.1,30.0,14.0,0.6061,0.8451
5440,Johnson & Johnson,Senior Data Scientist,5,24.1L,17.0L,35.0L,6,17.0,24.1,35.0,18.0,0.7469,0.8451
1127,Cerner,Senior Data Scientist,6,28.9L,23.7L,35.8L,6,23.7,28.9,35.8,12.1,0.4187,0.8451
1233,Algonomy,Senior Data Scientist,2,28.3L,23.0L,32.0L,6,23.0,28.3,32.0,9.0,0.318,0.8451
2330,Ecolab Food Safety & Hygiene Solutions,Senior Data Scientist,4,13.9L,11.5L,18.0L,6,11.5,13.9,18.0,6.5,0.4676,0.8451
6063,L&T Technology Services,Senior Data Scientist,4,15.2L,9.0L,24.0L,6,9.0,15.2,24.0,15.0,0.9868,0.8451
3956,American Express,Senior Data Scientist,3,23.3L,22.0L,25.1L,6,22.0,23.3,25.1,3.1,0.133,0.8451
4716,Yum!,Senior Data Scientist,2,15.3L,11.0L,17.8L,6,11.0,15.3,17.8,6.8,0.4444,0.8451
8277,Indium Software,Senior Data Scientist,2,14.5L,8.8L,20.0L,6,8.8,14.5,20.0,11.2,0.7724,0.8451
6415,Cummins,Senior Data Scientist,3,23.2L,17.8L,29.9L,6,17.8,23.2,29.9,12.1,0.5216,0.8451
5071,Eversana,Senior Data Scientist,4,14.3L,12.0L,17.8L,6,12.0,14.3,17.8,5.8,0.4056,0.8451
3850,Paytm,Senior Data Scientist,3,31.6L,27.0L,40.0L,6,27.0,31.6,40.0,13.0,0.4114,0.8451
5470,Citicorp,Senior Data Scientist,6,28.3L,21.0L,35.0L,6,21.0,28.3,35.0,14.0,0.4947,0.8451
4053,Quantium Analytics,Senior Data Scientist,5,25.0L,24.0L,27.0L,6,24.0,25.0,27.0,3.0,0.12,0.8451
1323,MKS Vision,Senior Data Scientist,7,18.1L,15.0L,22.0L,6,15.0,18.1,22.0,7.0,0.3867,0.8451
7743,Oyo Rooms,Senior Data Scientist,3,31.0L,20.0L,42.0L,5,20.0,31.0,42.0,22.0,0.7097,0.7782
1930,Yodlee,Senior Data Scientist,2,32.1L,27.0L,36.0L,5,27.0,32.1,36.0,9.0,0.2804,0.7782
6013,CitiusTech,Senior Data Scientist,7,17.8L,15.0L,19.5L,5,15.0,17.8,19.5,4.5,0.2528,0.7782
6927,SAP,Senior Data Scientist,7,36.6L,17.2L,51.0L,5,17.2,36.6,51.0,33.8,0.9235,0.7782
5030,Teleperformance,Senior Data Scientist,3,16.2L,10.0L,20.0L,5,10.0,16.2,20.0,10.0,0.6173,0.7782
2427,V2 Solutions,Senior Data Scientist,2,8.5L,8.5L,8.6L,5,8.5,8.5,8.6,0.1,0.0118,0.7782
8211,Dun & Bradstreet,Senior Data Scientist,2,11.9L,9.5L,13.5L,5,9.5,11.9,13.5,4.0,0.3361,0.7782
7934,Nvidia,Senior Data Scientist,2,21.3L,10.0L,28.0L,5,10.0,21.3,28.0,18.0,0.8451,0.7782
5531,AlgoAnalytics Financial Consultancy,Senior Data Scientist,3,18.9L,16.5L,20.7L,5,16.5,18.9,20.7,4.2,0.2222,0.7782
8873,Reliance Industries,Senior Data Scientist,5,10.0L,9.0L,11.0L,5,9.0,10.0,11.0,2.0,0.2,0.7782
3536,Scienaptic Systems,Senior Data Scientist,6,19.7L,15.0L,23.5L,5,15.0,19.7,23.5,8.5,0.4315,0.7782
8710,Freelance Consultants,Senior Data Scientist,7,31.7L,18.6L,42.0L,5,18.6,31.7,42.0,23.4,0.7382,0.7782
1576,Decision Point,Senior Data Scientist,3,22.4L,19.0L,25.0L,5,19.0,22.4,25.0,6.0,0.2679,0.7782
7203,IDFC FIRST Bank,Senior Data Scientist,4,20.8L,14.0L,26.0L,5,14.0,20.8,26.0,12.0,0.5769,0.7782
8637,Thomson Reuters,Senior Data Scientist,4,18.4L,10.0L,27.5L,5,10.0,18.4,27.5,17.5,0.9511,0.7782
6054,Synechron,Senior Data Scientist,3,12.0L,9.5L,16.0L,5,9.5,12.0,16.0,6.5,0.5417,0.7782
5117,Akamai Technologies,Senior Data Scientist,4,27.3L,22.5L,34.0L,5,22.5,27.3,34.0,11.5,0.4212,0.7782
2993,Quest Global,Senior Data Scientist,4,22.8L,14.0L,41.0L,5,14.0,22.8,41.0,27.0,1.1842,0.7782
7783,GEP Worldwide,Senior Data Scientist,6,24.4L,22.0L,32.0L,5,22.0,24.4,32.0,10.0,0.4098,0.7782
7361,Hinduja Global Solutions,Senior Data Scientist,3,15.6L,4.0L,24.7L,5,4.0,15.6,24.7,20.7,1.3269,0.7782
7586,ACL Digital,Senior Data Scientist,3,18.8L,10.7L,25.0L,5,10.7,18.8,25.0,14.3,0.7606,0.7782
7673,Innova Solutions,Senior Data Scientist,4,39.7L,6.0L,97.0L,5,6.0,39.7,97.0,91.0,2.2922,0.7782
8988,Automatic Data Processing,Senior Data Scientist,9,34.4L,27.0L,39.4L,5,27.0,34.4,39.4,12.4,0.3605,0.7782
3559,Brillio,Senior Data Scientist,4,21.2L,12.0L,34.0L,5,12.0,21.2,34.0,22.0,1.0377,0.7782
8533,Boeing,Senior Data Scientist,8,27.6L,25.2L,30.0L,5,25.2,27.6,30.0,4.8,0.1739,0.7782
3530,Flipkart,Senior Data Scientist,5,82.0L,55.0L,100.0L,5,55.0,82.0,100.0,45.0,0.5488,0.7782
7995,ITC Infotech India,Senior Data Scientist,3,14.9L,12.0L,18.5L,5,12.0,14.9,18.5,6.5,0.4362,0.7782
7241,Decision Minds,Senior Data Scientist,5,19.0L,13.0L,22.4L,5,13.0,19.0,22.4,9.4,0.4947,0.7782
8716,Neal Analytics,Senior Data Scientist,4,23.6L,21.0L,29.0L,5,21.0,23.6,29.0,8.0,0.339,0.7782
1258,HALODOC,Senior Data Scientist,2,27.4L,18.0L,38.0L,5,18.0,27.4,38.0,20.0,0.7299,0.7782
7097,Samsung Research,Senior Data Scientist,2,31.7L,20.5L,40.0L,5,20.5,31.7,40.0,19.5,0.6151,0.7782
6705,Neewee Analytics,Senior Data Scientist,3,14.9L,12.1L,21.5L,5,12.1,14.9,21.5,9.4,0.6309,0.7782
1953,Subex,Senior Data Scientist,4,25.2L,11.8L,37.0L,5,11.8,25.2,37.0,25.2,1.0,0.7782
6860,BCG,Senior Data Scientist,3,20.2L,19.8L,21.5L,5,19.8,20.2,21.5,1.7,0.0842,0.7782
8110,Hitachi Vantara,Senior Data Scientist,7,24.6L,18.7L,35.0L,5,18.7,24.6,35.0,16.3,0.6626,0.7782
5292,ZF Group,Senior Data Scientist,2,16.8L,14.5L,20.3L,5,14.5,16.8,20.3,5.8,0.3452,0.7782
1651,DUNNHUMBY IT SERVICES INDIA,Senior Data Scientist,2,12.3L,11.0L,15.0L,5,11.0,12.3,15.0,4.0,0.3252,0.7782
7071,Decimal Point Analytics,Senior Data Scientist,2,20.2L,12.2L,24.0L,5,12.2,20.2,24.0,11.8,0.5842,0.7782
5831,Koch Business Solutions,Senior Data Scientist,4,39.6L,23.0L,51.0L,5,23.0,39.6,51.0,28.0,0.7071,0.7782
8995,Noodle.Ai,Senior Data Scientist,2,21.7L,18.0L,26.0L,5,18.0,21.7,26.0,8.0,0.3687,0.7782
2410,Publicis,Senior Data Scientist,5,18.0L,15.0L,28.0L,5,15.0,18.0,28.0,13.0,0.7222,0.7782
3485,Ecolab Digital Center,Senior Data Scientist,4,22.7L,19.3L,26.1L,5,19.3,22.7,26.1,6.8,0.2996,0.7782
6779,PepsiCo,Senior Data Scientist,8,29.5L,19.0L,39.5L,5,19.0,29.5,39.5,20.5,0.6949,0.7782
8055,TEKsystems,Senior Data Scientist,3,18.2L,9.0L,23.0L,5,9.0,18.2,23.0,14.0,0.7692,0.7782
6706,Chubb Group,Senior Data Scientist,4,16.6L,13.5L,21.0L,5,13.5,16.6,21.0,7.5,0.4518,0.7782
4224,Amnet Digital,Senior Data Scientist,2,11.8L,1.0L,18.0L,5,1.0,11.8,18.0,17.0,1.4407,0.7782
7913,Blend360,Senior Data Scientist,5,30.4L,26.3L,35.0L,5,26.3,30.4,35.0,8.7,0.2862,0.7782
2607,Kyndryl,Senior Data Scientist,3,44.4L,11.6L,93.0L,5,11.6,44.4,93.0,81.4,1.8333,0.7782
6579,HSBC,Senior Data Scientist,0,24.6L,22.0L,28.0L,5,22.0,24.6,28.0,6.0,0.2439,0.7782
6967,Chegg,Senior Data Scientist,3,32.2L,29.9L,35.0L,5,29.9,32.2,35.0,5.1,0.1584,0.7782
1872,First Source,Senior Data Scientist,10,29.0L,28.0L,30.0L,4,28.0,29.0,30.0,2.0,0.069,0.699
5957,Caterpillar Inc,Senior Data Scientist,9,22.8L,20.3L,24.0L,4,20.3,22.8,24.0,3.7,0.1623,0.699
2963,Pitney Bowes,Senior Data Scientist,3,17.5L,14.1L,22.0L,4,14.1,17.5,22.0,7.9,0.4514,0.699
5691,MSCI,Senior Data Scientist,6,38.4L,35.4L,42.0L,4,35.4,38.4,42.0,6.6,0.1719,0.699
7698,Accolite Digital,Senior Data Scientist,2,12.8L,11.0L,14.0L,4,11.0,12.8,14.0,3.0,0.2344,0.699
1187,Adobe,Senior Data Scientist,8,40.0L,30.0L,50.0L,4,30.0,40.0,50.0,20.0,0.5,0.699
5430,Omega Healthcare,Senior Data Scientist,7,14.1L,10.8L,15.8L,4,10.8,14.1,15.8,5.0,0.3546,0.699
4444,Western Union,Senior Data Scientist,4,22.2L,20.0L,25.0L,4,20.0,22.2,25.0,5.0,0.2252,0.699
3757,HDFC Bank,Senior Data Scientist,6,25.1L,15.2L,33.0L,4,15.2,25.1,33.0,17.8,0.7092,0.699
5615,Tata Motors,Senior Data Scientist,4,11.5L,5.8L,14.0L,4,5.8,11.5,14.0,8.2,0.713,0.699
1099,EdgeVerve Systems,Senior Data Scientist,5,20.4L,12.0L,27.5L,4,12.0,20.4,27.5,15.5,0.7598,0.699
3183,Aditya Birla Group,Senior Data Scientist,7,28.0L,26.0L,30.0L,4,26.0,28.0,30.0,4.0,0.1429,0.699
1012,Commonwealth Bank of Australia,Senior Data Scientist,4,31.8L,27.0L,35.0L,4,27.0,31.8,35.0,8.0,0.2516,0.699
7529,Swiss Re,Senior Data Scientist,5,26.9L,11.9L,34.5L,4,11.9,26.9,34.5,22.6,0.8401,0.699
3314,TCS,Senior Business Analyst,3,7.7L,3.5L,14.0L,1100,3.5,7.7,14.0,10.5,1.3636,3.0418
5537,Accenture,Senior Business Analyst,3,10.3L,5.5L,15.4L,1100,5.5,10.3,15.4,9.9,0.9612,3.0418
5680,Evalueserve,Senior Business Analyst,2,9.8L,7.1L,13.8L,1000,7.1,9.8,13.8,6.7,0.6837,3.0004
2340,Cognizant,Senior Business Analyst,2,13.9L,9.0L,18.7L,616,9.0,13.9,18.7,9.7,0.6978,2.7903
3264,HCL Technologies,Senior Business Analyst,4,11.9L,6.4L,18.5L,384,6.4,11.9,18.5,12.1,1.0168,2.5855
7302,Tech Mahindra,Senior Business Analyst,4,9.9L,5.5L,16.5L,382,5.5,9.9,16.5,11.0,1.1111,2.5832
4176,EXL Service,Senior Business Analyst,2,8.8L,6.2L,12.0L,308,6.2,8.8,12.0,5.8,0.6591,2.49
8782,Wipro,Senior Business Analyst,4,12.8L,6.1L,22.0L,280,6.1,12.8,22.0,15.9,1.2422,2.4487
4282,Fidelity National Information Services,Senior Business Analyst,4,15.0L,6.5L,22.0L,267,6.5,15.0,22.0,15.5,1.0333,2.4281
8284,Cgi Group,Senior Business Analyst,5,10.7L,7.2L,15.0L,225,7.2,10.7,15.0,7.8,0.729,2.3541
4066,L&T Infotech,Senior Business Analyst,3,11.7L,7.0L,17.3L,223,7.0,11.7,17.3,10.3,0.8803,2.3502
5476,HSBC,Senior Business Analyst,6,17.1L,9.2L,24.0L,219,9.2,17.1,24.0,14.8,0.8655,2.3424
3490,Capgemini,Senior Business Analyst,2,11.6L,4.5L,20.0L,213,4.5,11.6,20.0,15.5,1.3362,2.3304
6916,Newgen Software Technologies,Senior Business Analyst,3,11.1L,9.0L,14.4L,170,9.0,11.1,14.4,5.4,0.4865,2.233
5322,IBM,Senior Business Analyst,3,12.4L,5.1L,22.0L,158,5.1,12.4,22.0,16.9,1.3629,2.2014
2591,Quantiphi Analytics Solutions,Senior Business Analyst,2,15.0L,11.3L,19.0L,152,11.3,15.0,19.0,7.7,0.5133,2.1847
4115,Tredence,Senior Business Analyst,2,11.2L,9.0L,14.0L,150,9.0,11.2,14.0,5.0,0.4464,2.179
6000,Conduent,Senior Business Analyst,4,8.8L,6.0L,13.0L,146,6.0,8.8,13.0,7.0,0.7955,2.1673
3354,Temenos,Senior Business Analyst,5,13.2L,9.5L,17.1L,145,9.5,13.2,17.1,7.6,0.5758,2.1644
6839,Amadeus,Senior Business Analyst,4,14.8L,12.0L,18.5L,128,12.0,14.8,18.5,6.5,0.4392,2.1106
7669,Infosys,Senior Business Analyst,4,12.9L,7.0L,21.0L,128,7.0,12.9,21.0,14.0,1.0853,2.1106
8148,American Express,Senior Business Analyst,2,9.2L,5.0L,18.5L,118,5.0,9.2,18.5,13.5,1.4674,2.0755
2355,Deloitte,Senior Business Analyst,3,11.5L,6.8L,20.0L,118,6.8,11.5,20.0,13.2,1.1478,2.0755
5271,DXC Technology,Senior Business Analyst,5,12.0L,7.0L,19.0L,117,7.0,12.0,19.0,12.0,1.0,2.0719
2420,Ernst & Young,Senior Business Analyst,3,14.1L,6.3L,22.7L,110,6.3,14.1,22.7,16.4,1.1631,2.0453
1879,Exl India,Senior Business Analyst,1,9.0L,6.8L,12.0L,109,6.8,9.0,12.0,5.2,0.5778,2.0414
2579,bnp paribas india solutions,Senior Business Analyst,6,14.6L,8.6L,21.0L,94,8.6,14.6,21.0,12.4,0.8493,1.9777
5015,VMware Software,Senior Business Analyst,6,18.5L,11.7L,24.8L,92,11.7,18.5,24.8,13.1,0.7081,1.9685
4510,Zensar Technologies,Senior Business Analyst,5,12.1L,7.5L,19.5L,91,7.5,12.1,19.5,12.0,0.9917,1.9638
1740,Ramco Systems,Senior Business Analyst,3,12.7L,8.7L,18.0L,90,8.7,12.7,18.0,9.3,0.7323,1.959
3672,Dell,Senior Business Analyst,2,11.6L,8.5L,15.5L,84,8.5,11.6,15.5,7.0,0.6034,1.9294
2044,JP Morgan Chase,Senior Business Analyst,4,12.3L,5.1L,23.0L,84,5.1,12.3,23.0,17.9,1.4553,1.9294
4426,UnitedHealth,Senior Business Analyst,3,12.5L,7.0L,19.2L,83,7.0,12.5,19.2,12.2,0.976,1.9243
6237,BNP Paribas,Senior Business Analyst,6,15.8L,9.5L,24.0L,82,9.5,15.8,24.0,14.5,0.9177,1.9191
8896,NTT DATA,Senior Business Analyst,4,10.9L,6.1L,19.0L,80,6.1,10.9,19.0,12.9,1.1835,1.9085
5686,Flipkart,Senior Business Analyst,3,20.4L,14.0L,27.5L,79,14.0,20.4,27.5,13.5,0.6618,1.9031
8628,Oracle,Senior Business Analyst,4,10.2L,5.1L,22.0L,79,5.1,10.2,22.0,16.9,1.6569,1.9031
8681,Merkle Sokrati,Senior Business Analyst,1,7.0L,6.2L,8.4L,76,6.2,7.0,8.4,2.2,0.3143,1.8865
7222,Societe Generale,Senior Business Analyst,5,15.2L,7.1L,22.5L,74,7.1,15.2,22.5,15.4,1.0132,1.8751
3712,NatWest Group,Senior Business Analyst,3,11.1L,4.3L,23.2L,71,4.3,11.1,23.2,18.9,1.7027,1.8573
5392,Allianz Technology,Senior Business Analyst,5,11.9L,8.0L,16.0L,69,8.0,11.9,16.0,8.0,0.6723,1.8451
6869,Hexaware Technologies,Senior Business Analyst,4,9.7L,4.0L,19.0L,68,4.0,9.7,19.0,15.0,1.5464,1.8388
5065,Amazon,Senior Business Analyst,3,20.1L,4.5L,30.0L,67,4.5,20.1,30.0,25.5,1.2687,1.8325
4438,EPAM Systems,Senior Business Analyst,7,21.9L,17.0L,25.5L,64,17.0,21.9,25.5,8.5,0.3881,1.8129
7547,Deutsche Bank,Senior Business Analyst,4,7.2L,5.0L,12.5L,64,5.0,7.2,12.5,7.5,1.0417,1.8129
5261,BNY Mellon,Senior Business Analyst,4,8.7L,5.1L,15.0L,63,5.1,8.7,15.0,9.9,1.1379,1.8062
7279,Legato Health Technologies,Senior Business Analyst,5,14.6L,9.4L,20.0L,63,9.4,14.6,20.0,10.6,0.726,1.8062
8217,Iris Software,Senior Business Analyst,7,20.5L,15.5L,27.0L,63,15.5,20.5,27.0,11.5,0.561,1.8062
8704,NetCracker,Senior Business Analyst,10,28.0L,21.0L,36.0L,62,21.0,28.0,36.0,15.0,0.5357,1.7993
7026,Globant,Senior Business Analyst,5,16.7L,12.7L,20.8L,62,12.7,16.7,20.8,8.1,0.485,1.7993
6295,Genpact,Senior Business Analyst,3,8.0L,4.1L,16.4L,62,4.1,8.0,16.4,12.3,1.5375,1.7993
6209,Broadridge Financial Solutions,Senior Business Analyst,3,10.8L,7.2L,16.0L,62,7.2,10.8,16.0,8.8,0.8148,1.7993
6702,Credit Suisse,Senior Business Analyst,4,16.3L,10.0L,23.4L,62,10.0,16.3,23.4,13.4,0.8221,1.7993
1245,Tiger Analytics,Senior Business Analyst,2,13.8L,11.5L,15.0L,61,11.5,13.8,15.0,3.5,0.2536,1.7924
4222,Novartis Healthcare,Senior Business Analyst,3,13.0L,9.5L,18.0L,58,9.5,13.0,18.0,8.5,0.6538,1.7709
6565,Standard Chartered Bank,Senior Business Analyst,3,15.0L,4.1L,30.0L,56,4.1,15.0,30.0,25.9,1.7267,1.7559
5672,Wells Fargo India,Senior Business Analyst,5,15.5L,8.5L,23.6L,55,8.5,15.5,23.6,15.1,0.9742,1.7482
8626,Shell,Senior Business Analyst,7,25.6L,15.5L,35.2L,53,15.5,25.6,35.2,19.7,0.7695,1.7324
4665,Synechron,Senior Business Analyst,6,17.6L,9.8L,25.0L,53,9.8,17.6,25.0,15.2,0.8636,1.7324
5949,GEP Worldwide,Senior Business Analyst,2,10.3L,6.8L,12.3L,52,6.8,10.3,12.3,5.5,0.534,1.7243
2936,3i Infotech,Senior Business Analyst,4,10.8L,6.9L,16.1L,51,6.9,10.8,16.1,9.2,0.8519,1.716
3550,ValueMomentum,Senior Business Analyst,4,12.0L,8.5L,18.5L,50,8.5,12.0,18.5,10.0,0.8333,1.7076
1297,Mphasis,Senior Business Analyst,3,12.6L,4.2L,20.0L,50,4.2,12.6,20.0,15.8,1.254,1.7076
5028,Capita,Senior Business Analyst,5,12.6L,7.0L,17.0L,49,7.0,12.6,17.0,10.0,0.7937,1.699
6966,UST,Senior Business Analyst,5,13.4L,9.0L,20.0L,49,9.0,13.4,20.0,11.0,0.8209,1.699
5855,Citicorp,Senior Business Analyst,3,15.7L,6.0L,25.0L,49,6.0,15.7,25.0,19.0,1.2102,1.699
8478,Optum,Senior Business Analyst,4,13.3L,5.5L,19.8L,47,5.5,13.3,19.8,14.3,1.0752,1.6812
2785,Barclays,Senior Business Analyst,3,14.2L,7.1L,22.7L,47,7.1,14.2,22.7,15.6,1.0986,1.6812
4269,IQVIA,Senior Business Analyst,5,17.7L,11.3L,26.5L,47,11.3,17.7,26.5,15.2,0.8588,1.6812
1209,Epsilon,Senior Business Analyst,5,14.5L,10.0L,18.2L,46,10.0,14.5,18.2,8.2,0.5655,1.6721
4031,Etech Global Services,Senior Business Analyst,3,9.2L,7.0L,12.1L,46,7.0,9.2,12.1,5.1,0.5543,1.6721
2872,Sapiens,Senior Business Analyst,5,18.0L,13.8L,22.7L,44,13.8,18.0,22.7,8.9,0.4944,1.6532
8625,Concentrix Corporation,Senior Business Analyst,2,3.7L,2.7L,6.2L,43,2.7,3.7,6.2,3.5,0.9459,1.6435
4805,IBS Software Services,Senior Business Analyst,2,6.2L,4.3L,8.3L,42,4.3,6.2,8.3,4.0,0.6452,1.6335
5531,Hewlett-Packard Enterprise,Senior Business Analyst,3,7.9L,3.6L,16.0L,42,3.6,7.9,16.0,12.4,1.5696,1.6335
7625,WNS,Senior Business Analyst,2,6.5L,3.0L,13.6L,42,3.0,6.5,13.6,10.6,1.6308,1.6335
3384,eClerx,Senior Business Analyst,2,4.2L,3.2L,6.0L,42,3.2,4.2,6.0,2.8,0.6667,1.6335
3526,Citibank,Senior Business Analyst,3,19.5L,8.2L,25.5L,42,8.2,19.5,25.5,17.3,0.8872,1.6335
1317,Odessa,Senior Business Analyst,3,16.2L,12.3L,24.0L,41,12.3,16.2,24.0,11.7,0.7222,1.6232
7098,Fidelity International,Senior Business Analyst,5,15.9L,13.5L,19.0L,40,13.5,15.9,19.0,5.5,0.3459,1.6128
5556,Ameriprise Financial,Senior Business Analyst,4,9.6L,6.2L,16.3L,40,6.2,9.6,16.3,10.1,1.0521,1.6128
2399,Tsys Card Tech Services,Senior Business Analyst,6,15.7L,12.5L,18.9L,40,12.5,15.7,18.9,6.4,0.4076,1.6128
5975,Merilytics,Senior Business Analyst,0,7.8L,6.5L,9.5L,40,6.5,7.8,9.5,3.0,0.3846,1.6128
7350,Barclays Global Service Centre,Senior Business Analyst,3,12.5L,5.0L,22.9L,40,5.0,12.5,22.9,17.9,1.432,1.6128
5270,Unisys,Senior Business Analyst,5,12.7L,8.0L,17.3L,39,8.0,12.7,17.3,9.3,0.7323,1.6021
2018,Photon Interactive,Senior Business Analyst,4,9.9L,6.3L,15.0L,38,6.3,9.9,15.0,8.7,0.8788,1.5911
7004,Tata Technologies,Senior Business Analyst,4,8.7L,6.2L,14.0L,37,6.2,8.7,14.0,7.8,0.8966,1.5798
8937,Virtusa Consulting Services,Senior Business Analyst,5,15.8L,11.0L,22.5L,36,11.0,15.8,22.5,11.5,0.7278,1.5682
4665,Xceedance,Senior Business Analyst,5,13.4L,9.5L,18.6L,36,9.5,13.4,18.6,9.1,0.6791,1.5682
8147,Uber,Senior Business Analyst,2,13.4L,10.0L,19.0L,36,10.0,13.4,19.0,9.0,0.6716,1.5682
6091,CitiusTech,Senior Business Analyst,4,14.4L,9.5L,18.0L,35,9.5,14.4,18.0,8.5,0.5903,1.5563
2314,MetLife,Senior Business Analyst,0,6.0L,4.0L,9.3L,35,4.0,6.0,9.3,5.3,0.8833,1.5563
5942,eMids Technologies,Senior Business Analyst,5,15.3L,10.0L,21.0L,35,10.0,15.3,21.0,11.0,0.719,1.5563
4161,Standard Chartered Global Business Services,Senior Business Analyst,7,18.4L,11.0L,29.9L,35,11.0,18.4,29.9,18.9,1.0272,1.5563
3593,D Cube Analytics,Senior Business Analyst,2,11.7L,9.2L,14.0L,35,9.2,11.7,14.0,4.8,0.4103,1.5563
1187,Novo Nordisk,Senior Business Analyst,6,15.7L,10.3L,21.0L,34,10.3,15.7,21.0,10.7,0.6815,1.5441
1860,Affine Analytics,Senior Business Analyst,1,10.0L,8.0L,13.6L,34,8.0,10.0,13.6,5.6,0.56,1.5441
7981,Altisource,Senior Business Analyst,4,8.5L,5.2L,15.0L,33,5.2,8.5,15.0,9.8,1.1529,1.5315
4330,Mu Sigma,Senior Business Analyst,1,8.6L,6.3L,13.0L,32,6.3,8.6,13.0,6.7,0.7791,1.5185
8053,Meesho,Senior Business Analyst,2,19.3L,16.0L,23.0L,32,16.0,19.3,23.0,7.0,0.3627,1.5185
8227,Gartner,Senior Business Analyst,2,18.7L,12.5L,24.0L,32,12.5,18.7,24.0,11.5,0.615,1.5185
4919,LearningMate Solutions,Senior Business Analyst,3,10.5L,6.4L,14.0L,31,6.4,10.5,14.0,7.6,0.7238,1.5051
8784,R1 RCM,Senior Business Analyst,2,4.3L,3.5L,5.9L,31,3.5,4.3,5.9,2.4,0.5581,1.5051
1596,Sopra Steria,Senior Business Analyst,3,14.6L,10.0L,18.5L,31,10.0,14.6,18.5,8.5,0.5822,1.5051
2028,Fiserv,Senior Business Analyst,8,18.0L,11.0L,29.8L,31,11.0,18.0,29.8,18.8,1.0444,1.5051
1514,Harman Connected Services,Senior Business Analyst,3,12.3L,6.6L,20.0L,31,6.6,12.3,20.0,13.4,1.0894,1.5051
4027,Principal Global Services,Senior Business Analyst,4,13.3L,5.8L,17.5L,31,5.8,13.3,17.5,11.7,0.8797,1.5051
6835,Danske IT,Senior Business Analyst,7,18.7L,14.3L,24.1L,31,14.3,18.7,24.1,9.8,0.5241,1.5051
5675,Amdocs,Senior Business Analyst,6,17.6L,11.1L,24.9L,31,11.1,17.6,24.9,13.8,0.7841,1.5051
8110,Allscripts,Senior Business Analyst,5,13.9L,11.0L,17.7L,30,11.0,13.9,17.7,6.7,0.482,1.4914
7386,Collabera Technologies,Senior Business Analyst,4,11.7L,8.0L,20.0L,30,8.0,11.7,20.0,12.0,1.0256,1.4914
7112,Swiggy,Senior Business Analyst,2,18.4L,13.8L,22.0L,30,13.8,18.4,22.0,8.2,0.4457,1.4914
8914,Birlasoft,Senior Business Analyst,3,9.8L,6.0L,19.0L,29,6.0,9.8,19.0,13.0,1.3265,1.4771
1333,ValueLabs,Senior Business Analyst,6,14.9L,10.0L,20.0L,29,10.0,14.9,20.0,10.0,0.6711,1.4771
6451,Orange Business Services,Senior Business Analyst,5,12.8L,7.0L,20.0L,28,7.0,12.8,20.0,13.0,1.0156,1.4624
1417,Maersk,Senior Business Analyst,6,10.9L,5.0L,23.0L,28,5.0,10.9,23.0,18.0,1.6514,1.4624
7979,Gartner India Research and Advisory Services,Senior Business Analyst,3,20.4L,13.8L,26.0L,28,13.8,20.4,26.0,12.2,0.598,1.4624
1282,First Source,Senior Business Analyst,2,5.1L,3.4L,6.6L,27,3.4,5.1,6.6,3.2,0.6275,1.4472
3226,Barclays Shared Services,Senior Business Analyst,2,7.1L,4.0L,14.0L,27,4.0,7.1,14.0,10.0,1.4085,1.4472
3033,ICICI Bank,Senior Business Analyst,5,12.3L,5.3L,21.0L,27,5.3,12.3,21.0,15.7,1.2764,1.4472
4774,CES,Senior Business Analyst,5,7.4L,5.2L,9.5L,27,5.2,7.4,9.5,4.3,0.5811,1.4472
2098,Mercer,Senior Business Analyst,2,5.5L,2.8L,17.0L,27,2.8,5.5,17.0,14.2,2.5818,1.4472
8736,NatWest Markets,Senior Business Analyst,5,13.4L,5.0L,22.0L,27,5.0,13.4,22.0,17.0,1.2687,1.4472
8335,Xoriant,Senior Business Analyst,6,17.5L,11.5L,21.7L,27,11.5,17.5,21.7,10.2,0.5829,1.4472
5735,PwC,Senior Business Analyst,4,12.6L,6.0L,22.0L,27,6.0,12.6,22.0,16.0,1.2698,1.4472
6311,Statestreet HCL Services,Senior Business Analyst,1,3.0L,2.4L,3.6L,27,2.4,3.0,3.6,1.2,0.4,1.4472
3786,First American Corporation,Senior Business Analyst,5,13.4L,5.9L,18.5L,26,5.9,13.4,18.5,12.6,0.9403,1.4314
3274,MindGate Solutions,Senior Business Analyst,5,12.5L,8.0L,18.0L,26,8.0,12.5,18.0,10.0,0.8,1.4314
2422,Mindtree,Senior Business Analyst,4,16.9L,12.0L,22.0L,25,12.0,16.9,22.0,10.0,0.5917,1.415
1590,TEKsystems,Senior Business Analyst,5,15.6L,11.7L,20.5L,25,11.7,15.6,20.5,8.8,0.5641,1.415
5347,Decision Point,Senior Business Analyst,1,11.8L,10.0L,16.0L,24,10.0,11.8,16.0,6.0,0.5085,1.3979
5252,Thomson Reuters,Senior Business Analyst,4,11.7L,5.0L,19.5L,24,5.0,11.7,19.5,14.5,1.2393,1.3979
2685,Eurofins It Solutions,Senior Business Analyst,7,22.0L,16.0L,24.8L,24,16.0,22.0,24.8,8.8,0.4,1.3979
4404,Capco Technologies,Senior Business Analyst,7,18.2L,15.0L,20.2L,24,15.0,18.2,20.2,5.2,0.2857,1.3979
8792,Hsbc Technology,Senior Business Analyst,6,18.7L,13.0L,25.0L,24,13.0,18.7,25.0,12.0,0.6417,1.3979
2962,S&P Global,Senior Business Analyst,5,13.7L,9.0L,20.0L,24,9.0,13.7,20.0,11.0,0.8029,1.3979
5537,General Mills,Senior Business Analyst,4,13.4L,11.0L,16.0L,23,11.0,13.4,16.0,5.0,0.3731,1.3802
5757,Intellect Design Arena,Senior Business Analyst,6,17.2L,11.7L,22.5L,23,11.7,17.2,22.5,10.8,0.6279,1.3802
4924,Dell EMC,Senior Business Analyst,3,10.5L,8.5L,13.0L,23,8.5,10.5,13.0,4.5,0.4286,1.3802
5818,Ebix Software India,Senior Business Analyst,4,9.8L,6.5L,13.5L,23,6.5,9.8,13.5,7.0,0.7143,1.3802
3649,Northern Trust Operating Services,Senior Business Analyst,3,6.2L,4.9L,9.5L,23,4.9,6.2,9.5,4.6,0.7419,1.3802
4989,IVY Comptech,Senior Business Analyst,7,20.7L,16.2L,25.0L,23,16.2,20.7,25.0,8.8,0.4251,1.3802
1799,Atos Syntel,Senior Business Analyst,6,13.8L,7.0L,22.8L,23,7.0,13.8,22.8,15.8,1.1449,1.3802
6750,Provana,Senior Business Analyst,1,7.9L,5.5L,11.5L,23,5.5,7.9,11.5,6.0,0.7595,1.3802
5492,Coforge,Senior Business Analyst,6,17.1L,11.2L,23.0L,23,11.2,17.1,23.0,11.8,0.6901,1.3802
5608,HDFC Bank,Senior Business Analyst,4,13.2L,7.1L,20.0L,22,7.1,13.2,20.0,12.9,0.9773,1.3617
5791,Commonwealth Bank of Australia,Senior Business Analyst,5,28.3L,21.0L,38.0L,22,21.0,28.3,38.0,17.0,0.6007,1.3617
5759,Volante Technologies,Senior Business Analyst,9,22.3L,15.0L,28.0L,22,15.0,22.3,28.0,13.0,0.583,1.3617
4916,Hinduja Global Solutions,Senior Business Analyst,2,3.3L,2.4L,4.3L,22,2.4,3.3,4.3,1.9,0.5758,1.3617
2169,Tavant Technologies,Senior Business Analyst,3,10.0L,8.0L,14.0L,22,8.0,10.0,14.0,6.0,0.6,1.3617
3261,Jocata Financial Advisory and Technology,Senior Business Analyst,6,14.3L,9.0L,23.0L,22,9.0,14.3,23.0,14.0,0.979,1.3617
4122,Persistent Systems,Senior Business Analyst,7,22.5L,15.0L,30.5L,22,15.0,22.5,30.5,15.5,0.6889,1.3617
4421,Axis Bank,Senior Business Analyst,3,14.4L,9.3L,22.0L,22,9.3,14.4,22.0,12.7,0.8819,1.3617
2329,Sabre,Senior Business Analyst,6,20.1L,13.8L,28.0L,22,13.8,20.1,28.0,14.2,0.7065,1.3617
2905,MResult Services,Senior Business Analyst,4,8.2L,5.5L,12.0L,21,5.5,8.2,12.0,6.5,0.7927,1.3424
3244,Franklin Templeton Investments,Senior Business Analyst,5,12.1L,6.8L,17.1L,21,6.8,12.1,17.1,10.3,0.8512,1.3424
4133,Allsec Technologies,Senior Business Analyst,3,6.1L,5.2L,7.5L,21,5.2,6.1,7.5,2.3,0.377,1.3424
4626,MSC Technology India,Senior Business Analyst,3,6.7L,4.9L,8.7L,21,4.9,6.7,8.7,3.8,0.5672,1.3424
8416,Sopra Banking Software,Senior Business Analyst,6,16.3L,10.2L,25.0L,21,10.2,16.3,25.0,14.8,0.908,1.3424
5397,Colgate Global Business Services,Senior Business Analyst,7,15.2L,13.2L,17.5L,21,13.2,15.2,17.5,4.3,0.2829,1.3424
3523,Azentio,Senior Business Analyst,3,13.4L,9.5L,17.0L,21,9.5,13.4,17.0,7.5,0.5597,1.3424
7533,Mastek,Senior Business Analyst,7,13.6L,9.7L,17.5L,20,9.7,13.6,17.5,7.8,0.5735,1.3222
3325,Springer Nature,Senior Business Analyst,6,17.0L,13.0L,21.9L,20,13.0,17.0,21.9,8.9,0.5235,1.3222
7848,Honeywell Technology Solutions,Senior Business Analyst,5,15.9L,10.0L,23.8L,20,10.0,15.9,23.8,13.8,0.8679,1.3222
5543,Thryve Digital,Senior Business Analyst,5,10.0L,7.1L,14.0L,20,7.1,10.0,14.0,6.9,0.69,1.3222
6254,UBS,Senior Business Analyst,7,22.9L,10.8L,33.0L,20,10.8,22.9,33.0,22.2,0.9694,1.3222
1616,Zomato,Senior Business Analyst,2,15.7L,10.0L,22.0L,20,10.0,15.7,22.0,12.0,0.7643,1.3222
5932,Cybage,Senior Business Analyst,8,18.0L,15.5L,23.0L,20,15.5,18.0,23.0,7.5,0.4167,1.3222
4379,Larsen & Toubro Limited,Senior Business Analyst,4,11.3L,8.5L,14.5L,20,8.5,11.3,14.5,6.0,0.531,1.3222
5971,Royal Bank of Scotland International,Senior Business Analyst,3,5.7L,4.1L,10.5L,19,4.1,5.7,10.5,6.4,1.1228,1.301
5097,Indegene,Senior Business Analyst,2,14.0L,10.2L,21.0L,19,10.2,14.0,21.0,10.8,0.7714,1.301
5650,Accion Labs,Senior Business Analyst,7,17.5L,11.0L,25.2L,19,11.0,17.5,25.2,14.2,0.8114,1.301
2257,Infor Global Solution,Senior Business Analyst,6,16.8L,13.5L,20.0L,19,13.5,16.8,20.0,6.5,0.3869,1.301
8565,Cygnet Infotech,Senior Business Analyst,4,8.6L,5.5L,11.0L,19,5.5,8.6,11.0,5.5,0.6395,1.301
8572,Oracle Financial Services Software,Senior Business Analyst,6,14.2L,8.4L,24.1L,19,8.4,14.2,24.1,15.7,1.1056,1.301
6917,ThoughtWorks,Senior Business Analyst,5,20.2L,15.8L,25.0L,19,15.8,20.2,25.0,9.2,0.4554,1.301
1278,Citigroup,Senior Business Analyst,3,15.6L,9.2L,21.1L,19,9.2,15.6,21.1,11.9,0.7628,1.301
2849,Unacademy,Senior Business Analyst,0,13.0L,4.0L,25.0L,18,4.0,13.0,25.0,21.0,1.6154,1.2788
5592,State Street Corporation,Senior Business Analyst,2,10.7L,3.5L,22.0L,18,3.5,10.7,22.0,18.5,1.729,1.2788
7436,HCL Infosystems,Senior Business Analyst,3,9.0L,3.4L,15.0L,18,3.4,9.0,15.0,11.6,1.2889,1.2788
6983,Ocwen Financial Solutions,Senior Business Analyst,4,9.9L,5.9L,13.3L,18,5.9,9.9,13.3,7.4,0.7475,1.2788
7170,Vedantu,Senior Business Analyst,2,16.9L,6.6L,21.0L,18,6.6,16.9,21.0,14.4,0.8521,1.2788
5884,Infinite Computer Solutions,Senior Business Analyst,4,9.3L,6.0L,13.0L,17,6.0,9.3,13.0,7.0,0.7527,1.2553
3977,Clover Infotech,Senior Business Analyst,3,9.1L,6.5L,12.5L,17,6.5,9.1,12.5,6.0,0.6593,1.2553
1557,BYJU'S,Senior Business Analyst,0,9.4L,6.0L,17.0L,17,6.0,9.4,17.0,11.0,1.1702,1.2553
7265,Majesco,Senior Business Analyst,5,13.6L,9.0L,18.0L,17,9.0,13.6,18.0,9.0,0.6618,1.2553
5991,R Systems International,Senior Business Analyst,6,14.8L,9.9L,20.0L,17,9.9,14.8,20.0,10.1,0.6824,1.2553
8501,Accenture,Senior Data Analyst,3,9.9L,6.5L,14.6L,213,6.5,9.9,14.6,8.1,0.8182,2.3304
6459,Capgemini,Senior Data Analyst,1,4.7L,3.8L,7.1L,129,3.8,4.7,7.1,3.3,0.7021,2.1139
3846,TCS,Senior Data Analyst,3,6.0L,2.9L,11.2L,118,2.9,6.0,11.2,8.3,1.3833,2.0755
1105,Unilog Content Solutions ( P),Senior Data Analyst,3,3.2L,2.8L,3.8L,110,2.8,3.2,3.8,1.0,0.3125,2.0453
7697,Cognizant,Senior Data Analyst,2,6.2L,3.0L,15.2L,109,3.0,6.2,15.2,12.2,1.9677,2.0414
4343,eClerx,Senior Data Analyst,1,4.3L,3.0L,7.2L,90,3.0,4.3,7.2,4.2,0.9767,1.959
3967,Concentrix Corporation,Senior Data Analyst,2,4.6L,3.1L,7.5L,85,3.1,4.6,7.5,4.4,0.9565,1.9345
1680,Ernst & Young,Senior Data Analyst,3,9.5L,6.0L,15.3L,71,6.0,9.5,15.3,9.3,0.9789,1.8573
8717,Flipkart,Senior Data Analyst,3,11.8L,6.0L,17.6L,66,6.0,11.8,17.6,11.6,0.9831,1.8261
7328,Wipro,Senior Data Analyst,2,7.1L,3.0L,11.7L,54,3.0,7.1,11.7,8.7,1.2254,1.7404
6097,Tech Mahindra,Senior Data Analyst,2,7.1L,4.0L,13.0L,53,4.0,7.1,13.0,9.0,1.2676,1.7324
5640,HCL Technologies,Senior Data Analyst,2,6.2L,3.0L,10.0L,53,3.0,6.2,10.0,7.0,1.129,1.7324
1220,Ugam Solution,Senior Data Analyst,2,6.5L,3.5L,10.5L,52,3.5,6.5,10.5,7.0,1.0769,1.7243
6880,Cerner,Senior Data Analyst,2,6.1L,3.0L,15.4L,52,3.0,6.1,15.4,12.4,2.0328,1.7243
4824,Optum,Senior Data Analyst,5,16.2L,11.0L,21.5L,51,11.0,16.2,21.5,10.5,0.6481,1.716
6901,InnovAccer,Senior Data Analyst,2,15.2L,9.3L,22.0L,50,9.3,15.2,22.0,12.7,0.8355,1.7076
2968,GlobalLogic,Senior Data Analyst,2,3.5L,2.5L,5.0L,46,2.5,3.5,5.0,2.5,0.7143,1.6721
4671,Infosys,Senior Data Analyst,3,9.9L,5.3L,15.0L,45,5.3,9.9,15.0,9.7,0.9798,1.6628
5317,Tiger Analytics,Senior Data Analyst,1,11.3L,9.0L,15.0L,45,9.0,11.3,15.0,6.0,0.531,1.6628
1637,UnitedHealth,Senior Data Analyst,5,17.2L,8.0L,26.0L,44,8.0,17.2,26.0,18.0,1.0465,1.6532
2806,IBM,Senior Data Analyst,3,11.1L,6.3L,19.0L,43,6.3,11.1,19.0,12.7,1.1441,1.6435
4559,Cyient,Senior Data Analyst,4,3.6L,2.5L,5.3L,43,2.5,3.6,5.3,2.8,0.7778,1.6435
4699,Urjanet Energy Solutions,Senior Data Analyst,2,3.8L,3.1L,5.0L,42,3.1,3.8,5.0,1.9,0.5,1.6335
4171,Deloitte,Senior Data Analyst,3,10.2L,6.2L,14.9L,39,6.2,10.2,14.9,8.7,0.8529,1.6021
5714,Epsilon,Senior Data Analyst,4,17.4L,10.0L,24.5L,38,10.0,17.4,24.5,14.5,0.8333,1.5911
7137,Morningstar,Senior Data Analyst,2,5.0L,3.8L,6.3L,37,3.8,5.0,6.3,2.5,0.5,1.5798
5732,BCG,Senior Data Analyst,5,19.7L,16.0L,24.0L,36,16.0,19.7,24.0,8.0,0.4061,1.5682
8414,Dell,Senior Data Analyst,3,11.7L,9.0L,18.0L,33,9.0,11.7,18.0,9.0,0.7692,1.5315
7115,Walmart,Senior Data Analyst,4,29.0L,16.5L,40.0L,32,16.5,29.0,40.0,23.5,0.8103,1.5185
2005,Course5,Senior Data Analyst,3,7.4L,5.1L,12.9L,29,5.1,7.4,12.9,7.8,1.0541,1.4771
1024,IHS Markit,Senior Data Analyst,4,11.1L,6.1L,18.5L,28,6.1,11.1,18.5,12.4,1.1171,1.4624
5862,Bharti Airtel,Senior Data Analyst,3,16.6L,5.9L,22.0L,28,5.9,16.6,22.0,16.1,0.9699,1.4624
3606,L&T Infotech,Senior Data Analyst,3,12.2L,7.3L,19.0L,28,7.3,12.2,19.0,11.7,0.959,1.4624
7888,Wells Fargo India,Senior Data Analyst,3,13.7L,7.8L,23.0L,28,7.8,13.7,23.0,15.2,1.1095,1.4624
5172,Axa XL,Senior Data Analyst,2,9.9L,6.1L,15.0L,28,6.1,9.9,15.0,8.9,0.899,1.4624
1063,Zen3 Info Solutions,Senior Data Analyst,3,4.3L,3.4L,5.5L,27,3.4,4.3,5.5,2.1,0.4884,1.4472
5443,Honeywell Technology Solutions,Senior Data Analyst,4,14.6L,6.0L,22.0L,26,6.0,14.6,22.0,16.0,1.0959,1.4314
4401,LiquidHub,Senior Data Analyst,2,3.5L,2.5L,4.8L,25,2.5,3.5,4.8,2.3,0.6571,1.415
2190,Proziod Analytics,Senior Data Analyst,3,4.9L,3.6L,6.3L,25,3.6,4.9,6.3,2.7,0.551,1.415
4858,LatentView Analytics,Senior Data Analyst,2,10.8L,9.2L,12.5L,25,9.2,10.8,12.5,3.3,0.3056,1.415
6950,The Smart Cube,Senior Data Analyst,1,9.6L,7.0L,12.0L,23,7.0,9.6,12.0,5.0,0.5208,1.3802
6552,Indium Software,Senior Data Analyst,3,14.4L,10.0L,20.0L,23,10.0,14.4,20.0,10.0,0.6944,1.3802
3317,Citicorp,Senior Data Analyst,2,16.1L,11.5L,20.9L,23,11.5,16.1,20.9,9.4,0.5839,1.3802
8970,Harman Connected Services,Senior Data Analyst,4,10.0L,6.0L,19.0L,22,6.0,10.0,19.0,13.0,1.3,1.3617
8306,Toluna,Senior Data Analyst,3,7.1L,5.4L,9.0L,22,5.4,7.1,9.0,3.6,0.507,1.3617
5415,FE fundinfo,Senior Data Analyst,2,4.8L,4.0L,5.4L,21,4.0,4.8,5.4,1.4,0.2917,1.3424
3379,McKinsey & Company,Senior Data Analyst,3,20.7L,12.9L,27.2L,20,12.9,20.7,27.2,14.3,0.6908,1.3222
4641,Amazon,Senior Data Analyst,2,8.6L,3.9L,25.5L,19,3.9,8.6,25.5,21.6,2.5116,1.301
1081,Ford Motor,Senior Data Analyst,2,15.0L,11.6L,18.9L,19,11.6,15.0,18.9,7.3,0.4867,1.301
2153,Subex,Senior Data Analyst,1,8.0L,5.5L,11.0L,19,5.5,8.0,11.0,5.5,0.6875,1.301
3447,Mindtree,Senior Data Analyst,2,8.0L,6.0L,12.6L,19,6.0,8.0,12.6,6.6,0.825,1.301
2787,S&P Global,Senior Data Analyst,3,8.0L,5.7L,11.0L,19,5.7,8.0,11.0,5.3,0.6625,1.301
4479,EXL Service,Senior Data Analyst,2,7.6L,4.0L,12.0L,18,4.0,7.6,12.0,8.0,1.0526,1.2788
4358,DXC Technology,Senior Data Analyst,5,14.0L,6.9L,20.0L,18,6.9,14.0,20.0,13.1,0.9357,1.2788
8492,R1 RCM,Senior Data Analyst,3,5.4L,3.9L,6.9L,18,3.9,5.4,6.9,3.0,0.5556,1.2788
4027,KPMG,Senior Data Analyst,1,8.0L,4.2L,11.8L,18,4.2,8.0,11.8,7.6,0.95,1.2788
2961,Zensar Technologies,Senior Data Analyst,4,6.3L,4.0L,10.6L,17,4.0,6.3,10.6,6.6,1.0476,1.2553
6135,Schneider Electric,Senior Data Analyst,2,9.6L,6.0L,17.0L,17,6.0,9.6,17.0,11.0,1.1458,1.2553
1093,WNS,Senior Data Analyst,2,6.1L,4.0L,8.0L,17,4.0,6.1,8.0,4.0,0.6557,1.2553
1411,Genpact,Senior Data Analyst,3,6.2L,4.3L,11.0L,17,4.3,6.2,11.0,6.7,1.0806,1.2553
2218,NTT DATA,Senior Data Analyst,2,7.2L,4.0L,11.5L,17,4.0,7.2,11.5,7.5,1.0417,1.2553
2895,Ganit Business Solutions,Senior Data Analyst,0,7.4L,5.2L,10.5L,17,5.2,7.4,10.5,5.3,0.7162,1.2553
6411,HSBC,Senior Data Analyst,2,11.9L,7.1L,16.0L,17,7.1,11.9,16.0,8.9,0.7479,1.2553
2308,Synchrony,Senior Data Analyst,2,7.5L,5.0L,12.5L,16,5.0,7.5,12.5,7.5,1.0,1.2304
1297,Kantar,Senior Data Analyst,2,6.0L,4.5L,8.4L,16,4.5,6.0,8.4,3.9,0.65,1.2304
3421,Unire Business Solutions,Senior Data Analyst,0,1.9L,1.4L,2.5L,16,1.4,1.9,2.5,1.1,0.5789,1.2304
4208,JP Morgan Chase,Senior Data Analyst,3,12.8L,7.4L,18.0L,16,7.4,12.8,18.0,10.6,0.8281,1.2304
3301,Dynata,Senior Data Analyst,4,8.8L,7.5L,10.3L,16,7.5,8.8,10.3,2.8,0.3182,1.2304
8877,PwC,Senior Data Analyst,3,11.1L,5.8L,20.0L,16,5.8,11.1,20.0,14.2,1.2793,1.2304
8777,Indegene,Senior Data Analyst,2,15.6L,11.4L,20.5L,15,11.4,15.6,20.5,9.1,0.5833,1.2041
3852,Lowe's,Senior Data Analyst,1,17.4L,10.4L,20.0L,15,10.4,17.4,20.0,9.6,0.5517,1.2041
2247,Ameriprise Financial,Senior Data Analyst,3,14.2L,10.0L,18.1L,15,10.0,14.2,18.1,8.1,0.5704,1.2041
8570,Barclays,Senior Data Analyst,3,13.8L,9.0L,19.4L,15,9.0,13.8,19.4,10.4,0.7536,1.2041
2476,Continental Automotive Components,Senior Data Analyst,2,2.9L,2.5L,3.5L,15,2.5,2.9,3.5,1.0,0.3448,1.2041
7033,Johnson & Johnson,Senior Data Analyst,4,12.0L,5.8L,20.0L,15,5.8,12.0,20.0,14.2,1.1833,1.2041
4336,JLL,Senior Data Analyst,3,6.3L,4.5L,13.0L,15,4.5,6.3,13.0,8.5,1.3492,1.2041
3427,Paytm,Senior Data Analyst,3,7.6L,5.0L,11.0L,15,5.0,7.6,11.0,6.0,0.7895,1.2041
4910,Oracle,Senior Data Analyst,3,7.7L,4.2L,15.0L,15,4.2,7.7,15.0,10.8,1.4026,1.2041
7892,HERE Technologies,Senior Data Analyst,4,5.1L,4.5L,6.5L,14,4.5,5.1,6.5,2.0,0.3922,1.1761
6583,CAMP Systems,Senior Data Analyst,4,5.1L,3.8L,6.2L,14,3.8,5.1,6.2,2.4,0.4706,1.1761
5259,Ericsson,Senior Data Analyst,2,8.9L,5.0L,13.0L,14,5.0,8.9,13.0,8.0,0.8989,1.1761
5472,Novartis Healthcare,Senior Data Analyst,2,12.8L,6.0L,19.0L,14,6.0,12.8,19.0,13.0,1.0156,1.1761
2329,E2OPEN,Senior Data Analyst,5,6.1L,4.9L,8.3L,14,4.9,6.1,8.3,3.4,0.5574,1.1761
8387,Bank of America,Senior Data Analyst,5,19.2L,11.7L,26.0L,14,11.7,19.2,26.0,14.3,0.7448,1.1761
6131,Nielsen,Senior Data Analyst,2,5.9L,3.1L,9.5L,14,3.1,5.9,9.5,6.4,1.0847,1.1761
2089,VASTA BIO-INFORMATICS,Senior Data Analyst,1,3.6L,3.3L,4.3L,14,3.3,3.6,4.3,1.0,0.2778,1.1761
4580,VeeTechnologies,Senior Data Analyst,2,3.0L,2.0L,4.0L,14,2.0,3.0,4.0,2.0,0.6667,1.1761
7439,Nailbiter Research,Senior Data Analyst,0,4.7L,4.2L,5.2L,14,4.2,4.7,5.2,1.0,0.2128,1.1761
5055,Hewlett-Packard Enterprise,Senior Data Analyst,3,8.8L,5.0L,17.7L,13,5.0,8.8,17.7,12.7,1.4432,1.1461
6547,S&P Global Market Intelligence,Senior Data Analyst,5,6.9L,4.9L,9.5L,13,4.9,6.9,9.5,4.6,0.6667,1.1461
6894,MakeMyTrip,Senior Data Analyst,4,7.5L,6.0L,9.0L,12,6.0,7.5,9.0,3.0,0.4,1.1139
2874,Advantmed,Senior Data Analyst,3,7.1L,4.0L,12.0L,12,4.0,7.1,12.0,8.0,1.1268,1.1139
7732,Sutherland Global Services,Senior Data Analyst,2,6.6L,5.0L,8.5L,12,5.0,6.6,8.5,3.5,0.5303,1.1139
3909,Citibank,Senior Data Analyst,2,17.4L,16.0L,19.5L,12,16.0,17.4,19.5,3.5,0.2011,1.1139
8266,Mercer,Senior Data Analyst,1,4.6L,3.0L,6.5L,12,3.0,4.6,6.5,3.5,0.7609,1.1139
2127,American Express,Senior Data Analyst,2,14.7L,6.1L,25.0L,12,6.1,14.7,25.0,18.9,1.2857,1.1139
3740,Shadowfax Technologies,Senior Data Analyst,0,7.7L,6.3L,10.0L,11,6.3,7.7,10.0,3.7,0.4805,1.0792
5129,Resilinc,Senior Data Analyst,4,5.8L,5.0L,7.0L,11,5.0,5.8,7.0,2.0,0.3448,1.0792
2873,Bluemind Solutions,Senior Data Analyst,4,3.1L,2.8L,3.5L,11,2.8,3.1,3.5,0.7,0.2258,1.0792
8466,Denave,Senior Data Analyst,2,6.7L,3.5L,9.8L,11,3.5,6.7,9.8,6.3,0.9403,1.0792
8702,Cross-tab Marketing Services,Senior Data Analyst,0,5.0L,3.5L,7.0L,11,3.5,5.0,7.0,3.5,0.7,1.0792
3783,Wissend,Senior Data Analyst,0,1.9L,1.4L,2.2L,11,1.4,1.9,2.2,0.8,0.4211,1.0792
1165,Infosys BPM,Senior Data Analyst,2,8.9L,3.8L,17.0L,11,3.8,8.9,17.0,13.2,1.4831,1.0792
5574,Adobe,Senior Data Analyst,5,14.5L,9.8L,20.0L,10,9.8,14.5,20.0,10.2,0.7034,1.0414
3044,BNY Mellon,Senior Data Analyst,3,10.4L,4.9L,13.5L,10,4.9,10.4,13.5,8.6,0.8269,1.0414
3959,Shell,Senior Data Analyst,4,12.4L,7.9L,20.0L,10,7.9,12.4,20.0,12.1,0.9758,1.0414
8834,Target,Senior Data Analyst,2,13.7L,9.9L,18.0L,10,9.9,13.7,18.0,8.1,0.5912,1.0414
4600,Dell EMC,Senior Data Analyst,3,9.4L,8.5L,11.1L,10,8.5,9.4,11.1,2.6,0.2766,1.0414
5638,comScore,Senior Data Analyst,5,19.7L,13.5L,24.0L,10,13.5,19.7,24.0,10.5,0.533,1.0414
1405,Fedby Information Services,Senior Data Analyst,3,4.6L,4.0L,5.5L,10,4.0,4.6,5.5,1.5,0.3261,1.0414
3851,Experis IT,Senior Data Analyst,5,8.2L,6.6L,9.8L,10,6.6,8.2,9.8,3.2,0.3902,1.0414
8688,Phoenix American Sales Focus Solutions India,Senior Data Analyst,3,5.7L,5.0L,7.0L,10,5.0,5.7,7.0,2.0,0.3509,1.0414
7670,Collabera Technologies,Senior Data Analyst,2,8.7L,7.5L,10.5L,10,7.5,8.7,10.5,3.0,0.3448,1.0414
4624,SG Analytics,Senior Data Analyst,3,7.0L,6.0L,8.3L,10,6.0,7.0,8.3,2.3,0.3286,1.0414
4417,Mobikwik,Senior Data Analyst,3,13.9L,11.0L,17.0L,10,11.0,13.9,17.0,6.0,0.4317,1.0414
4174,Ecolab Digital Center,Senior Data Analyst,6,17.6L,11.2L,22.3L,10,11.2,17.6,22.3,11.1,0.6307,1.0414
4429,Oyo Rooms,Senior Data Analyst,4,11.4L,7.0L,16.0L,9,7.0,11.4,16.0,9.0,0.7895,1.0
5522,Randstad,Senior Data Analyst,3,6.9L,2.5L,12.0L,9,2.5,6.9,12.0,9.5,1.3768,1.0
5253,Clarivate Analytics,Senior Data Analyst,1,17.7L,10.0L,26.5L,9,10.0,17.7,26.5,16.5,0.9322,1.0
8400,Rapido,Senior Data Analyst,2,14.9L,6.5L,20.4L,9,6.5,14.9,20.4,13.9,0.9329,1.0
4517,Standard Chartered Bank,Senior Data Analyst,2,12.7L,5.0L,30.0L,9,5.0,12.7,30.0,25.0,1.9685,1.0
2578,Equifax,Senior Data Analyst,3,6.2L,3.5L,8.5L,9,3.5,6.2,8.5,5.0,0.8065,1.0
4573,Tesco,Senior Data Analyst,1,10.3L,5.8L,15.5L,9,5.8,10.3,15.5,9.7,0.9417,1.0
7253,QL2 Software,Senior Data Analyst,4,3.4L,2.7L,5.5L,9,2.7,3.4,5.5,2.8,0.8235,1.0
2554,Vodafone Idea,Senior Data Analyst,3,10.2L,5.2L,15.8L,9,5.2,10.2,15.8,10.6,1.0392,1.0
2846,IQVIA,Senior Data Analyst,3,12.4L,8.0L,15.3L,9,8.0,12.4,15.3,7.3,0.5887,1.0
5485,InSync Analytics,Senior Data Analyst,4,3.6L,3.1L,4.0L,9,3.1,3.6,4.0,0.9,0.25,1.0
4068,Landis+Gyr,Senior Data Analyst,5,15.0L,12.6L,17.5L,9,12.6,15.0,17.5,4.9,0.3267,1.0
2815,DecisionTree Analytics & Services,Senior Data Analyst,3,12.8L,9.0L,17.0L,9,9.0,12.8,17.0,8.0,0.625,1.0
6072,Yodlee,Senior Data Analyst,4,7.4L,5.0L,9.0L,8,5.0,7.4,9.0,4.0,0.5405,0.9542
7667,Yash Technologies,Senior Data Analyst,7,5.8L,4.6L,7.5L,8,4.6,5.8,7.5,2.9,0.5,0.9542
8439,Teleperformance,Senior Data Analyst,2,3.0L,2.0L,4.4L,8,2.0,3.0,4.4,2.4,0.8,0.9542
1863,Wunderman,Senior Data Analyst,2,5.7L,4.5L,7.4L,8,4.5,5.7,7.4,2.9,0.5088,0.9542
5802,Xiaomi,Senior Data Analyst,5,9.5L,8.1L,10.5L,8,8.1,9.5,10.5,2.4,0.2526,0.9542
7827,Sentieo,Senior Data Analyst,2,5.9L,5.0L,7.0L,8,5.0,5.9,7.0,2.0,0.339,0.9542
1596,Fidelity National Information Services,Senior Data Analyst,4,9.7L,6.5L,14.0L,8,6.5,9.7,14.0,7.5,0.7732,0.9542
4609,Thomson Reuters,Senior Data Analyst,3,10.5L,8.0L,15.0L,8,8.0,10.5,15.0,7.0,0.6667,0.9542
1159,Maersk,Senior Data Analyst,3,7.1L,5.0L,9.0L,8,5.0,7.1,9.0,4.0,0.5634,0.9542
1241,Home Credit Finance,Senior Data Analyst,3,7.6L,4.8L,10.0L,8,4.8,7.6,10.0,5.2,0.6842,0.9542
8814,Standard Chartered Global Business Services,Senior Data Analyst,4,18.5L,10.5L,27.4L,8,10.5,18.5,27.4,16.9,0.9135,0.9542
6111,Mr Cooper,Senior Data Analyst,2,13.0L,11.0L,15.0L,8,11.0,13.0,15.0,4.0,0.3077,0.9542
8388,Hudson's bay Company,Senior Data Analyst,3,15.7L,13.2L,18.9L,8,13.2,15.7,18.9,5.7,0.3631,0.9542
5385,S&P Capital IQ,Senior Data Analyst,3,6.4L,5.0L,9.2L,8,5.0,6.4,9.2,4.2,0.6562,0.9542
6368,Merkle Sokrati,Senior Data Analyst,1,9.1L,7.8L,12.3L,8,7.8,9.1,12.3,4.5,0.4945,0.9542
7373,Games24x7,Senior Data Analyst,5,17.9L,11.5L,23.1L,8,11.5,17.9,23.1,11.6,0.648,0.9542
4583,Iris Software,Senior Data Analyst,5,14.4L,10.0L,20.0L,8,10.0,14.4,20.0,10.0,0.6944,0.9542
7974,Axis Bank,Senior Data Analyst,0,7.0L,5.0L,8.3L,8,5.0,7.0,8.3,3.3,0.4714,0.9542
7078,Mphasis,Senior Data Analyst,4,10.3L,9.0L,11.5L,8,9.0,10.3,11.5,2.5,0.2427,0.9542
3586,Whitehat jr,Senior Data Analyst,2,12.6L,8.0L,17.0L,8,8.0,12.6,17.0,9.0,0.7143,0.9542
1069,Blinkit,Senior Data Analyst,1,16.7L,13.5L,23.0L,8,13.5,16.7,23.0,9.5,0.5689,0.9542
3651,BUDDI.AI,Senior Data Analyst,3,4.2L,4.0L,5.0L,8,4.0,4.2,5.0,1.0,0.2381,0.9542
5685,Cartesian Consulting,Senior Data Analyst,1,7.5L,5.6L,11.0L,7,5.6,7.5,11.0,5.4,0.72,0.9031
5674,Fuel Intelligence,Senior Data Analyst,2,4.5L,4.0L,5.0L,7,4.0,4.5,5.0,1.0,0.2222,0.9031
8174,General Mills,Senior Data Analyst,4,12.2L,9.0L,15.5L,7,9.0,12.2,15.5,6.5,0.5328,0.9031
1548,Cisco Systems,Senior Data Analyst,7,15.3L,13.2L,20.3L,7,13.2,15.3,20.3,7.1,0.4641,0.9031
2289,TIAA Global Business Services,Senior Data Analyst,6,15.5L,12.0L,21.5L,7,12.0,15.5,21.5,9.5,0.6129,0.9031
6765,Nailbiter,Senior Data Analyst,1,4.9L,4.5L,5.2L,7,4.5,4.9,5.2,0.7,0.1429,0.9031
3141,Aon,Senior Data Analyst,2,7.0L,3.8L,12.2L,7,3.8,7.0,12.2,8.4,1.2,0.9031
5717,Aakash Institute,Senior Data Analyst,1,5.3L,3.8L,6.5L,7,3.8,5.3,6.5,2.7,0.5094,0.9031
3920,D2L Pharma Research Solutions,Senior Data Analyst,4,4.3L,3.4L,5.2L,7,3.4,4.3,5.2,1.8,0.4186,0.9031
1699,HARMAN,Senior Data Analyst,5,9.4L,6.5L,12.2L,7,6.5,9.4,12.2,5.7,0.6064,0.9031
7242,Vaco Binary Semantics,Senior Data Analyst,1,5.0L,3.5L,6.8L,7,3.5,5.0,6.8,3.3,0.66,0.9031
1250,B3Intelligence,Senior Data Analyst,3,6.8L,4.0L,8.5L,7,4.0,6.8,8.5,4.5,0.6618,0.9031
8278,Sapient Corporation,Senior Data Analyst,3,12.1L,5.1L,20.8L,7,5.1,12.1,20.8,15.7,1.2975,0.9031
3960,Legato Health Technologies,Senior Data Analyst,6,14.3L,11.7L,21.0L,7,11.7,14.3,21.0,9.3,0.6503,0.9031
3800,Fidelity National Financial,Senior Data Analyst,2,4.9L,3.5L,6.2L,7,3.5,4.9,6.2,2.7,0.551,0.9031
4574,Zomato,Senior Data Analyst,0,6.2L,5.5L,7.3L,7,5.5,6.2,7.3,1.8,0.2903,0.9031
6952,Symphony Retail AI,Senior Data Analyst,3,10.5L,10.0L,11.0L,7,10.0,10.5,11.0,1.0,0.0952,0.9031
2082,Myntra,Senior Data Analyst,5,11.9L,7.5L,23.0L,7,7.5,11.9,23.0,15.5,1.3025,0.9031
2160,KPI Partners,Senior Data Analyst,6,13.9L,11.0L,16.0L,7,11.0,13.9,16.0,5.0,0.3597,0.9031
6774,Reliance Retail,Senior Data Analyst,2,6.0L,4.5L,6.8L,7,4.5,6.0,6.8,2.3,0.3833,0.9031
8484,Publicis,Senior Data Analyst,3,14.9L,7.5L,20.0L,7,7.5,14.9,20.0,12.5,0.8389,0.9031
5173,TEKsystems,Senior Data Analyst,4,12.2L,10.0L,13.5L,7,10.0,12.2,13.5,3.5,0.2869,0.9031
5395,Mobile Premier League,Senior Data Analyst,1,25.2L,20.0L,28.0L,7,20.0,25.2,28.0,8.0,0.3175,0.9031
4791,Citigroup,Senior Data Analyst,2,17.0L,14.0L,21.0L,7,14.0,17.0,21.0,7.0,0.4118,0.9031
1331,LearningMate Solutions,Senior Data Analyst,4,9.1L,8.0L,10.8L,6,8.0,9.1,10.8,2.8,0.3077,0.8451
7095,Encore Capital Group,Senior Data Analyst,3,8.5L,7.5L,9.1L,6,7.5,8.5,9.1,1.6,0.1882,0.8451
8186,MResult Services,Senior Data Analyst,5,8.4L,7.0L,9.0L,6,7.0,8.4,9.0,2.0,0.2381,0.8451
7897,XL Catlin,Senior Data Analyst,3,14.9L,11.8L,17.4L,6,11.8,14.9,17.4,5.6,0.3758,0.8451
8636,Williams Lea Tag,Senior Data Analyst,5,6.6L,5.0L,9.0L,6,5.0,6.6,9.0,4.0,0.6061,0.8451
3326,Ninjacart,Senior Data Analyst,2,6.7L,6.0L,9.5L,6,6.0,6.7,9.5,3.5,0.5224,0.8451
6243,Bajaj Finserv,Senior Data Analyst,3,11.4L,9.4L,15.0L,6,9.4,11.4,15.0,5.6,0.4912,0.8451
7539,Collegedunia,Senior Data Analyst,1,4.3L,3.6L,5.0L,6,3.6,4.3,5.0,1.4,0.3256,0.8451
8127,Arthur J. Gallagher & Co,Senior Data Analyst,3,5.5L,5.0L,6.6L,6,5.0,5.5,6.6,1.6,0.2909,0.8451
4568,Athenahealth Technology,Senior Data Analyst,6,6.1L,5.6L,6.6L,6,5.6,6.1,6.6,1.0,0.1639,0.8451
8924,ADP Solutions,Senior Data Analyst,3,10.0L,4.5L,17.5L,6,4.5,10.0,17.5,13.0,1.3,0.8451
2900,UST,Senior Data Analyst,5,10.4L,6.0L,12.0L,6,6.0,10.4,12.0,6.0,0.5769,0.8451
1261,L&T Infotech,Senior Data Engineer,2,11.0L,6.0L,17.0L,729,6.0,11.0,17.0,11.0,1.0,2.8633
6075,Quantiphi Analytics Solutions,Senior Data Engineer,2,15.0L,9.5L,22.5L,137,9.5,15.0,22.5,13.0,0.8667,2.1399
3355,IBM,Senior Data Engineer,3,16.9L,10.0L,25.0L,112,10.0,16.9,25.0,15.0,0.8876,2.0531
2019,Maersk,Senior Data Engineer,5,21.1L,13.4L,31.0L,110,13.4,21.1,31.0,17.6,0.8341,2.0453
5441,Optum,Senior Data Engineer,5,16.5L,11.9L,21.0L,83,11.9,16.5,21.0,9.1,0.5515,1.9243
7401,Accenture,Senior Data Engineer,3,14.3L,9.5L,22.9L,83,9.5,14.3,22.9,13.4,0.9371,1.9243
7834,TCS,Senior Data Engineer,5,13.3L,7.9L,20.9L,65,7.9,13.3,20.9,13.0,0.9774,1.8195
5687,Wells Fargo India,Senior Data Engineer,7,21.9L,16.9L,31.5L,64,16.9,21.9,31.5,14.6,0.6667,1.8129
3153,Altimetrik,Senior Data Engineer,4,15.2L,9.5L,21.1L,56,9.5,15.2,21.1,11.6,0.7632,1.7559
3909,Coforge,Senior Data Engineer,4,15.3L,12.0L,18.6L,53,12.0,15.3,18.6,6.6,0.4314,1.7324
2794,Cognizant,Senior Data Engineer,4,15.1L,9.0L,23.0L,51,9.0,15.1,23.0,14.0,0.9272,1.716
5391,Sapient Corporation,Senior Data Engineer,4,19.4L,15.0L,26.0L,51,15.0,19.4,26.0,11.0,0.567,1.716
3669,Fractal Analytics,Senior Data Engineer,4,21.8L,16.0L,30.0L,49,16.0,21.8,30.0,14.0,0.6422,1.699
1037,Enquero,Senior Data Engineer,2,15.8L,11.5L,20.0L,46,11.5,15.8,20.0,8.5,0.538,1.6721
3471,Walmart,Senior Data Engineer,6,35.7L,23.0L,49.3L,44,23.0,35.7,49.3,26.3,0.7367,1.6532
5772,Shell,Senior Data Engineer,3,23.3L,11.2L,36.0L,42,11.2,23.3,36.0,24.8,1.0644,1.6335
4234,UnitedHealth,Senior Data Engineer,5,16.1L,12.2L,25.0L,42,12.2,16.1,25.0,12.8,0.795,1.6335
8386,Wipro,Senior Data Engineer,4,13.1L,8.0L,20.0L,40,8.0,13.1,20.0,12.0,0.916,1.6128
4606,Larsen & Toubro Limited,Senior Data Engineer,2,10.4L,6.5L,16.0L,40,6.5,10.4,16.0,9.5,0.9135,1.6128
6867,Mindtree,Senior Data Engineer,2,6.7L,5.8L,10.0L,36,5.8,6.7,10.0,4.2,0.6269,1.5682
2016,Capgemini,Senior Data Engineer,3,16.4L,6.8L,23.5L,35,6.8,16.4,23.5,16.7,1.0183,1.5563
1684,Teradata,Senior Data Engineer,5,13.5L,10.0L,18.6L,34,10.0,13.5,18.6,8.6,0.637,1.5441
5605,Visa,Senior Data Engineer,3,27.3L,20.0L,32.6L,31,20.0,27.3,32.6,12.6,0.4615,1.5051
6184,Ernst & Young,Senior Data Engineer,3,18.5L,12.0L,28.5L,30,12.0,18.5,28.5,16.5,0.8919,1.4914
3549,Concentrix Corporation,Senior Data Engineer,2,5.4L,4.2L,6.6L,28,4.2,5.4,6.6,2.4,0.4444,1.4624
3017,HCL Technologies,Senior Data Engineer,4,18.0L,5.0L,30.0L,28,5.0,18.0,30.0,25.0,1.3889,1.4624
2181,Lowe's,Senior Data Engineer,5,18.9L,16.0L,25.0L,26,16.0,18.9,25.0,9.0,0.4762,1.4314
3474,Indium Software,Senior Data Engineer,3,15.5L,9.0L,22.0L,26,9.0,15.5,22.0,13.0,0.8387,1.4314
5978,Target,Senior Data Engineer,3,22.1L,15.5L,30.0L,25,15.5,22.1,30.0,14.5,0.6561,1.415
8174,Tech Mahindra,Senior Data Engineer,4,14.3L,7.3L,27.0L,23,7.3,14.3,27.0,19.7,1.3776,1.3802
4095,Deloitte,Senior Data Engineer,4,16.3L,10.5L,22.0L,23,10.5,16.3,22.0,11.5,0.7055,1.3802
4217,Amazon,Senior Data Engineer,6,32.0L,18.0L,45.0L,19,18.0,32.0,45.0,27.0,0.8438,1.301
3206,DXC Technology,Senior Data Engineer,5,14.7L,9.6L,24.2L,19,9.6,14.7,24.2,14.6,0.9932,1.301
8759,Tiger Analytics,Senior Data Engineer,5,22.1L,15.0L,28.0L,19,15.0,22.1,28.0,13.0,0.5882,1.301
3293,GE Healthcare,Senior Data Engineer,5,17.8L,13.0L,24.8L,18,13.0,17.8,24.8,11.8,0.6629,1.2788
1825,Morgan Stanley,Senior Data Engineer,6,28.8L,20.0L,36.5L,18,20.0,28.8,36.5,16.5,0.5729,1.2788
5572,EPAM Systems,Senior Data Engineer,4,23.1L,17.0L,27.0L,18,17.0,23.1,27.0,10.0,0.4329,1.2788
8874,NIIT Technologies,Senior Data Engineer,2,15.0L,14.5L,15.5L,17,14.5,15.0,15.5,1.0,0.0667,1.2553
2545,GE,Senior Data Engineer,4,19.3L,14.0L,25.2L,16,14.0,19.3,25.2,11.2,0.5803,1.2304
8403,JLL,Senior Data Engineer,4,23.5L,16.5L,33.0L,16,16.5,23.5,33.0,16.5,0.7021,1.2304
3114,Nagarro,Senior Data Engineer,3,24.1L,17.0L,32.0L,16,17.0,24.1,32.0,15.0,0.6224,1.2304
3013,NIKE,Senior Data Engineer,5,31.0L,27.0L,35.0L,16,27.0,31.0,35.0,8.0,0.2581,1.2304
6927,Micron Technology,Senior Data Engineer,5,19.8L,12.5L,29.0L,16,12.5,19.8,29.0,16.5,0.8333,1.2304
4999,Nokia,Senior Data Engineer,5,17.5L,13.5L,25.0L,14,13.5,17.5,25.0,11.5,0.6571,1.1761
6789,UST,Senior Data Engineer,4,14.5L,9.3L,21.0L,14,9.3,14.5,21.0,11.7,0.8069,1.1761
3935,Wavicle Data Solutions,Senior Data Engineer,0,11.8L,9.0L,15.6L,14,9.0,11.8,15.6,6.6,0.5593,1.1761
5076,KPI Partners,Senior Data Engineer,4,17.1L,13.5L,22.3L,14,13.5,17.1,22.3,8.8,0.5146,1.1761
8837,Happiest Minds Technologies,Senior Data Engineer,5,16.3L,9.5L,24.5L,13,9.5,16.3,24.5,15.0,0.9202,1.1461
2545,BCG,Senior Data Engineer,4,24.7L,20.1L,28.0L,13,20.1,24.7,28.0,7.9,0.3198,1.1461
3755,Infosys,Senior Data Engineer,2,8.7L,4.5L,15.5L,13,4.5,8.7,15.5,11.0,1.2644,1.1461
4023,JP Morgan Chase,Senior Data Engineer,5,22.3L,11.9L,28.0L,13,11.9,22.3,28.0,16.1,0.722,1.1461
4444,Philips,Senior Data Engineer,2,17.5L,15.0L,22.0L,12,15.0,17.5,22.0,7.0,0.4,1.1139
2606,Innova Solutions,Senior Data Engineer,7,27.1L,16.0L,40.0L,12,16.0,27.1,40.0,24.0,0.8856,1.1139
8804,Legato Health Technologies,Senior Data Engineer,4,16.9L,11.0L,22.0L,12,11.0,16.9,22.0,11.0,0.6509,1.1139
5376,DUNNHUMBY IT SERVICES INDIA,Senior Data Engineer,2,13.2L,11.0L,18.0L,12,11.0,13.2,18.0,7.0,0.5303,1.1139
7827,Ecolab Digital Center,Senior Data Engineer,5,17.1L,12.3L,19.8L,12,12.3,17.1,19.8,7.5,0.4386,1.1139
5349,Bosch Global Software Technologies,Senior Data Engineer,2,13.8L,9.0L,22.0L,11,9.0,13.8,22.0,13.0,0.942,1.0792
7599,Maersk Line,Senior Data Engineer,4,21.5L,16.2L,29.5L,11,16.2,21.5,29.5,13.3,0.6186,1.0792
6436,Commonwealth Bank of Australia,Senior Data Engineer,7,31.7L,20.8L,43.1L,11,20.8,31.7,43.1,22.3,0.7035,1.0792
8010,Cisco Systems,Senior Data Engineer,10,25.9L,22.0L,32.0L,11,22.0,25.9,32.0,10.0,0.3861,1.0792
8941,Tredence,Senior Data Engineer,1,10.7L,8.0L,15.0L,11,8.0,10.7,15.0,7.0,0.6542,1.0792
6194,Oracle,Senior Data Engineer,5,29.2L,15.0L,51.0L,11,15.0,29.2,51.0,36.0,1.2329,1.0792
6057,Lenovo,Senior Data Engineer,4,13.5L,12.0L,17.0L,10,12.0,13.5,17.0,5.0,0.3704,1.0414
5326,Photon Interactive,Senior Data Engineer,4,8.1L,6.4L,10.0L,10,6.4,8.1,10.0,3.6,0.4444,1.0414
4934,Intersoft Data Labs,Senior Data Engineer,3,29.2L,20.0L,37.8L,10,20.0,29.2,37.8,17.8,0.6096,1.0414
5877,Lumiq.ai,Senior Data Engineer,3,14.0L,10.0L,17.5L,10,10.0,14.0,17.5,7.5,0.5357,1.0414
3237,Dell,Senior Data Engineer,2,13.2L,9.2L,18.0L,10,9.2,13.2,18.0,8.8,0.6667,1.0414
8163,SpringML,Senior Data Engineer,2,11.1L,8.5L,16.5L,10,8.5,11.1,16.5,8.0,0.7207,1.0414
7150,Verizon,Senior Data Engineer,4,17.6L,10.0L,30.2L,9,10.0,17.6,30.2,20.2,1.1477,1.0
4732,Dunnhumby,Senior Data Engineer,2,13.6L,10.0L,18.0L,9,10.0,13.6,18.0,8.0,0.5882,1.0
5197,Hewlett-Packard Enterprise,Senior Data Engineer,3,24.9L,9.0L,35.0L,9,9.0,24.9,35.0,26.0,1.0442,1.0
8559,Bajaj Finserv,Senior Data Engineer,1,14.4L,9.7L,19.0L,9,9.7,14.4,19.0,9.3,0.6458,1.0
6218,Ab Inbev,Senior Data Engineer,8,26.4L,20.0L,35.0L,9,20.0,26.4,35.0,15.0,0.5682,1.0
2133,Collabera Technologies,Senior Data Engineer,4,15.1L,11.0L,25.0L,9,11.0,15.1,25.0,14.0,0.9272,1.0
3370,GE Aviation,Senior Data Engineer,8,18.7L,16.0L,24.0L,9,16.0,18.7,24.0,8.0,0.4278,1.0
4061,News Technology Services,Senior Data Engineer,5,17.4L,12.3L,21.0L,9,12.3,17.4,21.0,8.7,0.5,1.0
4700,ZS,Senior Data Engineer,2,18.6L,15.0L,23.0L,9,15.0,18.6,23.0,8.0,0.4301,1.0
3212,NTT DATA,Senior Data Engineer,2,19.9L,11.0L,28.6L,9,11.0,19.9,28.6,17.6,0.8844,1.0
8450,Koch Business Solutions,Senior Data Engineer,7,29.5L,23.0L,37.0L,9,23.0,29.5,37.0,14.0,0.4746,1.0
6502,PwC,Senior Data Engineer,4,17.0L,11.4L,24.0L,9,11.4,17.0,24.0,12.6,0.7412,1.0
2330,McKinsey & Company,Senior Data Engineer,5,26.6L,19.0L,33.0L,8,19.0,26.6,33.0,14.0,0.5263,0.9542
2302,Indegene,Senior Data Engineer,3,15.7L,10.0L,18.8L,8,10.0,15.7,18.8,8.8,0.5605,0.9542
3901,Johnson & Johnson,Senior Data Engineer,4,16.4L,12.0L,21.0L,8,12.0,16.4,21.0,9.0,0.5488,0.9542
1393,Optum Global Solutions,Senior Data Engineer,7,18.5L,14.5L,23.5L,8,14.5,18.5,23.5,9.0,0.4865,0.9542
5905,DBS Bank,Senior Data Engineer,5,20.4L,14.0L,30.0L,8,14.0,20.4,30.0,16.0,0.7843,0.9542
3309,Bank of America,Senior Data Engineer,4,16.1L,13.5L,19.3L,8,13.5,16.1,19.3,5.8,0.3602,0.9542
3917,American Express,Senior Data Engineer,7,28.6L,22.0L,40.0L,8,22.0,28.6,40.0,18.0,0.6294,0.9542
5663,Nisum Technologies,Senior Data Engineer,3,20.1L,18.0L,24.0L,8,18.0,20.1,24.0,6.0,0.2985,0.9542
7159,Mphasis,Senior Data Engineer,5,13.8L,8.7L,20.0L,8,8.7,13.8,20.0,11.3,0.8188,0.9542
5587,Samsung,Senior Data Engineer,4,15.2L,10.0L,21.0L,8,10.0,15.2,21.0,11.0,0.7237,0.9542
7396,MakeMyTrip,Senior Data Engineer,3,26.4L,17.0L,37.0L,7,17.0,26.4,37.0,20.0,0.7576,0.9031
7499,Saama Technologies,Senior Data Engineer,4,16.5L,13.7L,21.2L,7,13.7,16.5,21.2,7.5,0.4545,0.9031
6005,TO THE NEW,Senior Data Engineer,4,18.9L,18.0L,20.0L,7,18.0,18.9,20.0,2.0,0.1058,0.9031
5448,PayPal,Senior Data Engineer,6,23.7L,19.0L,28.0L,7,19.0,23.7,28.0,9.0,0.3797,0.9031
8883,Harman Connected Services,Senior Data Engineer,5,19.8L,14.0L,32.0L,7,14.0,19.8,32.0,18.0,0.9091,0.9031
7936,ITC Infotech India,Senior Data Engineer,4,16.8L,10.6L,21.5L,7,10.6,16.8,21.5,10.9,0.6488,0.9031
7355,IQVIA,Senior Data Engineer,4,17.3L,13.0L,21.5L,7,13.0,17.3,21.5,8.5,0.4913,0.9031
3402,Luxoft,Senior Data Engineer,5,19.5L,15.0L,23.0L,7,15.0,19.5,23.0,8.0,0.4103,0.9031
6249,Paytm,Senior Data Engineer,4,25.9L,20.0L,33.0L,7,20.0,25.9,33.0,13.0,0.5019,0.9031
8302,Citicorp,Senior Data Engineer,4,23.1L,18.8L,28.0L,7,18.8,23.1,28.0,9.2,0.3983,0.9031
8836,Axa XL,Senior Data Engineer,4,7.7L,7.0L,9.2L,7,7.0,7.7,9.2,2.2,0.2857,0.9031
3856,TEKsystems,Senior Data Engineer,5,16.4L,10.5L,26.0L,7,10.5,16.4,26.0,15.5,0.9451,0.9031
5649,HSBC,Senior Data Engineer,5,16.1L,12.0L,20.0L,7,12.0,16.1,20.0,8.0,0.4969,0.9031
2135,AstraZeneca,Senior Data Engineer,9,14.0L,11.0L,19.0L,6,11.0,14.0,19.0,8.0,0.5714,0.8451
2299,BlazeClan Technologies,Senior Data Engineer,4,10.0L,7.3L,11.7L,6,7.3,10.0,11.7,4.4,0.44,0.8451
7892,Data Semantics,Senior Data Engineer,7,15.4L,11.0L,17.4L,6,11.0,15.4,17.4,6.4,0.4156,0.8451
8906,Birlasoft,Senior Data Engineer,4,12.0L,8.8L,13.5L,6,8.8,12.0,13.5,4.7,0.3917,0.8451
3042,Xpo Logistics,Senior Data Engineer,6,16.3L,14.0L,18.0L,6,14.0,16.3,18.0,4.0,0.2454,0.8451
7012,Renault Nissan Technology & Business Centre India,Senior Data Engineer,5,8.2L,7.7L,9.1L,6,7.7,8.2,9.1,1.4,0.1707,0.8451
3802,DataWeave,Senior Data Engineer,3,13.5L,11.3L,16.0L,6,11.3,13.5,16.0,4.7,0.3481,0.8451
5650,Eli Lilly and Company,Senior Data Engineer,7,25.4L,17.4L,32.0L,6,17.4,25.4,32.0,14.6,0.5748,0.8451
1056,DataMetica,Senior Data Engineer,4,13.3L,7.5L,23.0L,6,7.5,13.3,23.0,15.5,1.1654,0.8451
1048,InfoStretch,Senior Data Engineer,4,16.8L,10.7L,23.0L,6,10.7,16.8,23.0,12.3,0.7321,0.8451
3863,GE Transportation,Senior Data Engineer,8,22.2L,21.0L,23.0L,6,21.0,22.2,23.0,2.0,0.0901,0.8451
3918,Baker Hughes,Senior Data Engineer,8,21.4L,16.0L,27.1L,6,16.0,21.4,27.1,11.1,0.5187,0.8451
1765,Intuit,Senior Data Engineer,8,39.0L,26.0L,47.0L,5,26.0,39.0,47.0,21.0,0.5385,0.7782
2816,Expedia,Senior Data Engineer,6,34.8L,30.0L,41.3L,5,30.0,34.8,41.3,11.3,0.3247,0.7782
6860,Yash Technologies,Senior Data Engineer,5,14.5L,10.0L,16.0L,5,10.0,14.5,16.0,6.0,0.4138,0.7782
2110,IHS Markit,Senior Data Engineer,6,24.0L,19.0L,27.0L,5,19.0,24.0,27.0,8.0,0.3333,0.7782
1264,Swiss Re,Senior Data Engineer,6,20.2L,17.0L,25.0L,5,17.0,20.2,25.0,8.0,0.396,0.7782
4668,Dun & Bradstreet,Senior Data Engineer,7,18.0L,14.2L,23.0L,5,14.2,18.0,23.0,8.8,0.4889,0.7782
1613,Siemens Healthineers,Senior Data Engineer,4,20.0L,14.0L,24.0L,5,14.0,20.0,24.0,10.0,0.5,0.7782
1188,Apar Technologies,Senior Data Engineer,8,24.5L,21.5L,28.0L,5,21.5,24.5,28.0,6.5,0.2653,0.7782
7288,GE Digital,Senior Data Engineer,7,16.9L,15.0L,19.9L,5,15.0,16.9,19.9,4.9,0.2899,0.7782
2903,Riskonnect,Senior Data Engineer,4,8.5L,7.0L,9.8L,5,7.0,8.5,9.8,2.8,0.3294,0.7782
3356,T-Systems,Senior Data Engineer,7,21.2L,17.5L,23.5L,5,17.5,21.2,23.5,6.0,0.283,0.7782
8414,NCR Corporation,Senior Data Engineer,4,16.0L,11.3L,22.6L,5,11.3,16.0,22.6,11.3,0.7062,0.7782
3343,BA Continuum,Senior Data Engineer,7,19.6L,17.4L,21.0L,5,17.4,19.6,21.0,3.6,0.1837,0.7782
2769,Softcrylic Technology Solutions,Senior Data Engineer,4,18.6L,10.0L,29.5L,5,10.0,18.6,29.5,19.5,1.0484,0.7782
2156,Rakuten,Senior Data Engineer,5,23.2L,16.6L,30.9L,5,16.6,23.2,30.9,14.3,0.6164,0.7782
1141,Honeywell Technology Solutions,Senior Data Engineer,2,22.5L,20.1L,24.0L,5,20.1,22.5,24.0,3.9,0.1733,0.7782
5628,GlobalLogic,Senior Data Engineer,3,17.3L,10.4L,23.1L,5,10.4,17.3,23.1,12.7,0.7341,0.7782
1241,Emirates Airlines,Senior Data Engineer,6,68.3L,20.0L,94.0L,5,20.0,68.3,94.0,74.0,1.0835,0.7782
2007,ValueLabs,Senior Data Engineer,5,19.5L,15.0L,21.7L,5,15.0,19.5,21.7,6.7,0.3436,0.7782
7656,GEP Worldwide,Senior Data Engineer,4,15.5L,13.5L,17.5L,5,13.5,15.5,17.5,4.0,0.2581,0.7782
6282,Ameriprise Financial,Senior Data Engineer,3,11.7L,10.0L,15.0L,5,10.0,11.7,15.0,5.0,0.4274,0.7782
5450,Gartner India Research and Advisory Services,Senior Data Engineer,3,20.0L,16.5L,24.5L,5,16.5,20.0,24.5,8.0,0.4,0.7782
5772,Information Evolution,Senior Data Engineer,3,3.4L,2.5L,4.3L,5,2.5,3.4,4.3,1.8,0.5294,0.7782
1207,Alliance Data,Senior Data Engineer,4,16.9L,14.5L,19.0L,5,14.5,16.9,19.0,4.5,0.2663,0.7782
1241,Franklin Templeton International Services,Senior Data Engineer,5,18.7L,14.2L,23.5L,5,14.2,18.7,23.5,9.3,0.4973,0.7782
7539,Boeing,Senior Data Engineer,7,22.2L,14.0L,27.0L,5,14.0,22.2,27.0,13.0,0.5856,0.7782
6365,Kloud 9,Senior Data Engineer,7,29.9L,24.0L,39.0L,5,24.0,29.9,39.0,15.0,0.5017,0.7782
4492,Algonomy,Senior Data Engineer,8,15.2L,13.5L,16.3L,5,13.5,15.2,16.3,2.8,0.1842,0.7782
3633,Tavant Technologies,Senior Data Engineer,4,13.7L,10.5L,16.5L,5,10.5,13.7,16.5,6.0,0.438,0.7782
2090,Cgi Group,Senior Data Engineer,5,12.0L,6.5L,15.4L,5,6.5,12.0,15.4,8.9,0.7417,0.7782
6487,Societe Generale,Senior Data Engineer,7,21.9L,12.5L,34.5L,5,12.5,21.9,34.5,22.0,1.0046,0.7782
8400,Mr Cooper,Senior Data Engineer,4,13.8L,9.0L,17.0L,5,9.0,13.8,17.0,8.0,0.5797,0.7782
6787,ValueMomentum,Senior Data Engineer,4,19.4L,12.0L,27.0L,5,12.0,19.4,27.0,15.0,0.7732,0.7782
4075,Clairvoyant India,Senior Data Engineer,5,16.1L,12.0L,20.0L,5,12.0,16.1,20.0,8.0,0.4969,0.7782
3862,Mercedes-Benz Research & Development India,Senior Data Engineer,3,26.2L,11.5L,60.0L,5,11.5,26.2,60.0,48.5,1.8511,0.7782
8290,Knoema IT Solutions,Senior Data Engineer,4,8.9L,5.3L,13.0L,5,5.3,8.9,13.0,7.7,0.8652,0.7782
7450,Evalueserve,Senior Data Engineer,4,12.5L,10.4L,17.4L,5,10.4,12.5,17.4,7.0,0.56,0.7782
2029,Uber,Senior Data Engineer,7,66.3L,34.5L,93.0L,5,34.5,66.3,93.0,58.5,0.8824,0.7782
4983,GGK Technologies,Senior Data Engineer,5,11.2L,9.0L,14.5L,5,9.0,11.2,14.5,5.5,0.4911,0.7782
2232,Anju Software,Senior Data Engineer,4,16.9L,6.8L,20.0L,5,6.8,16.9,20.0,13.2,0.7811,0.7782
2936,phData,Senior Data Engineer,4,20.0L,16.0L,25.0L,5,16.0,20.0,25.0,9.0,0.45,0.7782
3616,ACS Solution,Senior Data Engineer,3,15.2L,13.8L,16.4L,5,13.8,15.2,16.4,2.6,0.1711,0.7782
6775,MassMutual,Senior Data Engineer,6,19.3L,18.3L,21.0L,5,18.3,19.3,21.0,2.7,0.1399,0.7782
7634,ConcertAI,Senior Data Engineer,5,28.2L,22.0L,32.0L,5,22.0,28.2,32.0,10.0,0.3546,0.7782
1776,Onepoint IT Consulting,Senior Data Engineer,4,10.3L,9.6L,10.8L,4,9.6,10.3,10.8,1.2,0.1165,0.699
1784,Sapient Global Markets,Senior Data Engineer,5,19.9L,15.0L,25.0L,4,15.0,19.9,25.0,10.0,0.5025,0.699
3278,Marlabs,Senior Data Engineer,2,14.2L,6.7L,20.0L,4,6.7,14.2,20.0,13.3,0.9366,0.699
4124,Red Hat,Senior Data Engineer,2,18.9L,11.8L,26.0L,4,11.8,18.9,26.0,14.2,0.7513,0.699
1076,EXL Service,Senior Data Engineer,3,18.7L,13.0L,23.6L,4,13.0,18.7,23.6,10.6,0.5668,0.699
3422,Advance Auto Parts,Senior Data Engineer,7,25.7L,24.0L,28.9L,4,24.0,25.7,28.9,4.9,0.1907,0.699
1583,Telstra,Senior Data Engineer,7,27.6L,18.0L,32.0L,4,18.0,27.6,32.0,14.0,0.5072,0.699
4777,GE Power,Senior Data Engineer,8,15.4L,11.0L,22.0L,4,11.0,15.4,22.0,11.0,0.7143,0.699
5784,Epsilon,Senior Data Engineer,8,23.8L,16.5L,26.8L,4,16.5,23.8,26.8,10.3,0.4328,0.699
7490,Cimpress,Senior Data Engineer,4,20.5L,15.0L,23.0L,4,15.0,20.5,23.0,8.0,0.3902,0.699
3262,Senvion,Senior Data Engineer,4,12.7L,9.0L,16.0L,4,9.0,12.7,16.0,7.0,0.5512,0.699
4343,USEReady,Senior Data Engineer,4,14.3L,9.4L,18.4L,4,9.4,14.3,18.4,9.0,0.6294,0.699
4731,Milliman,Senior Data Engineer,5,19.5L,14.1L,25.0L,4,14.1,19.5,25.0,10.9,0.559,0.699
4942,Blackhawk Network,Senior Data Engineer,5,21.8L,16.4L,25.0L,4,16.4,21.8,25.0,8.6,0.3945,0.699
8937,Wabtec,Senior Data Engineer,9,20.0L,19.0L,21.0L,4,19.0,20.0,21.0,2.0,0.1,0.699
8506,KrazyBee,Senior Data Engineer,3,10.3L,8.5L,15.7L,4,8.5,10.3,15.7,7.2,0.699,0.699
3916,Roche Diagnostics,Senior Data Engineer,5,33.1L,23.5L,43.0L,4,23.5,33.1,43.0,19.5,0.5891,0.699
3081,Fidelity National Information Services,Senior Data Engineer,6,20.1L,12.0L,23.8L,4,12.0,20.1,23.8,11.8,0.5871,0.699
6757,XL Health,Senior Data Engineer,4,9.9L,8.5L,12.0L,4,8.5,9.9,12.0,3.5,0.3535,0.699
4714,ADP Solutions,Senior Data Engineer,4,14.3L,11.6L,19.0L,4,11.6,14.3,19.0,7.4,0.5175,0.699
8979,Hexaware Technologies,Senior Data Engineer,8,18.4L,13.0L,22.8L,4,13.0,18.4,22.8,9.8,0.5326,0.699
3261,Citibank,Senior Data Engineer,6,18.2L,14.0L,20.0L,4,14.0,18.2,20.0,6.0,0.3297,0.699
2509,Akamai Technologies,Senior Data Engineer,5,24.1L,21.8L,25.1L,4,21.8,24.1,25.1,3.3,0.1369,0.699
5427,Quest Global,Senior Data Engineer,8,20.3L,17.0L,24.0L,4,17.0,20.3,24.0,7.0,0.3448,0.699
8730,TCS,Machine Learning Engineer,1,5.8L,4.0L,9.3L,193,4.0,5.8,9.3,5.3,0.9138,2.2878
7970,Quantiphi Analytics Solutions,Machine Learning Engineer,1,11.2L,7.4L,15.0L,174,7.4,11.2,15.0,7.6,0.6786,2.243
3670,Accenture,Machine Learning Engineer,2,9.9L,5.4L,15.2L,61,5.4,9.9,15.2,9.8,0.9899,1.7924
5039,Wipro,Machine Learning Engineer,1,5.9L,3.5L,13.0L,45,3.5,5.9,13.0,9.5,1.6102,1.6628
4623,Tiger Analytics,Machine Learning Engineer,0,13.6L,9.0L,22.0L,37,9.0,13.6,22.0,13.0,0.9559,1.5798
6359,Capgemini,Machine Learning Engineer,2,6.3L,4.5L,12.1L,29,4.5,6.3,12.1,7.6,1.2063,1.4771
3690,Infosys,Machine Learning Engineer,2,6.7L,4.3L,14.7L,28,4.3,6.7,14.7,10.4,1.5522,1.4624
5388,Cognizant,Machine Learning Engineer,1,8.0L,4.0L,15.2L,28,4.0,8.0,15.2,11.2,1.4,1.4624
8641,HCL Technologies,Machine Learning Engineer,0,8.3L,4.2L,14.0L,21,4.2,8.3,14.0,9.8,1.1807,1.3424
7359,Tech Mahindra,Machine Learning Engineer,1,7.3L,3.9L,16.2L,20,3.9,7.3,16.2,12.3,1.6849,1.3222
8279,IBM,Machine Learning Engineer,3,9.3L,4.5L,13.2L,18,4.5,9.3,13.2,8.7,0.9355,1.2788
5845,Deloitte,Machine Learning Engineer,2,13.7L,8.3L,21.0L,14,8.3,13.7,21.0,12.7,0.927,1.1761
8614,Amazon,Machine Learning Engineer,1,12.5L,4.2L,28.5L,13,4.2,12.5,28.5,24.3,1.944,1.1461
5078,Qualcomm,Machine Learning Engineer,0,19.4L,12.0L,29.8L,12,12.0,19.4,29.8,17.8,0.9175,1.1139
1639,OptiSol Business Solutions,Machine Learning Engineer,0,5.6L,3.5L,8.5L,11,3.5,5.6,8.5,5.0,0.8929,1.0792
5795,Mindtree,Machine Learning Engineer,1,5.3L,3.5L,7.0L,10,3.5,5.3,7.0,3.5,0.6604,1.0414
2328,Virtusa Consulting Services,Machine Learning Engineer,0,5.1L,4.0L,9.0L,9,4.0,5.1,9.0,5.0,0.9804,1.0
5245,Ford Motor,Machine Learning Engineer,2,11.8L,7.5L,16.0L,9,7.5,11.8,16.0,8.5,0.7203,1.0
4868,Samsung Research,Machine Learning Engineer,1,17.4L,11.0L,25.0L,9,11.0,17.4,25.0,14.0,0.8046,1.0
7490,DXC Technology,Machine Learning Engineer,2,7.3L,4.0L,11.0L,8,4.0,7.3,11.0,7.0,0.9589,0.9542
5325,UST,Machine Learning Engineer,2,6.7L,5.0L,9.0L,8,5.0,6.7,9.0,4.0,0.597,0.9542
6058,Reliance jio,Machine Learning Engineer,2,9.2L,5.5L,15.0L,8,5.5,9.2,15.0,9.5,1.0326,0.9542
6517,Straive,Machine Learning Engineer,3,9.3L,4.5L,13.5L,8,4.5,9.3,13.5,9.0,0.9677,0.9542
2325,e-Zest,Machine Learning Engineer,0,4.5L,2.1L,7.0L,7,2.1,4.5,7.0,4.9,1.0889,0.9031
6763,Trantor,Machine Learning Engineer,1,9.4L,7.0L,16.5L,7,7.0,9.4,16.5,9.5,1.0106,0.9031
5830,JP Morgan Chase,Machine Learning Engineer,3,16.9L,13.0L,22.0L,7,13.0,16.9,22.0,9.0,0.5325,0.9031
8422,Freelancer.com,Machine Learning Engineer,0,5.1L,2.0L,8.4L,7,2.0,5.1,8.4,6.4,1.2549,0.9031
5862,Jio Platforms,Machine Learning Engineer,0,10.9L,6.7L,16.8L,7,6.7,10.9,16.8,10.1,0.9266,0.9031
3105,Monsoon CreditTech,Machine Learning Engineer,0,9.6L,7.0L,12.0L,6,7.0,9.6,12.0,5.0,0.5208,0.8451
3086,L&T Technology Services,Machine Learning Engineer,1,5.3L,4.4L,7.0L,6,4.4,5.3,7.0,2.6,0.4906,0.8451
3394,Sysark,Machine Learning Engineer,1,3.7L,3.1L,4.5L,6,3.1,3.7,4.5,1.4,0.3784,0.8451
7499,Lucida Technologies,Machine Learning Engineer,1,3.6L,3.3L,4.3L,6,3.3,3.6,4.3,1.0,0.2778,0.8451
7243,Ignitarium Technology Solutions,Machine Learning Engineer,0,5.8L,5.0L,7.0L,6,5.0,5.8,7.0,2.0,0.3448,0.8451
2489,Oracle,Machine Learning Engineer,1,20.7L,20.0L,22.0L,6,20.0,20.7,22.0,2.0,0.0966,0.8451
6012,Samsung,Machine Learning Engineer,0,16.8L,14.0L,21.5L,6,14.0,16.8,21.5,7.5,0.4464,0.8451
8657,Sri Ayyan Kendra Vidyalaya International School,Machine Learning Engineer,1,6.1L,2.3L,10.0L,5,2.3,6.1,10.0,7.7,1.2623,0.7782
6584,Reflections Info Systems,Machine Learning Engineer,1,3.6L,3.0L,4.5L,5,3.0,3.6,4.5,1.5,0.4167,0.7782
6406,Qualitas Technologies,Machine Learning Engineer,1,4.7L,2.8L,7.0L,5,2.8,4.7,7.0,4.2,0.8936,0.7782
3804,Allstate,Machine Learning Engineer,5,12.1L,11.2L,13.0L,5,11.2,12.1,13.0,1.8,0.1488,0.7782
1576,Barclays,Machine Learning Engineer,3,19.4L,9.0L,29.1L,5,9.0,19.4,29.1,20.1,1.0361,0.7782
2744,Ericsson,Machine Learning Engineer,2,11.9L,6.2L,18.5L,5,6.2,11.9,18.5,12.3,1.0336,0.7782
5013,Confidential,Machine Learning Engineer,1,7.4L,5.9L,9.0L,5,5.9,7.4,9.0,3.1,0.4189,0.7782
3456,Taglr Technologies,Machine Learning Engineer,0,6.3L,4.5L,10.0L,5,4.5,6.3,10.0,5.5,0.873,0.7782
6525,Takvaviya Analytics,Machine Learning Engineer,1,4.8L,4.2L,5.3L,5,4.2,4.8,5.3,1.1,0.2292,0.7782
1304,AAIC Technologies,Machine Learning Engineer,0,9.1L,6.0L,14.8L,5,6.0,9.1,14.8,8.8,0.967,0.7782
2171,CIMCON Software,Machine Learning Engineer,2,6.6L,3.0L,10.0L,5,3.0,6.6,10.0,7.0,1.0606,0.7782
6484,Siemens,Machine Learning Engineer,3,11.7L,6.0L,16.0L,5,6.0,11.7,16.0,10.0,0.8547,0.7782
1122,Fractal Analytics,Machine Learning Engineer,4,19.4L,15.0L,25.0L,5,15.0,19.4,25.0,10.0,0.5155,0.7782
6142,Metagogy Learning Systems,Machine Learning Engineer,0,3.7L,3.0L,4.2L,5,3.0,3.7,4.2,1.2,0.3243,0.7782
1869,EEGRAB,Machine Learning Engineer,1,5.1L,3.5L,7.2L,5,3.5,5.1,7.2,3.7,0.7255,0.7782
7698,Digitalmain,Machine Learning Engineer,1,4.4L,3.0L,5.8L,5,3.0,4.4,5.8,2.8,0.6364,0.7782
5256,Danaher,Machine Learning Engineer,6,24.8L,24.0L,26.0L,5,24.0,24.8,26.0,2.0,0.0806,0.7782
1064,Phenom,Machine Learning Engineer,1,12.6L,9.0L,16.0L,5,9.0,12.6,16.0,7.0,0.5556,0.7782
4348,Orange Business Services,Machine Learning Engineer,5,16.1L,15.0L,18.0L,4,15.0,16.1,18.0,3.0,0.1863,0.699
5584,Calsoft,Machine Learning Engineer,1,10.9L,6.0L,25.0L,4,6.0,10.9,25.0,19.0,1.7431,0.699
1151,Hewlett-Packard Enterprise,Machine Learning Engineer,2,23.3L,7.0L,40.0L,4,7.0,23.3,40.0,33.0,1.4163,0.699
5171,Datamatics Global Services,Machine Learning Engineer,1,5.1L,3.1L,8.0L,4,3.1,5.1,8.0,4.9,0.9608,0.699
4016,Techolution,Machine Learning Engineer,4,10.0L,7.0L,14.0L,4,7.0,10.0,14.0,7.0,0.7,0.699
8875,Intel,Machine Learning Engineer,1,14.4L,10.5L,16.1L,4,10.5,14.4,16.1,5.6,0.3889,0.699
6274,Accenture,Data Architect,8,24.6L,15.8L,33.0L,55,15.8,24.6,33.0,17.2,0.6992,1.7482
6618,TCS,Data Architect,8,19.9L,13.0L,30.0L,49,13.0,19.9,30.0,17.0,0.8543,1.699
2337,Fiserv,Data Architect,3,11.2L,8.4L,18.4L,47,8.4,11.2,18.4,10.0,0.8929,1.6812
2022,IBM,Data Architect,10,19.6L,13.5L,29.0L,44,13.5,19.6,29.0,15.5,0.7908,1.6532
4135,Cognizant,Data Architect,10,19.6L,15.0L,25.5L,42,15.0,19.6,25.5,10.5,0.5357,1.6335
3034,Wipro,Data Architect,8,20.2L,13.0L,27.5L,29,13.0,20.2,27.5,14.5,0.7178,1.4771
6142,Globant,Data Architect,4,21.2L,15.5L,32.0L,21,15.5,21.2,32.0,16.5,0.7783,1.3424
1839,Capgemini,Data Architect,10,22.6L,16.0L,32.0L,19,16.0,22.6,32.0,16.0,0.708,1.301
3084,Tech Mahindra,Data Architect,13,17.3L,11.2L,25.0L,12,11.2,17.3,25.0,13.8,0.7977,1.1139
8450,HCL Technologies,Data Architect,13,23.1L,16.6L,31.0L,10,16.6,23.1,31.0,14.4,0.6234,1.0414
8451,UST,Data Architect,9,26.8L,16.0L,45.0L,9,16.0,26.8,45.0,29.0,1.0821,1.0
1314,Adobe,Data Architect,9,32.6L,30.0L,37.0L,8,30.0,32.6,37.0,7.0,0.2147,0.9542
2672,Cgi Group,Data Architect,8,23.9L,17.0L,30.6L,8,17.0,23.9,30.6,13.6,0.569,0.9542
7853,Infosys,Data Architect,13,19.8L,11.9L,32.0L,8,11.9,19.8,32.0,20.1,1.0152,0.9542
1848,JP Morgan Chase,Data Architect,8,35.1L,27.0L,45.0L,8,27.0,35.1,45.0,18.0,0.5128,0.9542
8820,Genpact,Data Architect,7,26.1L,15.0L,37.0L,7,15.0,26.1,37.0,22.0,0.8429,0.9031
8211,Ernst & Young,Data Architect,8,23.5L,20.0L,27.7L,6,20.0,23.5,27.7,7.7,0.3277,0.8451
3608,Deloitte,Data Architect,11,27.6L,21.2L,32.3L,6,21.2,27.6,32.3,11.1,0.4022,0.8451
2239,PepsiCo,Data Architect,10,33.6L,26.1L,49.0L,6,26.1,33.6,49.0,22.9,0.6815,0.8451
3202,Anthology,Data Architect,11,25.5L,25.0L,26.3L,6,25.0,25.5,26.3,1.3,0.051,0.8451
1941,DXC Technology,Data Architect,14,19.8L,15.5L,24.0L,5,15.5,19.8,24.0,8.5,0.4293,0.7782
4478,Atos,Data Architect,12,22.8L,17.2L,35.7L,5,17.2,22.8,35.7,18.5,0.8114,0.7782
8902,ValueLabs,Data Architect,9,22.5L,21.0L,26.7L,5,21.0,22.5,26.7,5.7,0.2533,0.7782
4813,Barclays,Data Architect,15,30.4L,30.0L,30.7L,5,30.0,30.4,30.7,0.7,0.023,0.7782
2588,Ericsson,Data Architect,8,17.5L,12.8L,26.5L,5,12.8,17.5,26.5,13.7,0.7829,0.7782
7967,Vodafone Idea,Data Architect,10,25.8L,21.3L,30.0L,5,21.3,25.8,30.0,8.7,0.3372,0.7782
6303,IQVIA,Data Architect,8,28.6L,25.0L,34.0L,5,25.0,28.6,34.0,9.0,0.3147,0.7782
3861,Amdocs,Data Architect,5,12.5L,9.9L,16.1L,5,9.9,12.5,16.1,6.2,0.496,0.7782
7616,Mindtree,Data Architect,10,20.5L,17.5L,23.0L,5,17.5,20.5,23.0,5.5,0.2683,0.7782
7678,Mphasis,Data Architect,13,20.9L,14.0L,32.0L,5,14.0,20.9,32.0,18.0,0.8612,0.7782
1377,PwC,Data Architect,8,21.6L,13.0L,32.0L,5,13.0,21.6,32.0,19.0,0.8796,0.7782
5109,Happiest Minds Technologies,Data Architect,12,27.6L,26.5L,29.0L,4,26.5,27.6,29.0,2.5,0.0906,0.699
5994,Shell,Data Architect,14,35.7L,33.6L,38.0L,4,33.6,35.7,38.0,4.4,0.1232,0.699
6714,Fidelity International,Data Architect,8,50.6L,23.4L,93.0L,4,23.4,50.6,93.0,69.6,1.3755,0.699
2842,Maveric Systems,Data Architect,9,19.0L,19.0L,19.0L,4,19.0,19.0,19.0,0.0,0.0,0.699
5485,Webhelp,Data Architect,5,12.0L,7.5L,18.0L,4,7.5,12.0,18.0,10.5,0.875,0.699
3847,Bajaj Finserv,Data Architect,6,33.1L,19.0L,42.5L,4,19.0,33.1,42.5,23.5,0.71,0.699
1379,GlobalLogic,Data Architect,10,25.5L,22.7L,28.5L,4,22.7,25.5,28.5,5.8,0.2275,0.699
1999,L&T Infotech,Data Architect,11,24.8L,20.5L,33.5L,4,20.5,24.8,33.5,13.0,0.5242,0.699
7143,Ab Inbev,Data Architect,14,29.8L,26.1L,31.0L,4,26.1,29.8,31.0,4.9,0.1644,0.699
1125,Automatic Data Processing,Data Architect,7,36.5L,14.0L,102.0L,4,14.0,36.5,102.0,88.0,2.411,0.699
5862,Brillio,Data Architect,14,28.3L,25.0L,38.0L,4,25.0,28.3,38.0,13.0,0.4594,0.699
3083,Whishworks It Consulting,Data Architect,13,29.8L,20.0L,37.0L,4,20.0,29.8,37.0,17.0,0.5705,0.699
1459,ITC Infotech India,Data Architect,12,29.0L,19.8L,40.0L,4,19.8,29.0,40.0,20.2,0.6966,0.699
8528,IVY Comptech,Data Architect,12,21.8L,17.0L,29.0L,4,17.0,21.8,29.0,12.0,0.5505,0.699
3456,Collabera Technologies,Data Architect,8,17.0L,12.0L,23.1L,4,12.0,17.0,23.1,11.1,0.6529,0.699
7737,Coforge,Data Architect,7,27.1L,18.5L,39.0L,4,18.5,27.1,39.0,20.5,0.7565,0.699
5920,Hitachi,Data Architect,21,40.0L,25.0L,50.0L,3,25.0,40.0,50.0,25.0,0.625,0.6021
8388,GE Power,Data Architect,7,16.7L,14.9L,19.0L,3,14.9,16.7,19.0,4.1,0.2455,0.6021
1385,T-Systems,Data Architect,16,33.3L,33.0L,34.0L,3,33.0,33.3,34.0,1.0,0.03,0.6021
