model_name,repeat_idx,fold_idx,split_id,subject_id,true_label,pred_prob,pred_class
Baseline_Majority,1,1,1,8778,1,0.5271,1
Baseline_Majority,1,1,1,8083,1,0.5271,1
Baseline_Majority,1,1,1,8225,1,0.5271,1
Baseline_Majority,1,1,1,8228,0,0.5271,1
Baseline_Majority,1,1,1,8799,0,0.5271,1
Baseline_Majority,1,1,1,8611,1,0.5271,1
Baseline_Majority,1,1,1,8623,0,0.5271,1
Baseline_Majority,1,1,1,8308,0,0.5271,1
Baseline_Majority,1,1,1,8565,1,0.5271,1
Baseline_Majority,1,1,1,8640,1,0.5271,1
Baseline_Majority,1,1,1,8905,0,0.5271,1
Baseline_Majority,1,1,1,8228,0,0.5271,1
Baseline_Majority,1,1,1,8308,1,0.5271,1
Baseline_Majority,1,1,1,8657,1,0.5271,1
Baseline_Majority,1,1,1,8679,1,0.5271,1
Baseline_Majority,1,1,1,8789,0,0.5271,1
Baseline_Majority,1,1,1,8498,0,0.5271,1
Baseline_Majority,1,1,1,8800,1,0.5271,1
Baseline_Majority,1,1,1,8769,0,0.5271,1
Baseline_Majority,1,1,1,8161,1,0.5271,1
Baseline_Majority,1,1,1,8309,1,0.5271,1
Baseline_Majority,1,1,1,8725,1,0.5271,1
Baseline_Majority,1,1,1,8357,0,0.5271,1
Baseline_Majority,1,1,1,8333,1,0.5271,1
Baseline_Majority,1,1,1,8835,0,0.5271,1
Baseline_Majority,1,1,1,8011,1,0.5271,1
Baseline_Majority,1,1,1,8609,0,0.5271,1
Baseline_Majority,1,1,1,8764,1,0.5271,1
Baseline_Majority,1,1,1,8543,0,0.5271,1
Baseline_Majority,1,1,1,8281,0,0.5271,1
Baseline_Majority,1,1,1,8427,1,0.5271,1
Baseline_Majority,1,1,1,8061,0,0.5271,1
Logistic_Regression_L2,1,1,1,8778,1,0.9702,1
Logistic_Regression_L2,1,1,1,8083,1,0.8354,1
Logistic_Regression_L2,1,1,1,8225,1,0.9254,1
Logistic_Regression_L2,1,1,1,8228,0,0.0253,0
Logistic_Regression_L2,1,1,1,8799,0,0.1081,0
Logistic_Regression_L2,1,1,1,8611,1,0.9084,1
Logistic_Regression_L2,1,1,1,8623,0,0.4168,0
Logistic_Regression_L2,1,1,1,8308,0,0.4597,0
Logistic_Regression_L2,1,1,1,8565,1,0.9665,1
Logistic_Regression_L2,1,1,1,8640,1,0.9676,1
Logistic_Regression_L2,1,1,1,8905,0,0.0033,0
Logistic_Regression_L2,1,1,1,8228,0,0.1007,0
Logistic_Regression_L2,1,1,1,8308,1,0.9464,1
Logistic_Regression_L2,1,1,1,8657,1,0.9574,1
Logistic_Regression_L2,1,1,1,8679,1,0.9644,1
Logistic_Regression_L2,1,1,1,8789,0,0.0768,0
Logistic_Regression_L2,1,1,1,8498,0,0.1777,0
Logistic_Regression_L2,1,1,1,8800,1,0.9162,1
Logistic_Regression_L2,1,1,1,8769,0,0.0005,0
Logistic_Regression_L2,1,1,1,8161,1,0.7623,1
Logistic_Regression_L2,1,1,1,8309,1,0.5058,1
Logistic_Regression_L2,1,1,1,8725,1,0.9459,1
Logistic_Regression_L2,1,1,1,8357,0,0.9587,1
Logistic_Regression_L2,1,1,1,8333,1,0.7436,1
Logistic_Regression_L2,1,1,1,8835,0,0.0291,0
Logistic_Regression_L2,1,1,1,8011,1,0.8719,1
Logistic_Regression_L2,1,1,1,8609,0,0.01,0
Logistic_Regression_L2,1,1,1,8764,1,0.7808,1
Logistic_Regression_L2,1,1,1,8543,0,0.0083,0
Logistic_Regression_L2,1,1,1,8281,0,0.0498,0
Logistic_Regression_L2,1,1,1,8427,1,0.9259,1
Logistic_Regression_L2,1,1,1,8061,0,0.5966,1
Logistic_Regression_L1,1,1,1,8778,1,0.9816,1
Logistic_Regression_L1,1,1,1,8083,1,0.8838,1
Logistic_Regression_L1,1,1,1,8225,1,0.9483,1
Logistic_Regression_L1,1,1,1,8228,0,0.0138,0
Logistic_Regression_L1,1,1,1,8799,0,0.0561,0
Logistic_Regression_L1,1,1,1,8611,1,0.9266,1
Logistic_Regression_L1,1,1,1,8623,0,0.4599,0
Logistic_Regression_L1,1,1,1,8308,0,0.377,0
Logistic_Regression_L1,1,1,1,8565,1,0.9789,1
Logistic_Regression_L1,1,1,1,8640,1,0.9775,1
Logistic_Regression_L1,1,1,1,8905,0,0.0018,0
Logistic_Regression_L1,1,1,1,8228,0,0.0558,0
Logistic_Regression_L1,1,1,1,8308,1,0.9645,1
Logistic_Regression_L1,1,1,1,8657,1,0.9659,1
Logistic_Regression_L1,1,1,1,8679,1,0.973,1
Logistic_Regression_L1,1,1,1,8789,0,0.0511,0
Logistic_Regression_L1,1,1,1,8498,0,0.1269,0
Logistic_Regression_L1,1,1,1,8800,1,0.9378,1
Logistic_Regression_L1,1,1,1,8769,0,0.0002,0
Logistic_Regression_L1,1,1,1,8161,1,0.7602,1
Logistic_Regression_L1,1,1,1,8309,1,0.4386,0
Logistic_Regression_L1,1,1,1,8725,1,0.9722,1
Logistic_Regression_L1,1,1,1,8357,0,0.9858,1
Logistic_Regression_L1,1,1,1,8333,1,0.7861,1
Logistic_Regression_L1,1,1,1,8835,0,0.0201,0
Logistic_Regression_L1,1,1,1,8011,1,0.8989,1
Logistic_Regression_L1,1,1,1,8609,0,0.0056,0
Logistic_Regression_L1,1,1,1,8764,1,0.8134,1
Logistic_Regression_L1,1,1,1,8543,0,0.0051,0
Logistic_Regression_L1,1,1,1,8281,0,0.0226,0
Logistic_Regression_L1,1,1,1,8427,1,0.9301,1
Logistic_Regression_L1,1,1,1,8061,0,0.6477,1
Logistic_Regression_ElasticNet,1,1,1,8778,1,0.9751,1
Logistic_Regression_ElasticNet,1,1,1,8083,1,0.8556,1
Logistic_Regression_ElasticNet,1,1,1,8225,1,0.9346,1
Logistic_Regression_ElasticNet,1,1,1,8228,0,0.0207,0
Logistic_Regression_ElasticNet,1,1,1,8799,0,0.0838,0
Logistic_Regression_ElasticNet,1,1,1,8611,1,0.9152,1
Logistic_Regression_ElasticNet,1,1,1,8623,0,0.4348,0
Logistic_Regression_ElasticNet,1,1,1,8308,0,0.4301,0
Logistic_Regression_ElasticNet,1,1,1,8565,1,0.9717,1
Logistic_Regression_ElasticNet,1,1,1,8640,1,0.9718,1
Logistic_Regression_ElasticNet,1,1,1,8905,0,0.0027,0
Logistic_Regression_ElasticNet,1,1,1,8228,0,0.0817,0
Logistic_Regression_ElasticNet,1,1,1,8308,1,0.954,1
Logistic_Regression_ElasticNet,1,1,1,8657,1,0.9605,1
Logistic_Regression_ElasticNet,1,1,1,8679,1,0.9676,1
Logistic_Regression_ElasticNet,1,1,1,8789,0,0.0671,0
Logistic_Regression_ElasticNet,1,1,1,8498,0,0.157,0
Logistic_Regression_ElasticNet,1,1,1,8800,1,0.925,1
Logistic_Regression_ElasticNet,1,1,1,8769,0,0.0003,0
Logistic_Regression_ElasticNet,1,1,1,8161,1,0.7605,1
Logistic_Regression_ElasticNet,1,1,1,8309,1,0.4784,0
Logistic_Regression_ElasticNet,1,1,1,8725,1,0.958,1
Logistic_Regression_ElasticNet,1,1,1,8357,0,0.9726,1
Logistic_Regression_ElasticNet,1,1,1,8333,1,0.7593,1
Logistic_Regression_ElasticNet,1,1,1,8835,0,0.0258,0
Logistic_Regression_ElasticNet,1,1,1,8011,1,0.8821,1
Logistic_Regression_ElasticNet,1,1,1,8609,0,0.0083,0
Logistic_Regression_ElasticNet,1,1,1,8764,1,0.793,1
Logistic_Regression_ElasticNet,1,1,1,8543,0,0.0072,0
Logistic_Regression_ElasticNet,1,1,1,8281,0,0.0373,0
Logistic_Regression_ElasticNet,1,1,1,8427,1,0.9264,1
Logistic_Regression_ElasticNet,1,1,1,8061,0,0.62,1
Decision_Tree,1,1,1,8778,1,1.0,1
Decision_Tree,1,1,1,8083,1,0.6,1
Decision_Tree,1,1,1,8225,1,1.0,1
Decision_Tree,1,1,1,8228,0,0.0,0
Decision_Tree,1,1,1,8799,0,0.0,0
Decision_Tree,1,1,1,8611,1,1.0,1
Decision_Tree,1,1,1,8623,0,0.0,0
Decision_Tree,1,1,1,8308,0,0.0,0
Decision_Tree,1,1,1,8565,1,1.0,1
Decision_Tree,1,1,1,8640,1,1.0,1
Decision_Tree,1,1,1,8905,0,0.0,0
Decision_Tree,1,1,1,8228,0,0.0,0
Decision_Tree,1,1,1,8308,1,1.0,1
Decision_Tree,1,1,1,8657,1,1.0,1
Decision_Tree,1,1,1,8679,1,1.0,1
Decision_Tree,1,1,1,8789,0,0.0,0
Decision_Tree,1,1,1,8498,0,0.0,0
Decision_Tree,1,1,1,8800,1,1.0,1
Decision_Tree,1,1,1,8769,0,0.0,0
Decision_Tree,1,1,1,8161,1,0.8,1
Decision_Tree,1,1,1,8309,1,0.0,0
Decision_Tree,1,1,1,8725,1,1.0,1
Decision_Tree,1,1,1,8357,0,0.6,1
Decision_Tree,1,1,1,8333,1,0.6,1
Decision_Tree,1,1,1,8835,0,0.0,0
Decision_Tree,1,1,1,8011,1,1.0,1
Decision_Tree,1,1,1,8609,0,0.0,0
Decision_Tree,1,1,1,8764,1,0.6,1
Decision_Tree,1,1,1,8543,0,0.0,0
Decision_Tree,1,1,1,8281,0,0.0,0
Decision_Tree,1,1,1,8427,1,0.8,1
Decision_Tree,1,1,1,8061,0,1.0,1
Random_Forest,1,1,1,8778,1,0.9722,1
Random_Forest,1,1,1,8083,1,0.8753,1
Random_Forest,1,1,1,8225,1,0.9577,1
Random_Forest,1,1,1,8228,0,0.0236,0
Random_Forest,1,1,1,8799,0,0.1171,0
Random_Forest,1,1,1,8611,1,0.9739,1
Random_Forest,1,1,1,8623,0,0.1609,0
Random_Forest,1,1,1,8308,0,0.4955,0
Random_Forest,1,1,1,8565,1,0.9795,1
Random_Forest,1,1,1,8640,1,0.9715,1
Random_Forest,1,1,1,8905,0,0.0198,0
Random_Forest,1,1,1,8228,0,0.1164,0
Random_Forest,1,1,1,8308,1,0.9566,1
Random_Forest,1,1,1,8657,1,0.9238,1
Random_Forest,1,1,1,8679,1,0.945,1
Random_Forest,1,1,1,8789,0,0.0737,0
Random_Forest,1,1,1,8498,0,0.1489,0
Random_Forest,1,1,1,8800,1,0.9769,1
Random_Forest,1,1,1,8769,0,0.0,0
Random_Forest,1,1,1,8161,1,0.6454,1
Random_Forest,1,1,1,8309,1,0.3291,0
Random_Forest,1,1,1,8725,1,0.9071,1
Random_Forest,1,1,1,8357,0,0.3546,0
Random_Forest,1,1,1,8333,1,0.7701,1
Random_Forest,1,1,1,8835,0,0.0209,0
Random_Forest,1,1,1,8011,1,0.9664,1
Random_Forest,1,1,1,8609,0,0.0074,0
Random_Forest,1,1,1,8764,1,0.8932,1
Random_Forest,1,1,1,8543,0,0.0155,0
Random_Forest,1,1,1,8281,0,0.0276,0
Random_Forest,1,1,1,8427,1,0.6588,1
Random_Forest,1,1,1,8061,0,0.7637,1
Gradient_Boosting,1,1,1,8778,1,0.9353,1
Gradient_Boosting,1,1,1,8083,1,0.9092,1
Gradient_Boosting,1,1,1,8225,1,0.9353,1
Gradient_Boosting,1,1,1,8228,0,0.0503,0
Gradient_Boosting,1,1,1,8799,0,0.0623,0
Gradient_Boosting,1,1,1,8611,1,0.9353,1
Gradient_Boosting,1,1,1,8623,0,0.1258,0
Gradient_Boosting,1,1,1,8308,0,0.5091,1
Gradient_Boosting,1,1,1,8565,1,0.9353,1
Gradient_Boosting,1,1,1,8640,1,0.9353,1
Gradient_Boosting,1,1,1,8905,0,0.0623,0
Gradient_Boosting,1,1,1,8228,0,0.1277,0
Gradient_Boosting,1,1,1,8308,1,0.9353,1
Gradient_Boosting,1,1,1,8657,1,0.9353,1
Gradient_Boosting,1,1,1,8679,1,0.9353,1
Gradient_Boosting,1,1,1,8789,0,0.0601,0
Gradient_Boosting,1,1,1,8498,0,0.0716,0
Gradient_Boosting,1,1,1,8800,1,0.9353,1
Gradient_Boosting,1,1,1,8769,0,0.0503,0
Gradient_Boosting,1,1,1,8161,1,0.6659,1
Gradient_Boosting,1,1,1,8309,1,0.1277,0
Gradient_Boosting,1,1,1,8725,1,0.9353,1
Gradient_Boosting,1,1,1,8357,0,0.5075,1
Gradient_Boosting,1,1,1,8333,1,0.9092,1
Gradient_Boosting,1,1,1,8835,0,0.0623,0
Gradient_Boosting,1,1,1,8011,1,0.9353,1
Gradient_Boosting,1,1,1,8609,0,0.0521,0
Gradient_Boosting,1,1,1,8764,1,0.9092,1
Gradient_Boosting,1,1,1,8543,0,0.0386,0
Gradient_Boosting,1,1,1,8281,0,0.0601,0
Gradient_Boosting,1,1,1,8427,1,0.6659,1
Gradient_Boosting,1,1,1,8061,0,0.9353,1
Baseline_Majority,1,2,2,8951,0,0.5312,1
Baseline_Majority,1,2,2,8796,0,0.5312,1
Baseline_Majority,1,2,2,8596,1,0.5312,1
Baseline_Majority,1,2,2,8159,1,0.5312,1
Baseline_Majority,1,2,2,8776,0,0.5312,1
Baseline_Majority,1,2,2,8196,1,0.5312,1
Baseline_Majority,1,2,2,8484,0,0.5312,1
Baseline_Majority,1,2,2,8667,0,0.5312,1
Baseline_Majority,1,2,2,8745,1,0.5312,1
Baseline_Majority,1,2,2,8734,1,0.5312,1
Baseline_Majority,1,2,2,8884,0,0.5312,1
Baseline_Majority,1,2,2,8489,1,0.5312,1
Baseline_Majority,1,2,2,8189,0,0.5312,1
Baseline_Majority,1,2,2,8412,0,0.5312,1
Baseline_Majority,1,2,2,8342,1,0.5312,1
Baseline_Majority,1,2,2,8868,1,0.5312,1
Baseline_Majority,1,2,2,8859,0,0.5312,1
Baseline_Majority,1,2,2,8301,0,0.5312,1
Baseline_Majority,1,2,2,8708,1,0.5312,1
Baseline_Majority,1,2,2,8230,1,0.5312,1
Baseline_Majority,1,2,2,8112,1,0.5312,1
Baseline_Majority,1,2,2,8150,0,0.5312,1
Baseline_Majority,1,2,2,8190,1,0.5312,1
Baseline_Majority,1,2,2,8417,0,0.5312,1
Baseline_Majority,1,2,2,8301,1,0.5312,1
Baseline_Majority,1,2,2,8520,0,0.5312,1
Baseline_Majority,1,2,2,8418,1,0.5312,1
Baseline_Majority,1,2,2,8722,1,0.5312,1
Baseline_Majority,1,2,2,8380,1,0.5312,1
Baseline_Majority,1,2,2,8121,0,0.5312,1
Baseline_Majority,1,2,2,8743,1,0.5312,1
Baseline_Majority,1,2,2,8489,0,0.5312,1
Baseline_Majority,1,2,2,8729,0,0.5312,1
Logistic_Regression_L2,1,2,2,8951,0,0.1145,0
Logistic_Regression_L2,1,2,2,8796,0,0.0005,0
Logistic_Regression_L2,1,2,2,8596,1,0.739,1
Logistic_Regression_L2,1,2,2,8159,1,0.8704,1
Logistic_Regression_L2,1,2,2,8776,0,0.0057,0
Logistic_Regression_L2,1,2,2,8196,1,0.9947,1
Logistic_Regression_L2,1,2,2,8484,0,0.0434,0
Logistic_Regression_L2,1,2,2,8667,0,0.0005,0
Logistic_Regression_L2,1,2,2,8745,1,0.857,1
Logistic_Regression_L2,1,2,2,8734,1,0.8738,1
Logistic_Regression_L2,1,2,2,8884,0,0.0012,0
Logistic_Regression_L2,1,2,2,8489,1,0.9861,1
Logistic_Regression_L2,1,2,2,8189,0,0.0783,0
Logistic_Regression_L2,1,2,2,8412,0,0.0932,0
Logistic_Regression_L2,1,2,2,8342,1,0.7649,1
Logistic_Regression_L2,1,2,2,8868,1,0.8498,1
Logistic_Regression_L2,1,2,2,8859,0,0.0395,0
Logistic_Regression_L2,1,2,2,8301,0,0.1265,0
Logistic_Regression_L2,1,2,2,8708,1,0.9724,1
Logistic_Regression_L2,1,2,2,8230,1,0.6355,1
Logistic_Regression_L2,1,2,2,8112,1,0.9735,1
Logistic_Regression_L2,1,2,2,8150,0,0.016,0
Logistic_Regression_L2,1,2,2,8190,1,0.9229,1
Logistic_Regression_L2,1,2,2,8417,0,0.0008,0
Logistic_Regression_L2,1,2,2,8301,1,0.7908,1
Logistic_Regression_L2,1,2,2,8520,0,0.0071,0
Logistic_Regression_L2,1,2,2,8418,1,0.5343,1
Logistic_Regression_L2,1,2,2,8722,1,0.6432,1
Logistic_Regression_L2,1,2,2,8380,1,0.9198,1
Logistic_Regression_L2,1,2,2,8121,0,0.7137,1
Logistic_Regression_L2,1,2,2,8743,1,0.9666,1
Logistic_Regression_L2,1,2,2,8489,0,0.0002,0
Logistic_Regression_L2,1,2,2,8729,0,0.0055,0
Logistic_Regression_L1,1,2,2,8951,0,0.0759,0
Logistic_Regression_L1,1,2,2,8796,0,0.0002,0
Logistic_Regression_L1,1,2,2,8596,1,0.7574,1
Logistic_Regression_L1,1,2,2,8159,1,0.8811,1
Logistic_Regression_L1,1,2,2,8776,0,0.0022,0
Logistic_Regression_L1,1,2,2,8196,1,0.9969,1
Logistic_Regression_L1,1,2,2,8484,0,0.0347,0
Logistic_Regression_L1,1,2,2,8667,0,0.0002,0
Logistic_Regression_L1,1,2,2,8745,1,0.8502,1
Logistic_Regression_L1,1,2,2,8734,1,0.8882,1
Logistic_Regression_L1,1,2,2,8884,0,0.0005,0
Logistic_Regression_L1,1,2,2,8489,1,0.9904,1
Logistic_Regression_L1,1,2,2,8189,0,0.0642,0
Logistic_Regression_L1,1,2,2,8412,0,0.0664,0
Logistic_Regression_L1,1,2,2,8342,1,0.7791,1
Logistic_Regression_L1,1,2,2,8868,1,0.8798,1
Logistic_Regression_L1,1,2,2,8859,0,0.0225,0
Logistic_Regression_L1,1,2,2,8301,0,0.1168,0
Logistic_Regression_L1,1,2,2,8708,1,0.9801,1
Logistic_Regression_L1,1,2,2,8230,1,0.6356,1
Logistic_Regression_L1,1,2,2,8112,1,0.9801,1
Logistic_Regression_L1,1,2,2,8150,0,0.0073,0
Logistic_Regression_L1,1,2,2,8190,1,0.9396,1
Logistic_Regression_L1,1,2,2,8417,0,0.0003,0
Logistic_Regression_L1,1,2,2,8301,1,0.795,1
Logistic_Regression_L1,1,2,2,8520,0,0.0047,0
Logistic_Regression_L1,1,2,2,8418,1,0.5205,1
Logistic_Regression_L1,1,2,2,8722,1,0.6608,1
Logistic_Regression_L1,1,2,2,8380,1,0.9353,1
Logistic_Regression_L1,1,2,2,8121,0,0.6891,1
Logistic_Regression_L1,1,2,2,8743,1,0.9759,1
Logistic_Regression_L1,1,2,2,8489,0,0.0001,0
Logistic_Regression_L1,1,2,2,8729,0,0.0021,0
Logistic_Regression_ElasticNet,1,2,2,8951,0,0.0968,0
Logistic_Regression_ElasticNet,1,2,2,8796,0,0.0003,0
Logistic_Regression_ElasticNet,1,2,2,8596,1,0.7468,1
Logistic_Regression_ElasticNet,1,2,2,8159,1,0.8751,1
Logistic_Regression_ElasticNet,1,2,2,8776,0,0.0039,0
Logistic_Regression_ElasticNet,1,2,2,8196,1,0.9957,1
Logistic_Regression_ElasticNet,1,2,2,8484,0,0.0399,0
Logistic_Regression_ElasticNet,1,2,2,8667,0,0.0004,0
Logistic_Regression_ElasticNet,1,2,2,8745,1,0.854,1
Logistic_Regression_ElasticNet,1,2,2,8734,1,0.8797,1
Logistic_Regression_ElasticNet,1,2,2,8884,0,0.0008,0
Logistic_Regression_ElasticNet,1,2,2,8489,1,0.988,1
Logistic_Regression_ElasticNet,1,2,2,8189,0,0.0732,0
Logistic_Regression_ElasticNet,1,2,2,8412,0,0.0817,0
Logistic_Regression_ElasticNet,1,2,2,8342,1,0.7705,1
Logistic_Regression_ElasticNet,1,2,2,8868,1,0.8617,1
Logistic_Regression_ElasticNet,1,2,2,8859,0,0.0316,0
Logistic_Regression_ElasticNet,1,2,2,8301,0,0.1235,0
Logistic_Regression_ElasticNet,1,2,2,8708,1,0.9757,1
Logistic_Regression_ElasticNet,1,2,2,8230,1,0.6359,1
Logistic_Regression_ElasticNet,1,2,2,8112,1,0.9763,1
Logistic_Regression_ElasticNet,1,2,2,8150,0,0.0118,0
Logistic_Regression_ElasticNet,1,2,2,8190,1,0.9302,1
Logistic_Regression_ElasticNet,1,2,2,8417,0,0.0005,0
Logistic_Regression_ElasticNet,1,2,2,8301,1,0.7925,1
Logistic_Regression_ElasticNet,1,2,2,8520,0,0.0061,0
Logistic_Regression_ElasticNet,1,2,2,8418,1,0.5272,1
Logistic_Regression_ElasticNet,1,2,2,8722,1,0.6497,1
Logistic_Regression_ElasticNet,1,2,2,8380,1,0.9259,1
Logistic_Regression_ElasticNet,1,2,2,8121,0,0.7024,1
Logistic_Regression_ElasticNet,1,2,2,8743,1,0.9707,1
Logistic_Regression_ElasticNet,1,2,2,8489,0,0.0001,0
Logistic_Regression_ElasticNet,1,2,2,8729,0,0.0037,0
Decision_Tree,1,2,2,8951,0,0.0,0
Decision_Tree,1,2,2,8796,0,0.0,0
Decision_Tree,1,2,2,8596,1,1.0,1
Decision_Tree,1,2,2,8159,1,1.0,1
Decision_Tree,1,2,2,8776,0,0.0,0
Decision_Tree,1,2,2,8196,1,1.0,1
Decision_Tree,1,2,2,8484,0,0.2,0
Decision_Tree,1,2,2,8667,0,0.0,0
Decision_Tree,1,2,2,8745,1,0.375,0
Decision_Tree,1,2,2,8734,1,1.0,1
Decision_Tree,1,2,2,8884,0,0.0,0
Decision_Tree,1,2,2,8489,1,1.0,1
Decision_Tree,1,2,2,8189,0,1.0,1
Decision_Tree,1,2,2,8412,0,0.0,0
Decision_Tree,1,2,2,8342,1,1.0,1
Decision_Tree,1,2,2,8868,1,1.0,1
Decision_Tree,1,2,2,8859,0,0.0,0
Decision_Tree,1,2,2,8301,0,1.0,1
Decision_Tree,1,2,2,8708,1,1.0,1
Decision_Tree,1,2,2,8230,1,1.0,1
Decision_Tree,1,2,2,8112,1,1.0,1
Decision_Tree,1,2,2,8150,0,0.0,0
Decision_Tree,1,2,2,8190,1,1.0,1
Decision_Tree,1,2,2,8417,0,0.0,0
Decision_Tree,1,2,2,8301,1,1.0,1
Decision_Tree,1,2,2,8520,0,0.375,0
Decision_Tree,1,2,2,8418,1,0.1667,0
Decision_Tree,1,2,2,8722,1,0.375,0
Decision_Tree,1,2,2,8380,1,1.0,1
Decision_Tree,1,2,2,8121,0,1.0,1
Decision_Tree,1,2,2,8743,1,1.0,1
Decision_Tree,1,2,2,8489,0,0.1667,0
Decision_Tree,1,2,2,8729,0,0.0,0
Random_Forest,1,2,2,8951,0,0.0624,0
Random_Forest,1,2,2,8796,0,0.0,0
Random_Forest,1,2,2,8596,1,0.8811,1
Random_Forest,1,2,2,8159,1,0.9343,1
Random_Forest,1,2,2,8776,0,0.0427,0
Random_Forest,1,2,2,8196,1,0.9714,1
Random_Forest,1,2,2,8484,0,0.0732,0
Random_Forest,1,2,2,8667,0,0.008,0
Random_Forest,1,2,2,8745,1,0.5288,1
Random_Forest,1,2,2,8734,1,0.9735,1
Random_Forest,1,2,2,8884,0,0.0087,0
Random_Forest,1,2,2,8489,1,0.9605,1
Random_Forest,1,2,2,8189,0,0.2832,0
Random_Forest,1,2,2,8412,0,0.1105,0
Random_Forest,1,2,2,8342,1,0.9419,1
Random_Forest,1,2,2,8868,1,0.788,1
Random_Forest,1,2,2,8859,0,0.042,0
Random_Forest,1,2,2,8301,0,0.2663,0
Random_Forest,1,2,2,8708,1,0.9326,1
Random_Forest,1,2,2,8230,1,0.9532,1
Random_Forest,1,2,2,8112,1,0.9701,1
Random_Forest,1,2,2,8150,0,0.0256,0
Random_Forest,1,2,2,8190,1,0.9179,1
Random_Forest,1,2,2,8417,0,0.0253,0
Random_Forest,1,2,2,8301,1,0.931,1
Random_Forest,1,2,2,8520,0,0.0687,0
Random_Forest,1,2,2,8418,1,0.3361,0
Random_Forest,1,2,2,8722,1,0.3085,0
Random_Forest,1,2,2,8380,1,0.8525,1
Random_Forest,1,2,2,8121,0,0.3982,0
Random_Forest,1,2,2,8743,1,0.9535,1
Random_Forest,1,2,2,8489,0,0.0157,0
Random_Forest,1,2,2,8729,0,0.0215,0
Gradient_Boosting,1,2,2,8951,0,0.0729,0
Gradient_Boosting,1,2,2,8796,0,0.0455,0
Gradient_Boosting,1,2,2,8596,1,0.925,1
Gradient_Boosting,1,2,2,8159,1,0.925,1
Gradient_Boosting,1,2,2,8776,0,0.077,0
Gradient_Boosting,1,2,2,8196,1,0.925,1
Gradient_Boosting,1,2,2,8484,0,0.0623,0
Gradient_Boosting,1,2,2,8667,0,0.0477,0
Gradient_Boosting,1,2,2,8745,1,0.5191,1
Gradient_Boosting,1,2,2,8734,1,0.925,1
Gradient_Boosting,1,2,2,8884,0,0.077,0
Gradient_Boosting,1,2,2,8489,1,0.925,1
Gradient_Boosting,1,2,2,8189,0,0.4744,0
Gradient_Boosting,1,2,2,8412,0,0.0932,0
Gradient_Boosting,1,2,2,8342,1,0.9109,1
Gradient_Boosting,1,2,2,8868,1,0.9109,1
Gradient_Boosting,1,2,2,8859,0,0.0525,0
Gradient_Boosting,1,2,2,8301,0,0.3312,0
Gradient_Boosting,1,2,2,8708,1,0.925,1
Gradient_Boosting,1,2,2,8230,1,0.925,1
Gradient_Boosting,1,2,2,8112,1,0.925,1
Gradient_Boosting,1,2,2,8150,0,0.0829,0
Gradient_Boosting,1,2,2,8190,1,0.925,1
Gradient_Boosting,1,2,2,8417,0,0.0683,0
Gradient_Boosting,1,2,2,8301,1,0.925,1
Gradient_Boosting,1,2,2,8520,0,0.0797,0
Gradient_Boosting,1,2,2,8418,1,0.3606,0
Gradient_Boosting,1,2,2,8722,1,0.346,0
Gradient_Boosting,1,2,2,8380,1,0.925,1
Gradient_Boosting,1,2,2,8121,0,0.5114,1
Gradient_Boosting,1,2,2,8743,1,0.925,1
Gradient_Boosting,1,2,2,8489,0,0.0634,0
Gradient_Boosting,1,2,2,8729,0,0.0434,0
Baseline_Majority,1,3,3,8656,1,0.5271,1
Baseline_Majority,1,3,3,8470,0,0.5271,1
Baseline_Majority,1,3,3,8063,0,0.5271,1
Baseline_Majority,1,3,3,8001,0,0.5271,1
Baseline_Majority,1,3,3,8128,0,0.5271,1
Baseline_Majority,1,3,3,8028,0,0.5271,1
Baseline_Majority,1,3,3,8610,0,0.5271,1
Baseline_Majority,1,3,3,8959,0,0.5271,1
Baseline_Majority,1,3,3,8065,0,0.5271,1
Baseline_Majority,1,3,3,8880,1,0.5271,1
Baseline_Majority,1,3,3,8819,1,0.5271,1
Baseline_Majority,1,3,3,8546,0,0.5271,1
Baseline_Majority,1,3,3,8736,1,0.5271,1
Baseline_Majority,1,3,3,8612,1,0.5271,1
Baseline_Majority,1,3,3,8516,1,0.5271,1
Baseline_Majority,1,3,3,8341,1,0.5271,1
Baseline_Majority,1,3,3,8092,0,0.5271,1
Baseline_Majority,1,3,3,8694,1,0.5271,1
Baseline_Majority,1,3,3,8656,1,0.5271,1
Baseline_Majority,1,3,3,8919,1,0.5271,1
Baseline_Majority,1,3,3,8585,0,0.5271,1
Baseline_Majority,1,3,3,8631,0,0.5271,1
Baseline_Majority,1,3,3,8288,0,0.5271,1
Baseline_Majority,1,3,3,8396,1,0.5271,1
Baseline_Majority,1,3,3,8355,1,0.5271,1
Baseline_Majority,1,3,3,8511,0,0.5271,1
Baseline_Majority,1,3,3,8065,1,0.5271,1
Baseline_Majority,1,3,3,8865,0,0.5271,1
Baseline_Majority,1,3,3,8684,1,0.5271,1
Baseline_Majority,1,3,3,8261,1,0.5271,1
Baseline_Majority,1,3,3,8221,1,0.5271,1
Baseline_Majority,1,3,3,8504,1,0.5271,1
Logistic_Regression_L2,1,3,3,8656,1,0.3079,0
Logistic_Regression_L2,1,3,3,8470,0,0.0,0
Logistic_Regression_L2,1,3,3,8063,0,0.0015,0
Logistic_Regression_L2,1,3,3,8001,0,0.7572,1
Logistic_Regression_L2,1,3,3,8128,0,0.0037,0
Logistic_Regression_L2,1,3,3,8028,0,0.0012,0
Logistic_Regression_L2,1,3,3,8610,0,0.0128,0
Logistic_Regression_L2,1,3,3,8959,0,0.0628,0
Logistic_Regression_L2,1,3,3,8065,0,0.0024,0
Logistic_Regression_L2,1,3,3,8880,1,0.9942,1
Logistic_Regression_L2,1,3,3,8819,1,0.9958,1
Logistic_Regression_L2,1,3,3,8546,0,0.0071,0
Logistic_Regression_L2,1,3,3,8736,1,0.9115,1
Logistic_Regression_L2,1,3,3,8612,1,0.7834,1
Logistic_Regression_L2,1,3,3,8516,1,0.9411,1
Logistic_Regression_L2,1,3,3,8341,1,0.9638,1
Logistic_Regression_L2,1,3,3,8092,0,0.0042,0
Logistic_Regression_L2,1,3,3,8694,1,0.9153,1
Logistic_Regression_L2,1,3,3,8656,1,0.8329,1
Logistic_Regression_L2,1,3,3,8919,1,0.9532,1
Logistic_Regression_L2,1,3,3,8585,0,0.0112,0
Logistic_Regression_L2,1,3,3,8631,0,0.0024,0
Logistic_Regression_L2,1,3,3,8288,0,0.0208,0
Logistic_Regression_L2,1,3,3,8396,1,0.9404,1
Logistic_Regression_L2,1,3,3,8355,1,0.9536,1
Logistic_Regression_L2,1,3,3,8511,0,0.3053,0
Logistic_Regression_L2,1,3,3,8065,1,0.9696,1
Logistic_Regression_L2,1,3,3,8865,0,0.8257,1
Logistic_Regression_L2,1,3,3,8684,1,0.9854,1
Logistic_Regression_L2,1,3,3,8261,1,0.5952,1
Logistic_Regression_L2,1,3,3,8221,1,0.996,1
Logistic_Regression_L2,1,3,3,8504,1,0.7922,1
Logistic_Regression_L1,1,3,3,8656,1,0.2909,0
Logistic_Regression_L1,1,3,3,8470,0,0.0,0
Logistic_Regression_L1,1,3,3,8063,0,0.0005,0
Logistic_Regression_L1,1,3,3,8001,0,0.8,1
Logistic_Regression_L1,1,3,3,8128,0,0.0013,0
Logistic_Regression_L1,1,3,3,8028,0,0.0004,0
Logistic_Regression_L1,1,3,3,8610,0,0.0063,0
Logistic_Regression_L1,1,3,3,8959,0,0.0443,0
Logistic_Regression_L1,1,3,3,8065,0,0.0012,0
Logistic_Regression_L1,1,3,3,8880,1,0.9972,1
Logistic_Regression_L1,1,3,3,8819,1,0.9978,1
Logistic_Regression_L1,1,3,3,8546,0,0.0033,0
Logistic_Regression_L1,1,3,3,8736,1,0.9279,1
Logistic_Regression_L1,1,3,3,8612,1,0.8096,1
Logistic_Regression_L1,1,3,3,8516,1,0.9532,1
Logistic_Regression_L1,1,3,3,8341,1,0.9754,1
Logistic_Regression_L1,1,3,3,8092,0,0.0019,0
Logistic_Regression_L1,1,3,3,8694,1,0.9244,1
Logistic_Regression_L1,1,3,3,8656,1,0.8557,1
Logistic_Regression_L1,1,3,3,8919,1,0.9667,1
Logistic_Regression_L1,1,3,3,8585,0,0.0069,0
Logistic_Regression_L1,1,3,3,8631,0,0.0011,0
Logistic_Regression_L1,1,3,3,8288,0,0.013,0
Logistic_Regression_L1,1,3,3,8396,1,0.9528,1
Logistic_Regression_L1,1,3,3,8355,1,0.9665,1
Logistic_Regression_L1,1,3,3,8511,0,0.2311,0
Logistic_Regression_L1,1,3,3,8065,1,0.9796,1
Logistic_Regression_L1,1,3,3,8865,0,0.8062,1
Logistic_Regression_L1,1,3,3,8684,1,0.9905,1
Logistic_Regression_L1,1,3,3,8261,1,0.5904,1
Logistic_Regression_L1,1,3,3,8221,1,0.9979,1
Logistic_Regression_L1,1,3,3,8504,1,0.8151,1
Logistic_Regression_ElasticNet,1,3,3,8656,1,0.3024,0
Logistic_Regression_ElasticNet,1,3,3,8470,0,0.0,0
Logistic_Regression_ElasticNet,1,3,3,8063,0,0.001,0
Logistic_Regression_ElasticNet,1,3,3,8001,0,0.775,1
Logistic_Regression_ElasticNet,1,3,3,8128,0,0.0024,0
Logistic_Regression_ElasticNet,1,3,3,8028,0,0.0008,0
Logistic_Regression_ElasticNet,1,3,3,8610,0,0.0098,0
Logistic_Regression_ElasticNet,1,3,3,8959,0,0.0553,0
Logistic_Regression_ElasticNet,1,3,3,8065,0,0.0019,0
Logistic_Regression_ElasticNet,1,3,3,8880,1,0.9956,1
Logistic_Regression_ElasticNet,1,3,3,8819,1,0.9967,1
Logistic_Regression_ElasticNet,1,3,3,8546,0,0.0053,0
Logistic_Regression_ElasticNet,1,3,3,8736,1,0.9182,1
Logistic_Regression_ElasticNet,1,3,3,8612,1,0.7941,1
Logistic_Regression_ElasticNet,1,3,3,8516,1,0.9459,1
Logistic_Regression_ElasticNet,1,3,3,8341,1,0.9688,1
Logistic_Regression_ElasticNet,1,3,3,8092,0,0.0031,0
Logistic_Regression_ElasticNet,1,3,3,8694,1,0.9183,1
Logistic_Regression_ElasticNet,1,3,3,8656,1,0.8421,1
Logistic_Regression_ElasticNet,1,3,3,8919,1,0.959,1
Logistic_Regression_ElasticNet,1,3,3,8585,0,0.0094,0
Logistic_Regression_ElasticNet,1,3,3,8631,0,0.0018,0
Logistic_Regression_ElasticNet,1,3,3,8288,0,0.0175,0
Logistic_Regression_ElasticNet,1,3,3,8396,1,0.9454,1
Logistic_Regression_ElasticNet,1,3,3,8355,1,0.959,1
Logistic_Regression_ElasticNet,1,3,3,8511,0,0.2731,0
Logistic_Regression_ElasticNet,1,3,3,8065,1,0.9739,1
Logistic_Regression_ElasticNet,1,3,3,8865,0,0.817,1
Logistic_Regression_ElasticNet,1,3,3,8684,1,0.9875,1
Logistic_Regression_ElasticNet,1,3,3,8261,1,0.5931,1
Logistic_Regression_ElasticNet,1,3,3,8221,1,0.9969,1
Logistic_Regression_ElasticNet,1,3,3,8504,1,0.8015,1
Decision_Tree,1,3,3,8656,1,0.4286,0
Decision_Tree,1,3,3,8470,0,0.0,0
Decision_Tree,1,3,3,8063,0,0.0,0
Decision_Tree,1,3,3,8001,0,0.0,0
Decision_Tree,1,3,3,8128,0,0.0,0
Decision_Tree,1,3,3,8028,0,0.0,0
Decision_Tree,1,3,3,8610,0,0.0,0
Decision_Tree,1,3,3,8959,0,0.4286,0
Decision_Tree,1,3,3,8065,0,0.0,0
Decision_Tree,1,3,3,8880,1,0.4286,0
Decision_Tree,1,3,3,8819,1,0.942,1
Decision_Tree,1,3,3,8546,0,0.0,0
Decision_Tree,1,3,3,8736,1,0.942,1
Decision_Tree,1,3,3,8612,1,0.942,1
Decision_Tree,1,3,3,8516,1,0.942,1
Decision_Tree,1,3,3,8341,1,0.942,1
Decision_Tree,1,3,3,8092,0,0.0,0
Decision_Tree,1,3,3,8694,1,0.942,1
Decision_Tree,1,3,3,8656,1,0.942,1
Decision_Tree,1,3,3,8919,1,0.942,1
Decision_Tree,1,3,3,8585,0,0.0,0
Decision_Tree,1,3,3,8631,0,0.0,0
Decision_Tree,1,3,3,8288,0,0.0,0
Decision_Tree,1,3,3,8396,1,0.942,1
Decision_Tree,1,3,3,8355,1,0.942,1
Decision_Tree,1,3,3,8511,0,0.0,0
Decision_Tree,1,3,3,8065,1,0.942,1
Decision_Tree,1,3,3,8865,0,0.0,0
Decision_Tree,1,3,3,8684,1,0.942,1
Decision_Tree,1,3,3,8261,1,0.942,1
Decision_Tree,1,3,3,8221,1,0.942,1
Decision_Tree,1,3,3,8504,1,0.942,1
Random_Forest,1,3,3,8656,1,0.779,1
Random_Forest,1,3,3,8470,0,0.0022,0
Random_Forest,1,3,3,8063,0,0.0412,0
Random_Forest,1,3,3,8001,0,0.3072,0
Random_Forest,1,3,3,8128,0,0.0632,0
Random_Forest,1,3,3,8028,0,0.0124,0
Random_Forest,1,3,3,8610,0,0.0808,0
Random_Forest,1,3,3,8959,0,0.1541,0
Random_Forest,1,3,3,8065,0,0.0132,0
Random_Forest,1,3,3,8880,1,0.7848,1
Random_Forest,1,3,3,8819,1,0.9548,1
Random_Forest,1,3,3,8546,0,0.0948,0
Random_Forest,1,3,3,8736,1,0.9428,1
Random_Forest,1,3,3,8612,1,0.9343,1
Random_Forest,1,3,3,8516,1,0.9305,1
Random_Forest,1,3,3,8341,1,0.9654,1
Random_Forest,1,3,3,8092,0,0.0295,0
Random_Forest,1,3,3,8694,1,0.7937,1
Random_Forest,1,3,3,8656,1,0.9552,1
Random_Forest,1,3,3,8919,1,0.9478,1
Random_Forest,1,3,3,8585,0,0.0387,0
Random_Forest,1,3,3,8631,0,0.0978,0
Random_Forest,1,3,3,8288,0,0.128,0
Random_Forest,1,3,3,8396,1,0.946,1
Random_Forest,1,3,3,8355,1,0.9658,1
Random_Forest,1,3,3,8511,0,0.1171,0
Random_Forest,1,3,3,8065,1,0.9617,1
Random_Forest,1,3,3,8865,0,0.2922,0
Random_Forest,1,3,3,8684,1,0.9247,1
Random_Forest,1,3,3,8261,1,0.8806,1
Random_Forest,1,3,3,8221,1,0.9076,1
Random_Forest,1,3,3,8504,1,0.941,1
Gradient_Boosting,1,3,3,8656,1,0.8851,1
Gradient_Boosting,1,3,3,8470,0,0.0496,0
Gradient_Boosting,1,3,3,8063,0,0.078,0
Gradient_Boosting,1,3,3,8001,0,0.3475,0
Gradient_Boosting,1,3,3,8128,0,0.078,0
Gradient_Boosting,1,3,3,8028,0,0.0368,0
Gradient_Boosting,1,3,3,8610,0,0.078,0
Gradient_Boosting,1,3,3,8959,0,0.1992,0
Gradient_Boosting,1,3,3,8065,0,0.0496,0
Gradient_Boosting,1,3,3,8880,1,0.8847,1
Gradient_Boosting,1,3,3,8819,1,0.9166,1
Gradient_Boosting,1,3,3,8546,0,0.1419,0
Gradient_Boosting,1,3,3,8736,1,0.9115,1
Gradient_Boosting,1,3,3,8612,1,0.9166,1
Gradient_Boosting,1,3,3,8516,1,0.9144,1
Gradient_Boosting,1,3,3,8341,1,0.9166,1
Gradient_Boosting,1,3,3,8092,0,0.0727,0
Gradient_Boosting,1,3,3,8694,1,0.9144,1
Gradient_Boosting,1,3,3,8656,1,0.9166,1
Gradient_Boosting,1,3,3,8919,1,0.9115,1
Gradient_Boosting,1,3,3,8585,0,0.0275,0
Gradient_Boosting,1,3,3,8631,0,0.0658,0
Gradient_Boosting,1,3,3,8288,0,0.0957,0
Gradient_Boosting,1,3,3,8396,1,0.9144,1
Gradient_Boosting,1,3,3,8355,1,0.9166,1
Gradient_Boosting,1,3,3,8511,0,0.0501,0
Gradient_Boosting,1,3,3,8065,1,0.9166,1
Gradient_Boosting,1,3,3,8865,0,0.2643,0
Gradient_Boosting,1,3,3,8684,1,0.9144,1
Gradient_Boosting,1,3,3,8261,1,0.9144,1
Gradient_Boosting,1,3,3,8221,1,0.9115,1
Gradient_Boosting,1,3,3,8504,1,0.9166,1
Baseline_Majority,1,4,4,8120,1,0.5234,1
Baseline_Majority,1,4,4,8072,0,0.5234,1
Baseline_Majority,1,4,4,8360,1,0.5234,1
Baseline_Majority,1,4,4,8303,0,0.5234,1
Baseline_Majority,1,4,4,8733,0,0.5234,1
Baseline_Majority,1,4,4,8198,0,0.5234,1
Baseline_Majority,1,4,4,8897,0,0.5234,1
Baseline_Majority,1,4,4,8104,0,0.5234,1
Baseline_Majority,1,4,4,8605,1,0.5234,1
Baseline_Majority,1,4,4,8351,0,0.5234,1
Baseline_Majority,1,4,4,8278,1,0.5234,1
Baseline_Majority,1,4,4,8756,0,0.5234,1
Baseline_Majority,1,4,4,8676,1,0.5234,1
Baseline_Majority,1,4,4,8445,1,0.5234,1
Baseline_Majority,1,4,4,8972,1,0.5234,1
Baseline_Majority,1,4,4,8209,0,0.5234,1
Baseline_Majority,1,4,4,8198,1,0.5234,1
Baseline_Majority,1,4,4,8064,0,0.5234,1
Baseline_Majority,1,4,4,8239,0,0.5234,1
Baseline_Majority,1,4,4,8598,1,0.5234,1
Baseline_Majority,1,4,4,8089,1,0.5234,1
Baseline_Majority,1,4,4,8173,1,0.5234,1
Baseline_Majority,1,4,4,8591,1,0.5234,1
Baseline_Majority,1,4,4,8558,0,0.5234,1
Baseline_Majority,1,4,4,8521,1,0.5234,1
Baseline_Majority,1,4,4,8303,1,0.5234,1
Baseline_Majority,1,4,4,8638,0,0.5234,1
Baseline_Majority,1,4,4,8447,1,0.5234,1
Baseline_Majority,1,4,4,8076,0,0.5234,1
Baseline_Majority,1,4,4,8753,1,0.5234,1
Baseline_Majority,1,4,4,8894,1,0.5234,1
Baseline_Majority,1,4,4,8847,1,0.5234,1
Baseline_Majority,1,4,4,8090,0,0.5234,1
Logistic_Regression_L2,1,4,4,8120,1,0.2629,0
Logistic_Regression_L2,1,4,4,8072,0,0.0107,0
Logistic_Regression_L2,1,4,4,8360,1,0.8199,1
Logistic_Regression_L2,1,4,4,8303,0,0.2347,0
Logistic_Regression_L2,1,4,4,8733,0,0.2478,0
Logistic_Regression_L2,1,4,4,8198,0,0.0745,0
Logistic_Regression_L2,1,4,4,8897,0,0.2544,0
Logistic_Regression_L2,1,4,4,8104,0,0.0328,0
Logistic_Regression_L2,1,4,4,8605,1,0.9922,1
Logistic_Regression_L2,1,4,4,8351,0,0.0042,0
Logistic_Regression_L2,1,4,4,8278,1,0.7442,1
Logistic_Regression_L2,1,4,4,8756,0,0.9149,1
Logistic_Regression_L2,1,4,4,8676,1,0.8698,1
Logistic_Regression_L2,1,4,4,8445,1,0.9656,1
Logistic_Regression_L2,1,4,4,8972,1,0.9926,1
Logistic_Regression_L2,1,4,4,8209,0,0.0004,0
Logistic_Regression_L2,1,4,4,8198,1,0.9513,1
Logistic_Regression_L2,1,4,4,8064,0,0.0,0
Logistic_Regression_L2,1,4,4,8239,0,0.0004,0
Logistic_Regression_L2,1,4,4,8598,1,0.7862,1
Logistic_Regression_L2,1,4,4,8089,1,0.9478,1
Logistic_Regression_L2,1,4,4,8173,1,0.8233,1
Logistic_Regression_L2,1,4,4,8591,1,0.9976,1
Logistic_Regression_L2,1,4,4,8558,0,0.0019,0
Logistic_Regression_L2,1,4,4,8521,1,0.908,1
Logistic_Regression_L2,1,4,4,8303,1,0.88,1
Logistic_Regression_L2,1,4,4,8638,0,0.614,1
Logistic_Regression_L2,1,4,4,8447,1,0.9974,1
Logistic_Regression_L2,1,4,4,8076,0,0.7231,1
Logistic_Regression_L2,1,4,4,8753,1,0.9937,1
Logistic_Regression_L2,1,4,4,8894,1,0.8566,1
Logistic_Regression_L2,1,4,4,8847,1,0.9852,1
Logistic_Regression_L2,1,4,4,8090,0,0.0003,0
Logistic_Regression_L1,1,4,4,8120,1,0.2303,0
Logistic_Regression_L1,1,4,4,8072,0,0.0064,0
Logistic_Regression_L1,1,4,4,8360,1,0.863,1
Logistic_Regression_L1,1,4,4,8303,0,0.2377,0
Logistic_Regression_L1,1,4,4,8733,0,0.1707,0
Logistic_Regression_L1,1,4,4,8198,0,0.0289,0
Logistic_Regression_L1,1,4,4,8897,0,0.2178,0
Logistic_Regression_L1,1,4,4,8104,0,0.0117,0
Logistic_Regression_L1,1,4,4,8605,1,0.9956,1
Logistic_Regression_L1,1,4,4,8351,0,0.0014,0
Logistic_Regression_L1,1,4,4,8278,1,0.7609,1
Logistic_Regression_L1,1,4,4,8756,0,0.9516,1
Logistic_Regression_L1,1,4,4,8676,1,0.9027,1
Logistic_Regression_L1,1,4,4,8445,1,0.9763,1
Logistic_Regression_L1,1,4,4,8972,1,0.9963,1
Logistic_Regression_L1,1,4,4,8209,0,0.0001,0
Logistic_Regression_L1,1,4,4,8198,1,0.9718,1
Logistic_Regression_L1,1,4,4,8064,0,0.0,0
Logistic_Regression_L1,1,4,4,8239,0,0.0,0
Logistic_Regression_L1,1,4,4,8598,1,0.8016,1
Logistic_Regression_L1,1,4,4,8089,1,0.9608,1
Logistic_Regression_L1,1,4,4,8173,1,0.8561,1
Logistic_Regression_L1,1,4,4,8591,1,0.999,1
Logistic_Regression_L1,1,4,4,8558,0,0.0003,0
Logistic_Regression_L1,1,4,4,8521,1,0.9234,1
Logistic_Regression_L1,1,4,4,8303,1,0.8971,1
Logistic_Regression_L1,1,4,4,8638,0,0.6884,1
Logistic_Regression_L1,1,4,4,8447,1,0.9987,1
Logistic_Regression_L1,1,4,4,8076,0,0.6856,1
Logistic_Regression_L1,1,4,4,8753,1,0.9968,1
Logistic_Regression_L1,1,4,4,8894,1,0.871,1
Logistic_Regression_L1,1,4,4,8847,1,0.9927,1
Logistic_Regression_L1,1,4,4,8090,0,0.0001,0
Logistic_Regression_ElasticNet,1,4,4,8120,1,0.2522,0
Logistic_Regression_ElasticNet,1,4,4,8072,0,0.0091,0
Logistic_Regression_ElasticNet,1,4,4,8360,1,0.8376,1
Logistic_Regression_ElasticNet,1,4,4,8303,0,0.2361,0
Logistic_Regression_ElasticNet,1,4,4,8733,0,0.2183,0
Logistic_Regression_ElasticNet,1,4,4,8198,0,0.0535,0
Logistic_Regression_ElasticNet,1,4,4,8897,0,0.2425,0
Logistic_Regression_ElasticNet,1,4,4,8104,0,0.0226,0
Logistic_Regression_ElasticNet,1,4,4,8605,1,0.9936,1
Logistic_Regression_ElasticNet,1,4,4,8351,0,0.0029,0
Logistic_Regression_ElasticNet,1,4,4,8278,1,0.7515,1
Logistic_Regression_ElasticNet,1,4,4,8756,0,0.931,1
Logistic_Regression_ElasticNet,1,4,4,8676,1,0.883,1
Logistic_Regression_ElasticNet,1,4,4,8445,1,0.9696,1
Logistic_Regression_ElasticNet,1,4,4,8972,1,0.9942,1
Logistic_Regression_ElasticNet,1,4,4,8209,0,0.0003,0
Logistic_Regression_ElasticNet,1,4,4,8198,1,0.9599,1
Logistic_Regression_ElasticNet,1,4,4,8064,0,0.0,0
Logistic_Regression_ElasticNet,1,4,4,8239,0,0.0002,0
Logistic_Regression_ElasticNet,1,4,4,8598,1,0.7929,1
Logistic_Regression_ElasticNet,1,4,4,8089,1,0.953,1
Logistic_Regression_ElasticNet,1,4,4,8173,1,0.8362,1
Logistic_Regression_ElasticNet,1,4,4,8591,1,0.9983,1
Logistic_Regression_ElasticNet,1,4,4,8558,0,0.001,0
Logistic_Regression_ElasticNet,1,4,4,8521,1,0.9142,1
Logistic_Regression_ElasticNet,1,4,4,8303,1,0.8862,1
Logistic_Regression_ElasticNet,1,4,4,8638,0,0.6393,1
Logistic_Regression_ElasticNet,1,4,4,8447,1,0.998,1
Logistic_Regression_ElasticNet,1,4,4,8076,0,0.7049,1
Logistic_Regression_ElasticNet,1,4,4,8753,1,0.9951,1
Logistic_Regression_ElasticNet,1,4,4,8894,1,0.8618,1
Logistic_Regression_ElasticNet,1,4,4,8847,1,0.9886,1
Logistic_Regression_ElasticNet,1,4,4,8090,0,0.0002,0
Decision_Tree,1,4,4,8120,1,0.2,0
Decision_Tree,1,4,4,8072,0,0.0,0
Decision_Tree,1,4,4,8360,1,0.9688,1
Decision_Tree,1,4,4,8303,0,0.0,0
Decision_Tree,1,4,4,8733,0,0.2,0
Decision_Tree,1,4,4,8198,0,0.0,0
Decision_Tree,1,4,4,8897,0,0.9688,1
Decision_Tree,1,4,4,8104,0,0.0,0
Decision_Tree,1,4,4,8605,1,0.5714,1
Decision_Tree,1,4,4,8351,0,0.0,0
Decision_Tree,1,4,4,8278,1,0.9688,1
Decision_Tree,1,4,4,8756,0,0.9688,1
Decision_Tree,1,4,4,8676,1,0.9688,1
Decision_Tree,1,4,4,8445,1,0.2,0
Decision_Tree,1,4,4,8972,1,0.9688,1
Decision_Tree,1,4,4,8209,0,0.0,0
Decision_Tree,1,4,4,8198,1,0.9688,1
Decision_Tree,1,4,4,8064,0,0.0,0
Decision_Tree,1,4,4,8239,0,0.0,0
Decision_Tree,1,4,4,8598,1,0.9688,1
Decision_Tree,1,4,4,8089,1,0.5714,1
Decision_Tree,1,4,4,8173,1,0.9688,1
Decision_Tree,1,4,4,8591,1,0.9688,1
Decision_Tree,1,4,4,8558,0,0.0,0
Decision_Tree,1,4,4,8521,1,0.9688,1
Decision_Tree,1,4,4,8303,1,0.9688,1
Decision_Tree,1,4,4,8638,0,0.0,0
Decision_Tree,1,4,4,8447,1,0.5714,1
Decision_Tree,1,4,4,8076,0,0.0,0
Decision_Tree,1,4,4,8753,1,0.9688,1
Decision_Tree,1,4,4,8894,1,0.9688,1
Decision_Tree,1,4,4,8847,1,0.9688,1
Decision_Tree,1,4,4,8090,0,0.0,0
Random_Forest,1,4,4,8120,1,0.4564,0
Random_Forest,1,4,4,8072,0,0.0391,0
Random_Forest,1,4,4,8360,1,0.9406,1
Random_Forest,1,4,4,8303,0,0.0878,0
Random_Forest,1,4,4,8733,0,0.2007,0
Random_Forest,1,4,4,8198,0,0.2012,0
Random_Forest,1,4,4,8897,0,0.6117,1
Random_Forest,1,4,4,8104,0,0.0994,0
Random_Forest,1,4,4,8605,1,0.8784,1
Random_Forest,1,4,4,8351,0,0.0252,0
Random_Forest,1,4,4,8278,1,0.9276,1
Random_Forest,1,4,4,8756,0,0.6661,1
Random_Forest,1,4,4,8676,1,0.8743,1
Random_Forest,1,4,4,8445,1,0.6532,1
Random_Forest,1,4,4,8972,1,0.7702,1
Random_Forest,1,4,4,8209,0,0.0201,0
Random_Forest,1,4,4,8198,1,0.9397,1
Random_Forest,1,4,4,8064,0,0.0148,0
Random_Forest,1,4,4,8239,0,0.0157,0
Random_Forest,1,4,4,8598,1,0.6996,1
Random_Forest,1,4,4,8089,1,0.8738,1
Random_Forest,1,4,4,8173,1,0.971,1
Random_Forest,1,4,4,8591,1,0.9668,1
Random_Forest,1,4,4,8558,0,0.016,0
Random_Forest,1,4,4,8521,1,0.9479,1
Random_Forest,1,4,4,8303,1,0.9564,1
Random_Forest,1,4,4,8638,0,0.0856,0
Random_Forest,1,4,4,8447,1,0.8515,1
Random_Forest,1,4,4,8076,0,0.1646,0
Random_Forest,1,4,4,8753,1,0.9476,1
Random_Forest,1,4,4,8894,1,0.9599,1
Random_Forest,1,4,4,8847,1,0.9424,1
Random_Forest,1,4,4,8090,0,0.0114,0
Gradient_Boosting,1,4,4,8120,1,0.7063,1
Gradient_Boosting,1,4,4,8072,0,0.058,0
Gradient_Boosting,1,4,4,8360,1,0.9217,1
Gradient_Boosting,1,4,4,8303,0,0.0436,0
Gradient_Boosting,1,4,4,8733,0,0.0608,0
Gradient_Boosting,1,4,4,8198,0,0.1307,0
Gradient_Boosting,1,4,4,8897,0,0.7244,1
Gradient_Boosting,1,4,4,8104,0,0.1231,0
Gradient_Boosting,1,4,4,8605,1,0.8512,1
Gradient_Boosting,1,4,4,8351,0,0.065,0
Gradient_Boosting,1,4,4,8278,1,0.9157,1
Gradient_Boosting,1,4,4,8756,0,0.8225,1
Gradient_Boosting,1,4,4,8676,1,0.9217,1
Gradient_Boosting,1,4,4,8445,1,0.7378,1
Gradient_Boosting,1,4,4,8972,1,0.7424,1
Gradient_Boosting,1,4,4,8209,0,0.0688,0
Gradient_Boosting,1,4,4,8198,1,0.9217,1
Gradient_Boosting,1,4,4,8064,0,0.0516,0
Gradient_Boosting,1,4,4,8239,0,0.038,0
Gradient_Boosting,1,4,4,8598,1,0.7176,1
Gradient_Boosting,1,4,4,8089,1,0.9157,1
Gradient_Boosting,1,4,4,8173,1,0.9261,1
Gradient_Boosting,1,4,4,8591,1,0.9261,1
Gradient_Boosting,1,4,4,8558,0,0.0363,0
Gradient_Boosting,1,4,4,8521,1,0.9157,1
Gradient_Boosting,1,4,4,8303,1,0.9261,1
Gradient_Boosting,1,4,4,8638,0,0.0686,0
Gradient_Boosting,1,4,4,8447,1,0.8321,1
Gradient_Boosting,1,4,4,8076,0,0.2309,0
Gradient_Boosting,1,4,4,8753,1,0.9157,1
Gradient_Boosting,1,4,4,8894,1,0.9261,1
Gradient_Boosting,1,4,4,8847,1,0.9157,1
Gradient_Boosting,1,4,4,8090,0,0.0547,0
Baseline_Majority,1,5,5,8422,1,0.5308,1
Baseline_Majority,1,5,5,8979,1,0.5308,1
Baseline_Majority,1,5,5,8233,1,0.5308,1
Baseline_Majority,1,5,5,8168,1,0.5308,1
Baseline_Majority,1,5,5,8051,1,0.5308,1
Baseline_Majority,1,5,5,8444,0,0.5308,1
Baseline_Majority,1,5,5,8881,0,0.5308,1
Baseline_Majority,1,5,5,8312,0,0.5308,1
Baseline_Majority,1,5,5,8648,0,0.5308,1
Baseline_Majority,1,5,5,8898,0,0.5308,1
Baseline_Majority,1,5,5,8009,1,0.5308,1
Baseline_Majority,1,5,5,8863,1,0.5308,1
Baseline_Majority,1,5,5,8069,1,0.5308,1
Baseline_Majority,1,5,5,8212,1,0.5308,1
Baseline_Majority,1,5,5,8086,0,0.5308,1
Baseline_Majority,1,5,5,8131,1,0.5308,1
Baseline_Majority,1,5,5,8317,1,0.5308,1
Baseline_Majority,1,5,5,8572,0,0.5308,1
Baseline_Majority,1,5,5,8628,0,0.5308,1
Baseline_Majority,1,5,5,8712,1,0.5308,1
Baseline_Majority,1,5,5,8956,0,0.5308,1
Baseline_Majority,1,5,5,8540,1,0.5308,1
Baseline_Majority,1,5,5,8508,0,0.5308,1
Baseline_Majority,1,5,5,8887,0,0.5308,1
Baseline_Majority,1,5,5,8933,0,0.5308,1
Baseline_Majority,1,5,5,8567,0,0.5308,1
Baseline_Majority,1,5,5,8192,0,0.5308,1
Baseline_Majority,1,5,5,8887,1,0.5308,1
Baseline_Majority,1,5,5,8372,0,0.5308,1
Baseline_Majority,1,5,5,8862,1,0.5308,1
Baseline_Majority,1,5,5,8779,1,0.5308,1
Logistic_Regression_L2,1,5,5,8422,1,0.9269,1
Logistic_Regression_L2,1,5,5,8979,1,0.9958,1
Logistic_Regression_L2,1,5,5,8233,1,0.8643,1
Logistic_Regression_L2,1,5,5,8168,1,0.9404,1
Logistic_Regression_L2,1,5,5,8051,1,0.9872,1
Logistic_Regression_L2,1,5,5,8444,0,0.0001,0
Logistic_Regression_L2,1,5,5,8881,0,0.3195,0
Logistic_Regression_L2,1,5,5,8312,0,0.0024,0
Logistic_Regression_L2,1,5,5,8648,0,0.0261,0
Logistic_Regression_L2,1,5,5,8898,0,0.0024,0
Logistic_Regression_L2,1,5,5,8009,1,0.9095,1
Logistic_Regression_L2,1,5,5,8863,1,0.9964,1
Logistic_Regression_L2,1,5,5,8069,1,0.7823,1
Logistic_Regression_L2,1,5,5,8212,1,0.9409,1
Logistic_Regression_L2,1,5,5,8086,0,0.8561,1
Logistic_Regression_L2,1,5,5,8131,1,0.9973,1
Logistic_Regression_L2,1,5,5,8317,1,0.6149,1
Logistic_Regression_L2,1,5,5,8572,0,0.0274,0
Logistic_Regression_L2,1,5,5,8628,0,0.0766,0
Logistic_Regression_L2,1,5,5,8712,1,0.9763,1
Logistic_Regression_L2,1,5,5,8956,0,0.0015,0
Logistic_Regression_L2,1,5,5,8540,1,0.8791,1
Logistic_Regression_L2,1,5,5,8508,0,0.0001,0
Logistic_Regression_L2,1,5,5,8887,0,0.3889,0
Logistic_Regression_L2,1,5,5,8933,0,0.0608,0
Logistic_Regression_L2,1,5,5,8567,0,0.0004,0
Logistic_Regression_L2,1,5,5,8192,0,0.4306,0
Logistic_Regression_L2,1,5,5,8887,1,0.9376,1
Logistic_Regression_L2,1,5,5,8372,0,0.0027,0
Logistic_Regression_L2,1,5,5,8862,1,0.4651,0
Logistic_Regression_L2,1,5,5,8779,1,0.9866,1
Logistic_Regression_L1,1,5,5,8422,1,0.9374,1
Logistic_Regression_L1,1,5,5,8979,1,0.9976,1
Logistic_Regression_L1,1,5,5,8233,1,0.8736,1
Logistic_Regression_L1,1,5,5,8168,1,0.9542,1
Logistic_Regression_L1,1,5,5,8051,1,0.9921,1
Logistic_Regression_L1,1,5,5,8444,0,0.0,0
Logistic_Regression_L1,1,5,5,8881,0,0.2633,0
Logistic_Regression_L1,1,5,5,8312,0,0.0012,0
Logistic_Regression_L1,1,5,5,8648,0,0.0146,0
Logistic_Regression_L1,1,5,5,8898,0,0.0014,0
Logistic_Regression_L1,1,5,5,8009,1,0.9281,1
Logistic_Regression_L1,1,5,5,8863,1,0.998,1
Logistic_Regression_L1,1,5,5,8069,1,0.7973,1
Logistic_Regression_L1,1,5,5,8212,1,0.9505,1
Logistic_Regression_L1,1,5,5,8086,0,0.8775,1
Logistic_Regression_L1,1,5,5,8131,1,0.9985,1
Logistic_Regression_L1,1,5,5,8317,1,0.5877,1
Logistic_Regression_L1,1,5,5,8572,0,0.0183,0
Logistic_Regression_L1,1,5,5,8628,0,0.0626,0
Logistic_Regression_L1,1,5,5,8712,1,0.9829,1
Logistic_Regression_L1,1,5,5,8956,0,0.0004,0
Logistic_Regression_L1,1,5,5,8540,1,0.8965,1
Logistic_Regression_L1,1,5,5,8508,0,0.0001,0
Logistic_Regression_L1,1,5,5,8887,0,0.4704,0
Logistic_Regression_L1,1,5,5,8933,0,0.0361,0
Logistic_Regression_L1,1,5,5,8567,0,0.0001,0
Logistic_Regression_L1,1,5,5,8192,0,0.3567,0
Logistic_Regression_L1,1,5,5,8887,1,0.9498,1
Logistic_Regression_L1,1,5,5,8372,0,0.0006,0
Logistic_Regression_L1,1,5,5,8862,1,0.4406,0
Logistic_Regression_L1,1,5,5,8779,1,0.9914,1
Logistic_Regression_ElasticNet,1,5,5,8422,1,0.9313,1
Logistic_Regression_ElasticNet,1,5,5,8979,1,0.9966,1
Logistic_Regression_ElasticNet,1,5,5,8233,1,0.8677,1
Logistic_Regression_ElasticNet,1,5,5,8168,1,0.9464,1
Logistic_Regression_ElasticNet,1,5,5,8051,1,0.9894,1
Logistic_Regression_ElasticNet,1,5,5,8444,0,0.0001,0
Logistic_Regression_ElasticNet,1,5,5,8881,0,0.2975,0
Logistic_Regression_ElasticNet,1,5,5,8312,0,0.0019,0
Logistic_Regression_ElasticNet,1,5,5,8648,0,0.021,0
Logistic_Regression_ElasticNet,1,5,5,8898,0,0.002,0
Logistic_Regression_ElasticNet,1,5,5,8009,1,0.9173,1
Logistic_Regression_ElasticNet,1,5,5,8863,1,0.9971,1
Logistic_Regression_ElasticNet,1,5,5,8069,1,0.7875,1
Logistic_Regression_ElasticNet,1,5,5,8212,1,0.9446,1
Logistic_Regression_ElasticNet,1,5,5,8086,0,0.8657,1
Logistic_Regression_ElasticNet,1,5,5,8131,1,0.9978,1
Logistic_Regression_ElasticNet,1,5,5,8317,1,0.6041,1
Logistic_Regression_ElasticNet,1,5,5,8572,0,0.0235,0
Logistic_Regression_ElasticNet,1,5,5,8628,0,0.0707,0
Logistic_Regression_ElasticNet,1,5,5,8712,1,0.979,1
Logistic_Regression_ElasticNet,1,5,5,8956,0,0.0009,0
Logistic_Regression_ElasticNet,1,5,5,8540,1,0.8859,1
Logistic_Regression_ElasticNet,1,5,5,8508,0,0.0001,0
Logistic_Regression_ElasticNet,1,5,5,8887,0,0.424,0
Logistic_Regression_ElasticNet,1,5,5,8933,0,0.0499,0
Logistic_Regression_ElasticNet,1,5,5,8567,0,0.0003,0
Logistic_Regression_ElasticNet,1,5,5,8192,0,0.4021,0
Logistic_Regression_ElasticNet,1,5,5,8887,1,0.9427,1
Logistic_Regression_ElasticNet,1,5,5,8372,0,0.0015,0
Logistic_Regression_ElasticNet,1,5,5,8862,1,0.4562,0
Logistic_Regression_ElasticNet,1,5,5,8779,1,0.9888,1
Decision_Tree,1,5,5,8422,1,0.9697,1
Decision_Tree,1,5,5,8979,1,0.9697,1
Decision_Tree,1,5,5,8233,1,0.9697,1
Decision_Tree,1,5,5,8168,1,0.9697,1
Decision_Tree,1,5,5,8051,1,0.9697,1
Decision_Tree,1,5,5,8444,0,0.0,0
Decision_Tree,1,5,5,8881,0,0.0,0
Decision_Tree,1,5,5,8312,0,0.0,0
Decision_Tree,1,5,5,8648,0,0.0,0
Decision_Tree,1,5,5,8898,0,0.0,0
Decision_Tree,1,5,5,8009,1,0.9697,1
Decision_Tree,1,5,5,8863,1,0.9697,1
Decision_Tree,1,5,5,8069,1,0.9697,1
Decision_Tree,1,5,5,8212,1,0.9697,1
Decision_Tree,1,5,5,8086,0,0.9697,1
Decision_Tree,1,5,5,8131,1,0.9697,1
Decision_Tree,1,5,5,8317,1,0.9697,1
Decision_Tree,1,5,5,8572,0,0.0,0
Decision_Tree,1,5,5,8628,0,0.0,0
Decision_Tree,1,5,5,8712,1,0.9697,1
Decision_Tree,1,5,5,8956,0,0.0,0
Decision_Tree,1,5,5,8540,1,0.9697,1
Decision_Tree,1,5,5,8508,0,0.0,0
Decision_Tree,1,5,5,8887,0,0.625,1
Decision_Tree,1,5,5,8933,0,0.0,0
Decision_Tree,1,5,5,8567,0,0.0,0
Decision_Tree,1,5,5,8192,0,0.9697,1
Decision_Tree,1,5,5,8887,1,0.9697,1
Decision_Tree,1,5,5,8372,0,0.0,0
Decision_Tree,1,5,5,8862,1,0.9697,1
Decision_Tree,1,5,5,8779,1,0.9697,1
Random_Forest,1,5,5,8422,1,0.9374,1
Random_Forest,1,5,5,8979,1,0.9583,1
Random_Forest,1,5,5,8233,1,0.9602,1
Random_Forest,1,5,5,8168,1,0.9526,1
Random_Forest,1,5,5,8051,1,0.97,1
Random_Forest,1,5,5,8444,0,0.002,0
Random_Forest,1,5,5,8881,0,0.2216,0
Random_Forest,1,5,5,8312,0,0.0142,0
Random_Forest,1,5,5,8648,0,0.2484,0
Random_Forest,1,5,5,8898,0,0.0136,0
Random_Forest,1,5,5,8009,1,0.9678,1
Random_Forest,1,5,5,8863,1,0.9058,1
Random_Forest,1,5,5,8069,1,0.9403,1
Random_Forest,1,5,5,8212,1,0.9625,1
Random_Forest,1,5,5,8086,0,0.6809,1
Random_Forest,1,5,5,8131,1,0.9318,1
Random_Forest,1,5,5,8317,1,0.6116,1
Random_Forest,1,5,5,8572,0,0.1179,0
Random_Forest,1,5,5,8628,0,0.0771,0
Random_Forest,1,5,5,8712,1,0.9508,1
Random_Forest,1,5,5,8956,0,0.0227,0
Random_Forest,1,5,5,8540,1,0.9633,1
Random_Forest,1,5,5,8508,0,0.0,0
Random_Forest,1,5,5,8887,0,0.271,0
Random_Forest,1,5,5,8933,0,0.1294,0
Random_Forest,1,5,5,8567,0,0.0041,0
Random_Forest,1,5,5,8192,0,0.5474,1
Random_Forest,1,5,5,8887,1,0.9683,1
Random_Forest,1,5,5,8372,0,0.0331,0
Random_Forest,1,5,5,8862,1,0.8816,1
Random_Forest,1,5,5,8779,1,0.9696,1
Gradient_Boosting,1,5,5,8422,1,0.9215,1
Gradient_Boosting,1,5,5,8979,1,0.9215,1
Gradient_Boosting,1,5,5,8233,1,0.9215,1
Gradient_Boosting,1,5,5,8168,1,0.9215,1
Gradient_Boosting,1,5,5,8051,1,0.9215,1
Gradient_Boosting,1,5,5,8444,0,0.0418,0
Gradient_Boosting,1,5,5,8881,0,0.2152,0
Gradient_Boosting,1,5,5,8312,0,0.0492,0
Gradient_Boosting,1,5,5,8648,0,0.1928,0
Gradient_Boosting,1,5,5,8898,0,0.0418,0
Gradient_Boosting,1,5,5,8009,1,0.9215,1
Gradient_Boosting,1,5,5,8863,1,0.9215,1
Gradient_Boosting,1,5,5,8069,1,0.9215,1
Gradient_Boosting,1,5,5,8212,1,0.9215,1
Gradient_Boosting,1,5,5,8086,0,0.8174,1
Gradient_Boosting,1,5,5,8131,1,0.9215,1
Gradient_Boosting,1,5,5,8317,1,0.7919,1
Gradient_Boosting,1,5,5,8572,0,0.074,0
Gradient_Boosting,1,5,5,8628,0,0.074,0
Gradient_Boosting,1,5,5,8712,1,0.9215,1
Gradient_Boosting,1,5,5,8956,0,0.0481,0
Gradient_Boosting,1,5,5,8540,1,0.9215,1
Gradient_Boosting,1,5,5,8508,0,0.0492,0
Gradient_Boosting,1,5,5,8887,0,0.4317,0
Gradient_Boosting,1,5,5,8933,0,0.077,0
Gradient_Boosting,1,5,5,8567,0,0.0408,0
Gradient_Boosting,1,5,5,8192,0,0.7623,1
Gradient_Boosting,1,5,5,8887,1,0.9215,1
Gradient_Boosting,1,5,5,8372,0,0.0472,0
Gradient_Boosting,1,5,5,8862,1,0.9215,1
Gradient_Boosting,1,5,5,8779,1,0.9215,1
Baseline_Majority,2,1,6,8951,0,0.5234,1
Baseline_Majority,2,1,6,8796,0,0.5234,1
Baseline_Majority,2,1,6,8778,1,0.5234,1
Baseline_Majority,2,1,6,8072,0,0.5234,1
Baseline_Majority,2,1,6,8959,0,0.5234,1
Baseline_Majority,2,1,6,8225,1,0.5234,1
Baseline_Majority,2,1,6,8484,0,0.5234,1
Baseline_Majority,2,1,6,8228,0,0.5234,1
Baseline_Majority,2,1,6,8605,1,0.5234,1
Baseline_Majority,2,1,6,8351,0,0.5234,1
Baseline_Majority,2,1,6,8308,0,0.5234,1
Baseline_Majority,2,1,6,8565,1,0.5234,1
Baseline_Majority,2,1,6,8489,1,0.5234,1
Baseline_Majority,2,1,6,8905,0,0.5234,1
Baseline_Majority,2,1,6,8228,0,0.5234,1
Baseline_Majority,2,1,6,8308,1,0.5234,1
Baseline_Majority,2,1,6,8086,0,0.5234,1
Baseline_Majority,2,1,6,8736,1,0.5234,1
Baseline_Majority,2,1,6,8612,1,0.5234,1
Baseline_Majority,2,1,6,8342,1,0.5234,1
Baseline_Majority,2,1,6,8572,0,0.5234,1
Baseline_Majority,2,1,6,8540,1,0.5234,1
Baseline_Majority,2,1,6,8694,1,0.5234,1
Baseline_Majority,2,1,6,8800,1,0.5234,1
Baseline_Majority,2,1,6,8919,1,0.5234,1
Baseline_Majority,2,1,6,8309,1,0.5234,1
Baseline_Majority,2,1,6,8333,1,0.5234,1
Baseline_Majority,2,1,6,8089,1,0.5234,1
Baseline_Majority,2,1,6,8520,0,0.5234,1
Baseline_Majority,2,1,6,8380,1,0.5234,1
Baseline_Majority,2,1,6,8609,0,0.5234,1
Baseline_Majority,2,1,6,8489,0,0.5234,1
Baseline_Majority,2,1,6,8779,1,0.5234,1
Logistic_Regression_L2,2,1,6,8951,0,0.1309,0
Logistic_Regression_L2,2,1,6,8796,0,0.0008,0
Logistic_Regression_L2,2,1,6,8778,1,0.9678,1
Logistic_Regression_L2,2,1,6,8072,0,0.0081,0
Logistic_Regression_L2,2,1,6,8959,0,0.0712,0
Logistic_Regression_L2,2,1,6,8225,1,0.913,1
Logistic_Regression_L2,2,1,6,8484,0,0.0319,0
Logistic_Regression_L2,2,1,6,8228,0,0.0227,0
Logistic_Regression_L2,2,1,6,8605,1,0.987,1
Logistic_Regression_L2,2,1,6,8351,0,0.0105,0
Logistic_Regression_L2,2,1,6,8308,0,0.5516,1
Logistic_Regression_L2,2,1,6,8565,1,0.9634,1
Logistic_Regression_L2,2,1,6,8489,1,0.9896,1
Logistic_Regression_L2,2,1,6,8905,0,0.0015,0
Logistic_Regression_L2,2,1,6,8228,0,0.1374,0
Logistic_Regression_L2,2,1,6,8308,1,0.9376,1
Logistic_Regression_L2,2,1,6,8086,0,0.87,1
Logistic_Regression_L2,2,1,6,8736,1,0.9114,1
Logistic_Regression_L2,2,1,6,8612,1,0.7861,1
Logistic_Regression_L2,2,1,6,8342,1,0.8191,1
Logistic_Regression_L2,2,1,6,8572,0,0.033,0
Logistic_Regression_L2,2,1,6,8540,1,0.8563,1
Logistic_Regression_L2,2,1,6,8694,1,0.8732,1
Logistic_Regression_L2,2,1,6,8800,1,0.9084,1
Logistic_Regression_L2,2,1,6,8919,1,0.956,1
Logistic_Regression_L2,2,1,6,8309,1,0.5451,1
Logistic_Regression_L2,2,1,6,8333,1,0.6664,1
Logistic_Regression_L2,2,1,6,8089,1,0.9653,1
Logistic_Regression_L2,2,1,6,8520,0,0.0107,0
Logistic_Regression_L2,2,1,6,8380,1,0.8985,1
Logistic_Regression_L2,2,1,6,8609,0,0.0067,0
Logistic_Regression_L2,2,1,6,8489,0,0.0002,0
Logistic_Regression_L2,2,1,6,8779,1,0.9844,1
Logistic_Regression_L1,2,1,6,8951,0,0.0883,0
Logistic_Regression_L1,2,1,6,8796,0,0.0003,0
Logistic_Regression_L1,2,1,6,8778,1,0.9774,1
Logistic_Regression_L1,2,1,6,8072,0,0.0049,0
Logistic_Regression_L1,2,1,6,8959,0,0.0542,0
Logistic_Regression_L1,2,1,6,8225,1,0.9316,1
Logistic_Regression_L1,2,1,6,8484,0,0.0222,0
Logistic_Regression_L1,2,1,6,8228,0,0.0146,0
Logistic_Regression_L1,2,1,6,8605,1,0.9908,1
Logistic_Regression_L1,2,1,6,8351,0,0.006,0
Logistic_Regression_L1,2,1,6,8308,0,0.5179,1
Logistic_Regression_L1,2,1,6,8565,1,0.974,1
Logistic_Regression_L1,2,1,6,8489,1,0.9936,1
Logistic_Regression_L1,2,1,6,8905,0,0.0008,0
Logistic_Regression_L1,2,1,6,8228,0,0.0999,0
Logistic_Regression_L1,2,1,6,8308,1,0.9535,1
Logistic_Regression_L1,2,1,6,8086,0,0.8943,1
Logistic_Regression_L1,2,1,6,8736,1,0.9274,1
Logistic_Regression_L1,2,1,6,8612,1,0.8126,1
Logistic_Regression_L1,2,1,6,8342,1,0.8432,1
Logistic_Regression_L1,2,1,6,8572,0,0.0215,0
Logistic_Regression_L1,2,1,6,8540,1,0.8745,1
Logistic_Regression_L1,2,1,6,8694,1,0.8758,1
Logistic_Regression_L1,2,1,6,8800,1,0.9263,1
Logistic_Regression_L1,2,1,6,8919,1,0.9684,1
Logistic_Regression_L1,2,1,6,8309,1,0.5086,1
Logistic_Regression_L1,2,1,6,8333,1,0.6865,1
Logistic_Regression_L1,2,1,6,8089,1,0.975,1
Logistic_Regression_L1,2,1,6,8520,0,0.0075,0
Logistic_Regression_L1,2,1,6,8380,1,0.9128,1
Logistic_Regression_L1,2,1,6,8609,0,0.004,0
Logistic_Regression_L1,2,1,6,8489,0,0.0001,0
Logistic_Regression_L1,2,1,6,8779,1,0.9903,1
Logistic_Regression_ElasticNet,2,1,6,8951,0,0.1118,0
Logistic_Regression_ElasticNet,2,1,6,8796,0,0.0006,0
Logistic_Regression_ElasticNet,2,1,6,8778,1,0.972,1
Logistic_Regression_ElasticNet,2,1,6,8072,0,0.0067,0
Logistic_Regression_ElasticNet,2,1,6,8959,0,0.0643,0
Logistic_Regression_ElasticNet,2,1,6,8225,1,0.9207,1
Logistic_Regression_ElasticNet,2,1,6,8484,0,0.0278,0
Logistic_Regression_ElasticNet,2,1,6,8228,0,0.0194,0
Logistic_Regression_ElasticNet,2,1,6,8605,1,0.9885,1
Logistic_Regression_ElasticNet,2,1,6,8351,0,0.0086,0
Logistic_Regression_ElasticNet,2,1,6,8308,0,0.5397,1
Logistic_Regression_ElasticNet,2,1,6,8565,1,0.9679,1
Logistic_Regression_ElasticNet,2,1,6,8489,1,0.9914,1
Logistic_Regression_ElasticNet,2,1,6,8905,0,0.0012,0
Logistic_Regression_ElasticNet,2,1,6,8228,0,0.1215,0
Logistic_Regression_ElasticNet,2,1,6,8308,1,0.9444,1
Logistic_Regression_ElasticNet,2,1,6,8086,0,0.8808,1
Logistic_Regression_ElasticNet,2,1,6,8736,1,0.9182,1
Logistic_Regression_ElasticNet,2,1,6,8612,1,0.7972,1
Logistic_Regression_ElasticNet,2,1,6,8342,1,0.829,1
Logistic_Regression_ElasticNet,2,1,6,8572,0,0.0281,0
Logistic_Regression_ElasticNet,2,1,6,8540,1,0.8632,1
Logistic_Regression_ElasticNet,2,1,6,8694,1,0.8732,1
Logistic_Regression_ElasticNet,2,1,6,8800,1,0.916,1
Logistic_Regression_ElasticNet,2,1,6,8919,1,0.9615,1
Logistic_Regression_ElasticNet,2,1,6,8309,1,0.5288,1
Logistic_Regression_ElasticNet,2,1,6,8333,1,0.6736,1
Logistic_Regression_ElasticNet,2,1,6,8089,1,0.9696,1
Logistic_Regression_ElasticNet,2,1,6,8520,0,0.0095,0
Logistic_Regression_ElasticNet,2,1,6,8380,1,0.9036,1
Logistic_Regression_ElasticNet,2,1,6,8609,0,0.0056,0
Logistic_Regression_ElasticNet,2,1,6,8489,0,0.0001,0
Logistic_Regression_ElasticNet,2,1,6,8779,1,0.9871,1
Decision_Tree,2,1,6,8951,0,0.0,0
Decision_Tree,2,1,6,8796,0,0.0,0
Decision_Tree,2,1,6,8778,1,0.9844,1
Decision_Tree,2,1,6,8072,0,0.0,0
Decision_Tree,2,1,6,8959,0,0.0,0
Decision_Tree,2,1,6,8225,1,0.9844,1
Decision_Tree,2,1,6,8484,0,0.0,0
Decision_Tree,2,1,6,8228,0,0.0,0
Decision_Tree,2,1,6,8605,1,0.9844,1
Decision_Tree,2,1,6,8351,0,0.0,0
Decision_Tree,2,1,6,8308,0,0.9844,1
Decision_Tree,2,1,6,8565,1,0.9844,1
Decision_Tree,2,1,6,8489,1,0.9844,1
Decision_Tree,2,1,6,8905,0,0.0,0
Decision_Tree,2,1,6,8228,0,0.0,0
Decision_Tree,2,1,6,8308,1,0.9844,1
Decision_Tree,2,1,6,8086,0,0.9844,1
Decision_Tree,2,1,6,8736,1,0.9844,1
Decision_Tree,2,1,6,8612,1,0.9844,1
Decision_Tree,2,1,6,8342,1,0.9844,1
Decision_Tree,2,1,6,8572,0,0.0,0
Decision_Tree,2,1,6,8540,1,0.9844,1
Decision_Tree,2,1,6,8694,1,0.9844,1
Decision_Tree,2,1,6,8800,1,0.9844,1
Decision_Tree,2,1,6,8919,1,0.9844,1
Decision_Tree,2,1,6,8309,1,0.0,0
Decision_Tree,2,1,6,8333,1,0.5,0
Decision_Tree,2,1,6,8089,1,0.9844,1
Decision_Tree,2,1,6,8520,0,0.0,0
Decision_Tree,2,1,6,8380,1,0.9844,1
Decision_Tree,2,1,6,8609,0,0.0,0
Decision_Tree,2,1,6,8489,0,0.0,0
Decision_Tree,2,1,6,8779,1,0.9844,1
Random_Forest,2,1,6,8951,0,0.0715,0
Random_Forest,2,1,6,8796,0,0.0102,0
Random_Forest,2,1,6,8778,1,0.9578,1
Random_Forest,2,1,6,8072,0,0.0198,0
Random_Forest,2,1,6,8959,0,0.0678,0
Random_Forest,2,1,6,8225,1,0.9567,1
Random_Forest,2,1,6,8484,0,0.0623,0
Random_Forest,2,1,6,8228,0,0.0257,0
Random_Forest,2,1,6,8605,1,0.936,1
Random_Forest,2,1,6,8351,0,0.0295,0
Random_Forest,2,1,6,8308,0,0.5726,1
Random_Forest,2,1,6,8565,1,0.9706,1
Random_Forest,2,1,6,8489,1,0.9524,1
Random_Forest,2,1,6,8905,0,0.0076,0
Random_Forest,2,1,6,8228,0,0.0866,0
Random_Forest,2,1,6,8308,1,0.9691,1
Random_Forest,2,1,6,8086,0,0.7642,1
Random_Forest,2,1,6,8736,1,0.9579,1
Random_Forest,2,1,6,8612,1,0.9625,1
Random_Forest,2,1,6,8342,1,0.9472,1
Random_Forest,2,1,6,8572,0,0.1152,0
Random_Forest,2,1,6,8540,1,0.9615,1
Random_Forest,2,1,6,8694,1,0.7927,1
Random_Forest,2,1,6,8800,1,0.9689,1
Random_Forest,2,1,6,8919,1,0.9578,1
Random_Forest,2,1,6,8309,1,0.3134,0
Random_Forest,2,1,6,8333,1,0.8162,1
Random_Forest,2,1,6,8089,1,0.903,1
Random_Forest,2,1,6,8520,0,0.0695,0
Random_Forest,2,1,6,8380,1,0.8858,1
Random_Forest,2,1,6,8609,0,0.0032,0
Random_Forest,2,1,6,8489,0,0.002,0
Random_Forest,2,1,6,8779,1,0.965,1
Gradient_Boosting,2,1,6,8951,0,0.057,0
Gradient_Boosting,2,1,6,8796,0,0.0411,0
Gradient_Boosting,2,1,6,8778,1,0.9214,1
Gradient_Boosting,2,1,6,8072,0,0.0421,0
Gradient_Boosting,2,1,6,8959,0,0.0458,0
Gradient_Boosting,2,1,6,8225,1,0.9214,1
Gradient_Boosting,2,1,6,8484,0,0.0281,0
Gradient_Boosting,2,1,6,8228,0,0.038,0
Gradient_Boosting,2,1,6,8605,1,0.9214,1
Gradient_Boosting,2,1,6,8351,0,0.0565,0
Gradient_Boosting,2,1,6,8308,0,0.7316,1
Gradient_Boosting,2,1,6,8565,1,0.9214,1
Gradient_Boosting,2,1,6,8489,1,0.9214,1
Gradient_Boosting,2,1,6,8905,0,0.0418,0
Gradient_Boosting,2,1,6,8228,0,0.1181,0
Gradient_Boosting,2,1,6,8308,1,0.9214,1
Gradient_Boosting,2,1,6,8086,0,0.8585,1
Gradient_Boosting,2,1,6,8736,1,0.9214,1
Gradient_Boosting,2,1,6,8612,1,0.9214,1
Gradient_Boosting,2,1,6,8342,1,0.9214,1
Gradient_Boosting,2,1,6,8572,0,0.0597,0
Gradient_Boosting,2,1,6,8540,1,0.9214,1
Gradient_Boosting,2,1,6,8694,1,0.8826,1
Gradient_Boosting,2,1,6,8800,1,0.9214,1
Gradient_Boosting,2,1,6,8919,1,0.9214,1
Gradient_Boosting,2,1,6,8309,1,0.1523,0
Gradient_Boosting,2,1,6,8333,1,0.8773,1
Gradient_Boosting,2,1,6,8089,1,0.9214,1
Gradient_Boosting,2,1,6,8520,0,0.0696,0
Gradient_Boosting,2,1,6,8380,1,0.9214,1
Gradient_Boosting,2,1,6,8609,0,0.0425,0
Gradient_Boosting,2,1,6,8489,0,0.0425,0
Gradient_Boosting,2,1,6,8779,1,0.9214,1
Baseline_Majority,2,2,7,8422,1,0.5271,1
Baseline_Majority,2,2,7,8303,0,0.5271,1
Baseline_Majority,2,2,7,8733,0,0.5271,1
Baseline_Majority,2,2,7,8083,1,0.5271,1
Baseline_Majority,2,2,7,8444,0,0.5271,1
Baseline_Majority,2,2,7,8881,0,0.5271,1
Baseline_Majority,2,2,7,8611,1,0.5271,1
Baseline_Majority,2,2,7,8009,1,0.5271,1
Baseline_Majority,2,2,7,8734,1,0.5271,1
Baseline_Majority,2,2,7,8880,1,0.5271,1
Baseline_Majority,2,2,7,8640,1,0.5271,1
Baseline_Majority,2,2,7,8884,0,0.5271,1
Baseline_Majority,2,2,7,8212,1,0.5271,1
Baseline_Majority,2,2,7,8278,1,0.5271,1
Baseline_Majority,2,2,7,8189,0,0.5271,1
Baseline_Majority,2,2,7,8868,1,0.5271,1
Baseline_Majority,2,2,7,8676,1,0.5271,1
Baseline_Majority,2,2,7,8657,1,0.5271,1
Baseline_Majority,2,2,7,8859,0,0.5271,1
Baseline_Majority,2,2,7,8498,0,0.5271,1
Baseline_Majority,2,2,7,8508,0,0.5271,1
Baseline_Majority,2,2,7,8288,0,0.5271,1
Baseline_Majority,2,2,7,8418,1,0.5271,1
Baseline_Majority,2,2,7,8303,1,0.5271,1
Baseline_Majority,2,2,7,8372,0,0.5271,1
Baseline_Majority,2,2,7,8543,0,0.5271,1
Baseline_Majority,2,2,7,8261,1,0.5271,1
Baseline_Majority,2,2,7,8281,0,0.5271,1
Baseline_Majority,2,2,7,8221,1,0.5271,1
Baseline_Majority,2,2,7,8061,0,0.5271,1
Baseline_Majority,2,2,7,8090,0,0.5271,1
Baseline_Majority,2,2,7,8504,1,0.5271,1
Logistic_Regression_L2,2,2,7,8422,1,0.9204,1
Logistic_Regression_L2,2,2,7,8303,0,0.187,0
Logistic_Regression_L2,2,2,7,8733,0,0.2933,0
Logistic_Regression_L2,2,2,7,8083,1,0.7704,1
Logistic_Regression_L2,2,2,7,8444,0,0.0002,0
Logistic_Regression_L2,2,2,7,8881,0,0.4482,0
Logistic_Regression_L2,2,2,7,8611,1,0.9005,1
Logistic_Regression_L2,2,2,7,8009,1,0.8886,1
Logistic_Regression_L2,2,2,7,8734,1,0.8702,1
Logistic_Regression_L2,2,2,7,8880,1,0.9924,1
Logistic_Regression_L2,2,2,7,8640,1,0.9568,1
Logistic_Regression_L2,2,2,7,8884,0,0.0015,0
Logistic_Regression_L2,2,2,7,8212,1,0.9328,1
Logistic_Regression_L2,2,2,7,8278,1,0.7622,1
Logistic_Regression_L2,2,2,7,8189,0,0.1007,0
Logistic_Regression_L2,2,2,7,8868,1,0.8379,1
Logistic_Regression_L2,2,2,7,8676,1,0.8601,1
Logistic_Regression_L2,2,2,7,8657,1,0.9627,1
Logistic_Regression_L2,2,2,7,8859,0,0.0364,0
Logistic_Regression_L2,2,2,7,8498,0,0.269,0
Logistic_Regression_L2,2,2,7,8508,0,0.0003,0
Logistic_Regression_L2,2,2,7,8288,0,0.0313,0
Logistic_Regression_L2,2,2,7,8418,1,0.575,1
Logistic_Regression_L2,2,2,7,8303,1,0.8553,1
Logistic_Regression_L2,2,2,7,8372,0,0.0051,0
Logistic_Regression_L2,2,2,7,8543,0,0.0053,0
Logistic_Regression_L2,2,2,7,8261,1,0.5795,1
Logistic_Regression_L2,2,2,7,8281,0,0.1131,0
Logistic_Regression_L2,2,2,7,8221,1,0.9942,1
Logistic_Regression_L2,2,2,7,8061,0,0.4214,0
Logistic_Regression_L2,2,2,7,8090,0,0.0011,0
Logistic_Regression_L2,2,2,7,8504,1,0.7792,1
Logistic_Regression_L1,2,2,7,8422,1,0.9308,1
Logistic_Regression_L1,2,2,7,8303,0,0.1927,0
Logistic_Regression_L1,2,2,7,8733,0,0.2344,0
Logistic_Regression_L1,2,2,7,8083,1,0.8033,1
Logistic_Regression_L1,2,2,7,8444,0,0.0001,0
Logistic_Regression_L1,2,2,7,8881,0,0.4171,0
Logistic_Regression_L1,2,2,7,8611,1,0.9121,1
Logistic_Regression_L1,2,2,7,8009,1,0.9059,1
Logistic_Regression_L1,2,2,7,8734,1,0.8826,1
Logistic_Regression_L1,2,2,7,8880,1,0.9953,1
Logistic_Regression_L1,2,2,7,8640,1,0.964,1
Logistic_Regression_L1,2,2,7,8884,0,0.0007,0
Logistic_Regression_L1,2,2,7,8212,1,0.9418,1
Logistic_Regression_L1,2,2,7,8278,1,0.7674,1
Logistic_Regression_L1,2,2,7,8189,0,0.0887,0
Logistic_Regression_L1,2,2,7,8868,1,0.8636,1
Logistic_Regression_L1,2,2,7,8676,1,0.8869,1
Logistic_Regression_L1,2,2,7,8657,1,0.9681,1
Logistic_Regression_L1,2,2,7,8859,0,0.022,0
Logistic_Regression_L1,2,2,7,8498,0,0.2373,0
Logistic_Regression_L1,2,2,7,8508,0,0.0001,0
Logistic_Regression_L1,2,2,7,8288,0,0.0228,0
Logistic_Regression_L1,2,2,7,8418,1,0.5653,1
Logistic_Regression_L1,2,2,7,8303,1,0.8661,1
Logistic_Regression_L1,2,2,7,8372,0,0.0017,0
Logistic_Regression_L1,2,2,7,8543,0,0.0038,0
Logistic_Regression_L1,2,2,7,8261,1,0.5755,1
Logistic_Regression_L1,2,2,7,8281,0,0.082,0
Logistic_Regression_L1,2,2,7,8221,1,0.9959,1
Logistic_Regression_L1,2,2,7,8061,0,0.4337,0
Logistic_Regression_L1,2,2,7,8090,0,0.0005,0
Logistic_Regression_L1,2,2,7,8504,1,0.7951,1
Logistic_Regression_ElasticNet,2,2,7,8422,1,0.925,1
Logistic_Regression_ElasticNet,2,2,7,8303,0,0.1895,0
Logistic_Regression_ElasticNet,2,2,7,8733,0,0.2692,0
Logistic_Regression_ElasticNet,2,2,7,8083,1,0.7846,1
Logistic_Regression_ElasticNet,2,2,7,8444,0,0.0001,0
Logistic_Regression_ElasticNet,2,2,7,8881,0,0.4375,0
Logistic_Regression_ElasticNet,2,2,7,8611,1,0.9052,1
Logistic_Regression_ElasticNet,2,2,7,8009,1,0.8959,1
Logistic_Regression_ElasticNet,2,2,7,8734,1,0.8754,1
Logistic_Regression_ElasticNet,2,2,7,8880,1,0.9938,1
Logistic_Regression_ElasticNet,2,2,7,8640,1,0.9599,1
Logistic_Regression_ElasticNet,2,2,7,8884,0,0.0011,0
Logistic_Regression_ElasticNet,2,2,7,8212,1,0.9364,1
Logistic_Regression_ElasticNet,2,2,7,8278,1,0.7652,1
Logistic_Regression_ElasticNet,2,2,7,8189,0,0.0969,0
Logistic_Regression_ElasticNet,2,2,7,8868,1,0.8479,1
Logistic_Regression_ElasticNet,2,2,7,8676,1,0.8718,1
Logistic_Regression_ElasticNet,2,2,7,8657,1,0.9649,1
Logistic_Regression_ElasticNet,2,2,7,8859,0,0.0297,0
Logistic_Regression_ElasticNet,2,2,7,8498,0,0.2564,0
Logistic_Regression_ElasticNet,2,2,7,8508,0,0.0002,0
Logistic_Regression_ElasticNet,2,2,7,8288,0,0.0278,0
Logistic_Regression_ElasticNet,2,2,7,8418,1,0.57,1
Logistic_Regression_ElasticNet,2,2,7,8303,1,0.8596,1
Logistic_Regression_ElasticNet,2,2,7,8372,0,0.0033,0
Logistic_Regression_ElasticNet,2,2,7,8543,0,0.0047,0
Logistic_Regression_ElasticNet,2,2,7,8261,1,0.5778,1
Logistic_Regression_ElasticNet,2,2,7,8281,0,0.1001,0
Logistic_Regression_ElasticNet,2,2,7,8221,1,0.995,1
Logistic_Regression_ElasticNet,2,2,7,8061,0,0.4282,0
Logistic_Regression_ElasticNet,2,2,7,8090,0,0.0008,0
Logistic_Regression_ElasticNet,2,2,7,8504,1,0.7861,1
Decision_Tree,2,2,7,8422,1,0.9552,1
Decision_Tree,2,2,7,8303,0,0.0,0
Decision_Tree,2,2,7,8733,0,0.0,0
Decision_Tree,2,2,7,8083,1,0.5,0
Decision_Tree,2,2,7,8444,0,0.0,0
Decision_Tree,2,2,7,8881,0,0.0,0
Decision_Tree,2,2,7,8611,1,0.9552,1
Decision_Tree,2,2,7,8009,1,0.9552,1
Decision_Tree,2,2,7,8734,1,0.9552,1
Decision_Tree,2,2,7,8880,1,0.5,0
Decision_Tree,2,2,7,8640,1,0.9552,1
Decision_Tree,2,2,7,8884,0,0.0,0
Decision_Tree,2,2,7,8212,1,0.9552,1
Decision_Tree,2,2,7,8278,1,0.9552,1
Decision_Tree,2,2,7,8189,0,0.0,0
Decision_Tree,2,2,7,8868,1,0.9552,1
Decision_Tree,2,2,7,8676,1,0.9552,1
Decision_Tree,2,2,7,8657,1,0.9552,1
Decision_Tree,2,2,7,8859,0,0.0,0
Decision_Tree,2,2,7,8498,0,0.0,0
Decision_Tree,2,2,7,8508,0,0.0,0
Decision_Tree,2,2,7,8288,0,0.0,0
Decision_Tree,2,2,7,8418,1,0.9552,1
Decision_Tree,2,2,7,8303,1,0.9552,1
Decision_Tree,2,2,7,8372,0,0.0,0
Decision_Tree,2,2,7,8543,0,0.0,0
Decision_Tree,2,2,7,8261,1,0.9552,1
Decision_Tree,2,2,7,8281,0,0.0,0
Decision_Tree,2,2,7,8221,1,0.9552,1
Decision_Tree,2,2,7,8061,0,0.9552,1
Decision_Tree,2,2,7,8090,0,0.0,0
Decision_Tree,2,2,7,8504,1,0.9552,1
Random_Forest,2,2,7,8422,1,0.9421,1
Random_Forest,2,2,7,8303,0,0.1763,0
Random_Forest,2,2,7,8733,0,0.1804,0
Random_Forest,2,2,7,8083,1,0.8743,1
Random_Forest,2,2,7,8444,0,0.0022,0
Random_Forest,2,2,7,8881,0,0.2847,0
Random_Forest,2,2,7,8611,1,0.9714,1
Random_Forest,2,2,7,8009,1,0.9648,1
Random_Forest,2,2,7,8734,1,0.969,1
Random_Forest,2,2,7,8880,1,0.7798,1
Random_Forest,2,2,7,8640,1,0.9547,1
Random_Forest,2,2,7,8884,0,0.0157,0
Random_Forest,2,2,7,8212,1,0.9522,1
Random_Forest,2,2,7,8278,1,0.9501,1
Random_Forest,2,2,7,8189,0,0.2112,0
Random_Forest,2,2,7,8868,1,0.8732,1
Random_Forest,2,2,7,8676,1,0.9162,1
Random_Forest,2,2,7,8657,1,0.8896,1
Random_Forest,2,2,7,8859,0,0.0557,0
Random_Forest,2,2,7,8498,0,0.2831,0
Random_Forest,2,2,7,8508,0,0.0028,0
Random_Forest,2,2,7,8288,0,0.1689,0
Random_Forest,2,2,7,8418,1,0.3524,0
Random_Forest,2,2,7,8303,1,0.9619,1
Random_Forest,2,2,7,8372,0,0.0404,0
Random_Forest,2,2,7,8543,0,0.0075,0
Random_Forest,2,2,7,8261,1,0.8865,1
Random_Forest,2,2,7,8281,0,0.0613,0
Random_Forest,2,2,7,8221,1,0.8708,1
Random_Forest,2,2,7,8061,0,0.704,1
Random_Forest,2,2,7,8090,0,0.012,0
Random_Forest,2,2,7,8504,1,0.9452,1
Gradient_Boosting,2,2,7,8422,1,0.9247,1
Gradient_Boosting,2,2,7,8303,0,0.1444,0
Gradient_Boosting,2,2,7,8733,0,0.0693,0
Gradient_Boosting,2,2,7,8083,1,0.9021,1
Gradient_Boosting,2,2,7,8444,0,0.0529,0
Gradient_Boosting,2,2,7,8881,0,0.1891,0
Gradient_Boosting,2,2,7,8611,1,0.9247,1
Gradient_Boosting,2,2,7,8009,1,0.9247,1
Gradient_Boosting,2,2,7,8734,1,0.9247,1
Gradient_Boosting,2,2,7,8880,1,0.9247,1
Gradient_Boosting,2,2,7,8640,1,0.9247,1
Gradient_Boosting,2,2,7,8884,0,0.0631,0
Gradient_Boosting,2,2,7,8212,1,0.9207,1
Gradient_Boosting,2,2,7,8278,1,0.9207,1
Gradient_Boosting,2,2,7,8189,0,0.1535,0
Gradient_Boosting,2,2,7,8868,1,0.897,1
Gradient_Boosting,2,2,7,8676,1,0.9021,1
Gradient_Boosting,2,2,7,8657,1,0.9247,1
Gradient_Boosting,2,2,7,8859,0,0.0509,0
Gradient_Boosting,2,2,7,8498,0,0.1891,0
Gradient_Boosting,2,2,7,8508,0,0.0656,0
Gradient_Boosting,2,2,7,8288,0,0.1215,0
Gradient_Boosting,2,2,7,8418,1,0.4076,0
Gradient_Boosting,2,2,7,8303,1,0.9247,1
Gradient_Boosting,2,2,7,8372,0,0.0467,0
Gradient_Boosting,2,2,7,8543,0,0.042,0
Gradient_Boosting,2,2,7,8261,1,0.9207,1
Gradient_Boosting,2,2,7,8281,0,0.0631,0
Gradient_Boosting,2,2,7,8221,1,0.9247,1
Gradient_Boosting,2,2,7,8061,0,0.8758,1
Gradient_Boosting,2,2,7,8090,0,0.0631,0
Gradient_Boosting,2,2,7,8504,1,0.9247,1
Baseline_Majority,2,3,8,8656,1,0.5271,1
Baseline_Majority,2,3,8,8168,1,0.5271,1
Baseline_Majority,2,3,8,8128,0,0.5271,1
Baseline_Majority,2,3,8,8051,1,0.5271,1
Baseline_Majority,2,3,8,8610,0,0.5271,1
Baseline_Majority,2,3,8,8065,0,0.5271,1
Baseline_Majority,2,3,8,8648,0,0.5271,1
Baseline_Majority,2,3,8,8546,0,0.5271,1
Baseline_Majority,2,3,8,8412,0,0.5271,1
Baseline_Majority,2,3,8,8516,1,0.5271,1
Baseline_Majority,2,3,8,8972,1,0.5271,1
Baseline_Majority,2,3,8,8209,0,0.5271,1
Baseline_Majority,2,3,8,8789,0,0.5271,1
Baseline_Majority,2,3,8,8708,1,0.5271,1
Baseline_Majority,2,3,8,8230,1,0.5271,1
Baseline_Majority,2,3,8,8656,1,0.5271,1
Baseline_Majority,2,3,8,8150,0,0.5271,1
Baseline_Majority,2,3,8,8355,1,0.5271,1
Baseline_Majority,2,3,8,8417,0,0.5271,1
Baseline_Majority,2,3,8,8725,1,0.5271,1
Baseline_Majority,2,3,8,8835,0,0.5271,1
Baseline_Majority,2,3,8,8192,0,0.5271,1
Baseline_Majority,2,3,8,8558,0,0.5271,1
Baseline_Majority,2,3,8,8065,1,0.5271,1
Baseline_Majority,2,3,8,8121,0,0.5271,1
Baseline_Majority,2,3,8,8764,1,0.5271,1
Baseline_Majority,2,3,8,8862,1,0.5271,1
Baseline_Majority,2,3,8,8447,1,0.5271,1
Baseline_Majority,2,3,8,8753,1,0.5271,1
Baseline_Majority,2,3,8,8847,1,0.5271,1
Baseline_Majority,2,3,8,8729,0,0.5271,1
Baseline_Majority,2,3,8,8427,1,0.5271,1
Logistic_Regression_L2,2,3,8,8656,1,0.2859,0
Logistic_Regression_L2,2,3,8,8168,1,0.9217,1
Logistic_Regression_L2,2,3,8,8128,0,0.0047,0
Logistic_Regression_L2,2,3,8,8051,1,0.985,1
Logistic_Regression_L2,2,3,8,8610,0,0.0115,0
Logistic_Regression_L2,2,3,8,8065,0,0.0025,0
Logistic_Regression_L2,2,3,8,8648,0,0.0166,0
Logistic_Regression_L2,2,3,8,8546,0,0.005,0
Logistic_Regression_L2,2,3,8,8412,0,0.0872,0
Logistic_Regression_L2,2,3,8,8516,1,0.9434,1
Logistic_Regression_L2,2,3,8,8972,1,0.9917,1
Logistic_Regression_L2,2,3,8,8209,0,0.0005,0
Logistic_Regression_L2,2,3,8,8789,0,0.0376,0
Logistic_Regression_L2,2,3,8,8708,1,0.9757,1
Logistic_Regression_L2,2,3,8,8230,1,0.6301,1
Logistic_Regression_L2,2,3,8,8656,1,0.8242,1
Logistic_Regression_L2,2,3,8,8150,0,0.0146,0
Logistic_Regression_L2,2,3,8,8355,1,0.9503,1
Logistic_Regression_L2,2,3,8,8417,0,0.0006,0
Logistic_Regression_L2,2,3,8,8725,1,0.8828,1
Logistic_Regression_L2,2,3,8,8835,0,0.0103,0
Logistic_Regression_L2,2,3,8,8192,0,0.3842,0
Logistic_Regression_L2,2,3,8,8558,0,0.0036,0
Logistic_Regression_L2,2,3,8,8065,1,0.9632,1
Logistic_Regression_L2,2,3,8,8121,0,0.7306,1
Logistic_Regression_L2,2,3,8,8764,1,0.763,1
Logistic_Regression_L2,2,3,8,8862,1,0.4108,0
Logistic_Regression_L2,2,3,8,8447,1,0.9982,1
Logistic_Regression_L2,2,3,8,8753,1,0.9944,1
Logistic_Regression_L2,2,3,8,8847,1,0.9849,1
Logistic_Regression_L2,2,3,8,8729,0,0.0054,0
Logistic_Regression_L2,2,3,8,8427,1,0.9623,1
Logistic_Regression_L1,2,3,8,8656,1,0.2647,0
Logistic_Regression_L1,2,3,8,8168,1,0.9372,1
Logistic_Regression_L1,2,3,8,8128,0,0.0016,0
Logistic_Regression_L1,2,3,8,8051,1,0.9911,1
Logistic_Regression_L1,2,3,8,8610,0,0.0049,0
Logistic_Regression_L1,2,3,8,8065,0,0.0011,0
Logistic_Regression_L1,2,3,8,8648,0,0.0072,0
Logistic_Regression_L1,2,3,8,8546,0,0.0017,0
Logistic_Regression_L1,2,3,8,8412,0,0.0557,0
Logistic_Regression_L1,2,3,8,8516,1,0.9572,1
Logistic_Regression_L1,2,3,8,8972,1,0.9954,1
Logistic_Regression_L1,2,3,8,8209,0,0.0002,0
Logistic_Regression_L1,2,3,8,8789,0,0.0213,0
Logistic_Regression_L1,2,3,8,8708,1,0.9842,1
Logistic_Regression_L1,2,3,8,8230,1,0.6239,1
Logistic_Regression_L1,2,3,8,8656,1,0.8482,1
Logistic_Regression_L1,2,3,8,8150,0,0.0054,0
Logistic_Regression_L1,2,3,8,8355,1,0.9633,1
Logistic_Regression_L1,2,3,8,8417,0,0.0002,0
Logistic_Regression_L1,2,3,8,8725,1,0.9133,1
Logistic_Regression_L1,2,3,8,8835,0,0.0057,0
Logistic_Regression_L1,2,3,8,8192,0,0.2873,0
Logistic_Regression_L1,2,3,8,8558,0,0.001,0
Logistic_Regression_L1,2,3,8,8065,1,0.9731,1
Logistic_Regression_L1,2,3,8,8121,0,0.7103,1
Logistic_Regression_L1,2,3,8,8764,1,0.7916,1
Logistic_Regression_L1,2,3,8,8862,1,0.3644,0
Logistic_Regression_L1,2,3,8,8447,1,0.9991,1
Logistic_Regression_L1,2,3,8,8753,1,0.9969,1
Logistic_Regression_L1,2,3,8,8847,1,0.9912,1
Logistic_Regression_L1,2,3,8,8729,0,0.0017,0
Logistic_Regression_L1,2,3,8,8427,1,0.9712,1
Logistic_Regression_ElasticNet,2,3,8,8656,1,0.2786,0
Logistic_Regression_ElasticNet,2,3,8,8168,1,0.9282,1
Logistic_Regression_ElasticNet,2,3,8,8128,0,0.0031,0
Logistic_Regression_ElasticNet,2,3,8,8051,1,0.9877,1
Logistic_Regression_ElasticNet,2,3,8,8610,0,0.0084,0
Logistic_Regression_ElasticNet,2,3,8,8065,0,0.0019,0
Logistic_Regression_ElasticNet,2,3,8,8648,0,0.0122,0
Logistic_Regression_ElasticNet,2,3,8,8546,0,0.0033,0
Logistic_Regression_ElasticNet,2,3,8,8412,0,0.0737,0
Logistic_Regression_ElasticNet,2,3,8,8516,1,0.9491,1
Logistic_Regression_ElasticNet,2,3,8,8972,1,0.9934,1
Logistic_Regression_ElasticNet,2,3,8,8209,0,0.0003,0
Logistic_Regression_ElasticNet,2,3,8,8789,0,0.0306,0
Logistic_Regression_ElasticNet,2,3,8,8708,1,0.9793,1
Logistic_Regression_ElasticNet,2,3,8,8230,1,0.6283,1
Logistic_Regression_ElasticNet,2,3,8,8656,1,0.8338,1
Logistic_Regression_ElasticNet,2,3,8,8150,0,0.01,0
Logistic_Regression_ElasticNet,2,3,8,8355,1,0.9558,1
Logistic_Regression_ElasticNet,2,3,8,8417,0,0.0004,0
Logistic_Regression_ElasticNet,2,3,8,8725,1,0.8958,1
Logistic_Regression_ElasticNet,2,3,8,8835,0,0.0082,0
Logistic_Regression_ElasticNet,2,3,8,8192,0,0.3468,0
Logistic_Regression_ElasticNet,2,3,8,8558,0,0.0022,0
Logistic_Regression_ElasticNet,2,3,8,8065,1,0.9674,1
Logistic_Regression_ElasticNet,2,3,8,8121,0,0.7211,1
Logistic_Regression_ElasticNet,2,3,8,8764,1,0.774,1
Logistic_Regression_ElasticNet,2,3,8,8862,1,0.3935,0
Logistic_Regression_ElasticNet,2,3,8,8447,1,0.9986,1
Logistic_Regression_ElasticNet,2,3,8,8753,1,0.9956,1
Logistic_Regression_ElasticNet,2,3,8,8847,1,0.9877,1
Logistic_Regression_ElasticNet,2,3,8,8729,0,0.0035,0
Logistic_Regression_ElasticNet,2,3,8,8427,1,0.9658,1
Decision_Tree,2,3,8,8656,1,0.4286,0
Decision_Tree,2,3,8,8168,1,0.9559,1
Decision_Tree,2,3,8,8128,0,0.0,0
Decision_Tree,2,3,8,8051,1,0.9559,1
Decision_Tree,2,3,8,8610,0,0.0,0
Decision_Tree,2,3,8,8065,0,0.0,0
Decision_Tree,2,3,8,8648,0,0.0,0
Decision_Tree,2,3,8,8546,0,0.0,0
Decision_Tree,2,3,8,8412,0,0.0,0
Decision_Tree,2,3,8,8516,1,0.9559,1
Decision_Tree,2,3,8,8972,1,0.9559,1
Decision_Tree,2,3,8,8209,0,0.0,0
Decision_Tree,2,3,8,8789,0,0.0,0
Decision_Tree,2,3,8,8708,1,0.9559,1
Decision_Tree,2,3,8,8230,1,0.9559,1
Decision_Tree,2,3,8,8656,1,0.9559,1
Decision_Tree,2,3,8,8150,0,0.0,0
Decision_Tree,2,3,8,8355,1,0.9559,1
Decision_Tree,2,3,8,8417,0,0.0,0
Decision_Tree,2,3,8,8725,1,0.9559,1
Decision_Tree,2,3,8,8835,0,0.0,0
Decision_Tree,2,3,8,8192,0,0.9559,1
Decision_Tree,2,3,8,8558,0,0.0,0
Decision_Tree,2,3,8,8065,1,0.9559,1
Decision_Tree,2,3,8,8121,0,0.0,0
Decision_Tree,2,3,8,8764,1,0.4286,0
Decision_Tree,2,3,8,8862,1,0.9559,1
Decision_Tree,2,3,8,8447,1,0.9559,1
Decision_Tree,2,3,8,8753,1,0.9559,1
Decision_Tree,2,3,8,8847,1,0.9559,1
Decision_Tree,2,3,8,8729,0,0.0,0
Decision_Tree,2,3,8,8427,1,0.9559,1
Random_Forest,2,3,8,8656,1,0.6815,1
Random_Forest,2,3,8,8168,1,0.958,1
Random_Forest,2,3,8,8128,0,0.0989,0
Random_Forest,2,3,8,8051,1,0.9714,1
Random_Forest,2,3,8,8610,0,0.0399,0
Random_Forest,2,3,8,8065,0,0.009,0
Random_Forest,2,3,8,8648,0,0.2796,0
Random_Forest,2,3,8,8546,0,0.0755,0
Random_Forest,2,3,8,8412,0,0.1011,0
Random_Forest,2,3,8,8516,1,0.969,1
Random_Forest,2,3,8,8972,1,0.8957,1
Random_Forest,2,3,8,8209,0,0.0179,0
Random_Forest,2,3,8,8789,0,0.0825,0
Random_Forest,2,3,8,8708,1,0.9431,1
Random_Forest,2,3,8,8230,1,0.9458,1
Random_Forest,2,3,8,8656,1,0.9675,1
Random_Forest,2,3,8,8150,0,0.0638,0
Random_Forest,2,3,8,8355,1,0.9704,1
Random_Forest,2,3,8,8417,0,0.0105,0
Random_Forest,2,3,8,8725,1,0.7614,1
Random_Forest,2,3,8,8835,0,0.0135,0
Random_Forest,2,3,8,8192,0,0.5881,1
Random_Forest,2,3,8,8558,0,0.0306,0
Random_Forest,2,3,8,8065,1,0.9696,1
Random_Forest,2,3,8,8121,0,0.3119,0
Random_Forest,2,3,8,8764,1,0.9032,1
Random_Forest,2,3,8,8862,1,0.8918,1
Random_Forest,2,3,8,8447,1,0.8813,1
Random_Forest,2,3,8,8753,1,0.9557,1
Random_Forest,2,3,8,8847,1,0.9127,1
Random_Forest,2,3,8,8729,0,0.0591,0
Random_Forest,2,3,8,8427,1,0.718,1
Gradient_Boosting,2,3,8,8656,1,0.8025,1
Gradient_Boosting,2,3,8,8168,1,0.9198,1
Gradient_Boosting,2,3,8,8128,0,0.0723,0
Gradient_Boosting,2,3,8,8051,1,0.9198,1
Gradient_Boosting,2,3,8,8610,0,0.0723,0
Gradient_Boosting,2,3,8,8065,0,0.0529,0
Gradient_Boosting,2,3,8,8648,0,0.2693,0
Gradient_Boosting,2,3,8,8546,0,0.1595,0
Gradient_Boosting,2,3,8,8412,0,0.0656,0
Gradient_Boosting,2,3,8,8516,1,0.9198,1
Gradient_Boosting,2,3,8,8972,1,0.9018,1
Gradient_Boosting,2,3,8,8209,0,0.0466,0
Gradient_Boosting,2,3,8,8789,0,0.0664,0
Gradient_Boosting,2,3,8,8708,1,0.9198,1
Gradient_Boosting,2,3,8,8230,1,0.9198,1
Gradient_Boosting,2,3,8,8656,1,0.9198,1
Gradient_Boosting,2,3,8,8150,0,0.0664,0
Gradient_Boosting,2,3,8,8355,1,0.9198,1
Gradient_Boosting,2,3,8,8417,0,0.0723,0
Gradient_Boosting,2,3,8,8725,1,0.8787,1
Gradient_Boosting,2,3,8,8835,0,0.0576,0
Gradient_Boosting,2,3,8,8192,0,0.623,1
Gradient_Boosting,2,3,8,8558,0,0.0458,0
Gradient_Boosting,2,3,8,8065,1,0.9198,1
Gradient_Boosting,2,3,8,8121,0,0.2914,0
Gradient_Boosting,2,3,8,8764,1,0.8654,1
Gradient_Boosting,2,3,8,8862,1,0.9198,1
Gradient_Boosting,2,3,8,8447,1,0.8957,1
Gradient_Boosting,2,3,8,8753,1,0.9198,1
Gradient_Boosting,2,3,8,8847,1,0.9198,1
Gradient_Boosting,2,3,8,8729,0,0.0499,0
Gradient_Boosting,2,3,8,8427,1,0.7285,1
Baseline_Majority,2,4,9,8470,0,0.5312,1
Baseline_Majority,2,4,9,8360,1,0.5312,1
Baseline_Majority,2,4,9,8001,0,0.5312,1
Baseline_Majority,2,4,9,8979,1,0.5312,1
Baseline_Majority,2,4,9,8233,1,0.5312,1
Baseline_Majority,2,4,9,8198,0,0.5312,1
Baseline_Majority,2,4,9,8159,1,0.5312,1
Baseline_Majority,2,4,9,8028,0,0.5312,1
Baseline_Majority,2,4,9,8196,1,0.5312,1
Baseline_Majority,2,4,9,8799,0,0.5312,1
Baseline_Majority,2,4,9,8623,0,0.5312,1
Baseline_Majority,2,4,9,8745,1,0.5312,1
Baseline_Majority,2,4,9,8756,0,0.5312,1
Baseline_Majority,2,4,9,8317,1,0.5312,1
Baseline_Majority,2,4,9,8679,1,0.5312,1
Baseline_Majority,2,4,9,8628,0,0.5312,1
Baseline_Majority,2,4,9,8712,1,0.5312,1
Baseline_Majority,2,4,9,8092,0,0.5312,1
Baseline_Majority,2,4,9,8198,1,0.5312,1
Baseline_Majority,2,4,9,8064,0,0.5312,1
Baseline_Majority,2,4,9,8585,0,0.5312,1
Baseline_Majority,2,4,9,8769,0,0.5312,1
Baseline_Majority,2,4,9,8631,0,0.5312,1
Baseline_Majority,2,4,9,8239,0,0.5312,1
Baseline_Majority,2,4,9,8396,1,0.5312,1
Baseline_Majority,2,4,9,8887,0,0.5312,1
Baseline_Majority,2,4,9,8190,1,0.5312,1
Baseline_Majority,2,4,9,8173,1,0.5312,1
Baseline_Majority,2,4,9,8591,1,0.5312,1
Baseline_Majority,2,4,9,8887,1,0.5312,1
Baseline_Majority,2,4,9,8684,1,0.5312,1
Baseline_Majority,2,4,9,8743,1,0.5312,1
Baseline_Majority,2,4,9,8076,0,0.5312,1
Logistic_Regression_L2,2,4,9,8470,0,0.0,0
Logistic_Regression_L2,2,4,9,8360,1,0.8815,1
Logistic_Regression_L2,2,4,9,8001,0,0.7702,1
Logistic_Regression_L2,2,4,9,8979,1,0.9965,1
Logistic_Regression_L2,2,4,9,8233,1,0.879,1
Logistic_Regression_L2,2,4,9,8198,0,0.0876,0
Logistic_Regression_L2,2,4,9,8159,1,0.8903,1
Logistic_Regression_L2,2,4,9,8028,0,0.0013,0
Logistic_Regression_L2,2,4,9,8196,1,0.9969,1
Logistic_Regression_L2,2,4,9,8799,0,0.2222,0
Logistic_Regression_L2,2,4,9,8623,0,0.4348,0
Logistic_Regression_L2,2,4,9,8745,1,0.8571,1
Logistic_Regression_L2,2,4,9,8756,0,0.8996,1
Logistic_Regression_L2,2,4,9,8317,1,0.6283,1
Logistic_Regression_L2,2,4,9,8679,1,0.9705,1
Logistic_Regression_L2,2,4,9,8628,0,0.1254,0
Logistic_Regression_L2,2,4,9,8712,1,0.9848,1
Logistic_Regression_L2,2,4,9,8092,0,0.008,0
Logistic_Regression_L2,2,4,9,8198,1,0.965,1
Logistic_Regression_L2,2,4,9,8064,0,0.0,0
Logistic_Regression_L2,2,4,9,8585,0,0.0501,0
Logistic_Regression_L2,2,4,9,8769,0,0.0002,0
Logistic_Regression_L2,2,4,9,8631,0,0.0032,0
Logistic_Regression_L2,2,4,9,8239,0,0.0004,0
Logistic_Regression_L2,2,4,9,8396,1,0.9462,1
Logistic_Regression_L2,2,4,9,8887,0,0.4535,0
Logistic_Regression_L2,2,4,9,8190,1,0.9462,1
Logistic_Regression_L2,2,4,9,8173,1,0.8361,1
Logistic_Regression_L2,2,4,9,8591,1,0.9977,1
Logistic_Regression_L2,2,4,9,8887,1,0.9393,1
Logistic_Regression_L2,2,4,9,8684,1,0.9867,1
Logistic_Regression_L2,2,4,9,8743,1,0.9778,1
Logistic_Regression_L2,2,4,9,8076,0,0.7048,1
Logistic_Regression_L1,2,4,9,8470,0,0.0,0
Logistic_Regression_L1,2,4,9,8360,1,0.9227,1
Logistic_Regression_L1,2,4,9,8001,0,0.7809,1
Logistic_Regression_L1,2,4,9,8979,1,0.9983,1
Logistic_Regression_L1,2,4,9,8233,1,0.8886,1
Logistic_Regression_L1,2,4,9,8198,0,0.0414,0
Logistic_Regression_L1,2,4,9,8159,1,0.9079,1
Logistic_Regression_L1,2,4,9,8028,0,0.0005,0
Logistic_Regression_L1,2,4,9,8196,1,0.9985,1
Logistic_Regression_L1,2,4,9,8799,0,0.1496,0
Logistic_Regression_L1,2,4,9,8623,0,0.4881,0
Logistic_Regression_L1,2,4,9,8745,1,0.8394,1
Logistic_Regression_L1,2,4,9,8756,0,0.9367,1
Logistic_Regression_L1,2,4,9,8317,1,0.5903,1
Logistic_Regression_L1,2,4,9,8679,1,0.9768,1
Logistic_Regression_L1,2,4,9,8628,0,0.1004,0
Logistic_Regression_L1,2,4,9,8712,1,0.9908,1
Logistic_Regression_L1,2,4,9,8092,0,0.0039,0
Logistic_Regression_L1,2,4,9,8198,1,0.98,1
Logistic_Regression_L1,2,4,9,8064,0,0.0,0
Logistic_Regression_L1,2,4,9,8585,0,0.0593,0
Logistic_Regression_L1,2,4,9,8769,0,0.0001,0
Logistic_Regression_L1,2,4,9,8631,0,0.0015,0
Logistic_Regression_L1,2,4,9,8239,0,0.0001,0
Logistic_Regression_L1,2,4,9,8396,1,0.9604,1
Logistic_Regression_L1,2,4,9,8887,0,0.5891,1
Logistic_Regression_L1,2,4,9,8190,1,0.9646,1
Logistic_Regression_L1,2,4,9,8173,1,0.8661,1
Logistic_Regression_L1,2,4,9,8591,1,0.9989,1
Logistic_Regression_L1,2,4,9,8887,1,0.9526,1
Logistic_Regression_L1,2,4,9,8684,1,0.9917,1
Logistic_Regression_L1,2,4,9,8743,1,0.9863,1
Logistic_Regression_L1,2,4,9,8076,0,0.6245,1
Logistic_Regression_ElasticNet,2,4,9,8470,0,0.0,0
Logistic_Regression_ElasticNet,2,4,9,8360,1,0.8995,1
Logistic_Regression_ElasticNet,2,4,9,8001,0,0.7756,1
Logistic_Regression_ElasticNet,2,4,9,8979,1,0.9973,1
Logistic_Regression_ElasticNet,2,4,9,8233,1,0.8824,1
Logistic_Regression_ElasticNet,2,4,9,8198,0,0.0665,0
Logistic_Regression_ElasticNet,2,4,9,8159,1,0.8977,1
Logistic_Regression_ElasticNet,2,4,9,8028,0,0.0009,0
Logistic_Regression_ElasticNet,2,4,9,8196,1,0.9976,1
Logistic_Regression_ElasticNet,2,4,9,8799,0,0.1904,0
Logistic_Regression_ElasticNet,2,4,9,8623,0,0.4564,0
Logistic_Regression_ElasticNet,2,4,9,8745,1,0.8503,1
Logistic_Regression_ElasticNet,2,4,9,8756,0,0.9156,1
Logistic_Regression_ElasticNet,2,4,9,8317,1,0.6138,1
Logistic_Regression_ElasticNet,2,4,9,8679,1,0.9729,1
Logistic_Regression_ElasticNet,2,4,9,8628,0,0.1159,0
Logistic_Regression_ElasticNet,2,4,9,8712,1,0.9873,1
Logistic_Regression_ElasticNet,2,4,9,8092,0,0.0061,0
Logistic_Regression_ElasticNet,2,4,9,8198,1,0.9717,1
Logistic_Regression_ElasticNet,2,4,9,8064,0,0.0,0
Logistic_Regression_ElasticNet,2,4,9,8585,0,0.0539,0
Logistic_Regression_ElasticNet,2,4,9,8769,0,0.0002,0
Logistic_Regression_ElasticNet,2,4,9,8631,0,0.0025,0
Logistic_Regression_ElasticNet,2,4,9,8239,0,0.0002,0
Logistic_Regression_ElasticNet,2,4,9,8396,1,0.952,1
Logistic_Regression_ElasticNet,2,4,9,8887,0,0.5092,1
Logistic_Regression_ElasticNet,2,4,9,8190,1,0.9541,1
Logistic_Regression_ElasticNet,2,4,9,8173,1,0.8481,1
Logistic_Regression_ElasticNet,2,4,9,8591,1,0.9982,1
Logistic_Regression_ElasticNet,2,4,9,8887,1,0.9447,1
Logistic_Regression_ElasticNet,2,4,9,8684,1,0.9888,1
Logistic_Regression_ElasticNet,2,4,9,8743,1,0.9814,1
Logistic_Regression_ElasticNet,2,4,9,8076,0,0.6726,1
Decision_Tree,2,4,9,8470,0,0.0,0
Decision_Tree,2,4,9,8360,1,1.0,1
Decision_Tree,2,4,9,8001,0,0.0,0
Decision_Tree,2,4,9,8979,1,1.0,1
Decision_Tree,2,4,9,8233,1,1.0,1
Decision_Tree,2,4,9,8198,0,0.0,0
Decision_Tree,2,4,9,8159,1,1.0,1
Decision_Tree,2,4,9,8028,0,0.0,0
Decision_Tree,2,4,9,8196,1,1.0,1
Decision_Tree,2,4,9,8799,0,0.2,0
Decision_Tree,2,4,9,8623,0,0.0,0
Decision_Tree,2,4,9,8745,1,0.8,1
Decision_Tree,2,4,9,8756,0,1.0,1
Decision_Tree,2,4,9,8317,1,0.8,1
Decision_Tree,2,4,9,8679,1,1.0,1
Decision_Tree,2,4,9,8628,0,0.0,0
Decision_Tree,2,4,9,8712,1,1.0,1
Decision_Tree,2,4,9,8092,0,0.2,0
Decision_Tree,2,4,9,8198,1,1.0,1
Decision_Tree,2,4,9,8064,0,0.0,0
Decision_Tree,2,4,9,8585,0,0.0,0
Decision_Tree,2,4,9,8769,0,0.0,0
Decision_Tree,2,4,9,8631,0,0.0,0
Decision_Tree,2,4,9,8239,0,0.0,0
Decision_Tree,2,4,9,8396,1,1.0,1
Decision_Tree,2,4,9,8887,0,0.6,1
Decision_Tree,2,4,9,8190,1,1.0,1
Decision_Tree,2,4,9,8173,1,1.0,1
Decision_Tree,2,4,9,8591,1,1.0,1
Decision_Tree,2,4,9,8887,1,1.0,1
Decision_Tree,2,4,9,8684,1,1.0,1
Decision_Tree,2,4,9,8743,1,1.0,1
Decision_Tree,2,4,9,8076,0,0.0,0
Random_Forest,2,4,9,8470,0,0.0,0
Random_Forest,2,4,9,8360,1,0.9471,1
Random_Forest,2,4,9,8001,0,0.2847,0
Random_Forest,2,4,9,8979,1,0.9734,1
Random_Forest,2,4,9,8233,1,0.9561,1
Random_Forest,2,4,9,8198,0,0.196,0
Random_Forest,2,4,9,8159,1,0.9481,1
Random_Forest,2,4,9,8028,0,0.0011,0
Random_Forest,2,4,9,8196,1,0.9684,1
Random_Forest,2,4,9,8799,0,0.205,0
Random_Forest,2,4,9,8623,0,0.1512,0
Random_Forest,2,4,9,8745,1,0.4688,0
Random_Forest,2,4,9,8756,0,0.5738,1
Random_Forest,2,4,9,8317,1,0.4411,0
Random_Forest,2,4,9,8679,1,0.9516,1
Random_Forest,2,4,9,8628,0,0.1337,0
Random_Forest,2,4,9,8712,1,0.9567,1
Random_Forest,2,4,9,8092,0,0.044,0
Random_Forest,2,4,9,8198,1,0.9471,1
Random_Forest,2,4,9,8064,0,0.0018,0
Random_Forest,2,4,9,8585,0,0.0628,0
Random_Forest,2,4,9,8769,0,0.0,0
Random_Forest,2,4,9,8631,0,0.0568,0
Random_Forest,2,4,9,8239,0,0.0113,0
Random_Forest,2,4,9,8396,1,0.9542,1
Random_Forest,2,4,9,8887,0,0.4172,0
Random_Forest,2,4,9,8190,1,0.9272,1
Random_Forest,2,4,9,8173,1,0.9638,1
Random_Forest,2,4,9,8591,1,0.9662,1
Random_Forest,2,4,9,8887,1,0.9693,1
Random_Forest,2,4,9,8684,1,0.9501,1
Random_Forest,2,4,9,8743,1,0.9581,1
Random_Forest,2,4,9,8076,0,0.2313,0
Gradient_Boosting,2,4,9,8470,0,0.0423,0
Gradient_Boosting,2,4,9,8360,1,0.9325,1
Gradient_Boosting,2,4,9,8001,0,0.2551,0
Gradient_Boosting,2,4,9,8979,1,0.9325,1
Gradient_Boosting,2,4,9,8233,1,0.9325,1
Gradient_Boosting,2,4,9,8198,0,0.0814,0
Gradient_Boosting,2,4,9,8159,1,0.9277,1
Gradient_Boosting,2,4,9,8028,0,0.0392,0
Gradient_Boosting,2,4,9,8196,1,0.9325,1
Gradient_Boosting,2,4,9,8799,0,0.1165,0
Gradient_Boosting,2,4,9,8623,0,0.0221,0
Gradient_Boosting,2,4,9,8745,1,0.4246,0
Gradient_Boosting,2,4,9,8756,0,0.8681,1
Gradient_Boosting,2,4,9,8317,1,0.4427,0
Gradient_Boosting,2,4,9,8679,1,0.9277,1
Gradient_Boosting,2,4,9,8628,0,0.0206,0
Gradient_Boosting,2,4,9,8712,1,0.9325,1
Gradient_Boosting,2,4,9,8092,0,0.1029,0
Gradient_Boosting,2,4,9,8198,1,0.9325,1
Gradient_Boosting,2,4,9,8064,0,0.0423,0
Gradient_Boosting,2,4,9,8585,0,0.0202,0
Gradient_Boosting,2,4,9,8769,0,0.0423,0
Gradient_Boosting,2,4,9,8631,0,0.0574,0
Gradient_Boosting,2,4,9,8239,0,0.0392,0
Gradient_Boosting,2,4,9,8396,1,0.9325,1
Gradient_Boosting,2,4,9,8887,0,0.4761,0
Gradient_Boosting,2,4,9,8190,1,0.9325,1
Gradient_Boosting,2,4,9,8173,1,0.9325,1
Gradient_Boosting,2,4,9,8591,1,0.9325,1
Gradient_Boosting,2,4,9,8887,1,0.9325,1
Gradient_Boosting,2,4,9,8684,1,0.9277,1
Gradient_Boosting,2,4,9,8743,1,0.9325,1
Gradient_Boosting,2,4,9,8076,0,0.1796,0
Baseline_Majority,2,5,10,8120,1,0.5308,1
Baseline_Majority,2,5,10,8063,0,0.5308,1
Baseline_Majority,2,5,10,8596,1,0.5308,1
Baseline_Majority,2,5,10,8776,0,0.5308,1
Baseline_Majority,2,5,10,8897,0,0.5308,1
Baseline_Majority,2,5,10,8104,0,0.5308,1
Baseline_Majority,2,5,10,8312,0,0.5308,1
Baseline_Majority,2,5,10,8667,0,0.5308,1
Baseline_Majority,2,5,10,8898,0,0.5308,1
Baseline_Majority,2,5,10,8863,1,0.5308,1
Baseline_Majority,2,5,10,8069,1,0.5308,1
Baseline_Majority,2,5,10,8819,1,0.5308,1
Baseline_Majority,2,5,10,8131,1,0.5308,1
Baseline_Majority,2,5,10,8341,1,0.5308,1
Baseline_Majority,2,5,10,8445,1,0.5308,1
Baseline_Majority,2,5,10,8301,0,0.5308,1
Baseline_Majority,2,5,10,8956,0,0.5308,1
Baseline_Majority,2,5,10,8112,1,0.5308,1
Baseline_Majority,2,5,10,8161,1,0.5308,1
Baseline_Majority,2,5,10,8933,0,0.5308,1
Baseline_Majority,2,5,10,8598,1,0.5308,1
Baseline_Majority,2,5,10,8511,0,0.5308,1
Baseline_Majority,2,5,10,8301,1,0.5308,1
Baseline_Majority,2,5,10,8357,0,0.5308,1
Baseline_Majority,2,5,10,8567,0,0.5308,1
Baseline_Majority,2,5,10,8722,1,0.5308,1
Baseline_Majority,2,5,10,8011,1,0.5308,1
Baseline_Majority,2,5,10,8521,1,0.5308,1
Baseline_Majority,2,5,10,8865,0,0.5308,1
Baseline_Majority,2,5,10,8638,0,0.5308,1
Baseline_Majority,2,5,10,8894,1,0.5308,1
Logistic_Regression_L2,2,5,10,8120,1,0.3038,0
Logistic_Regression_L2,2,5,10,8063,0,0.0012,0
Logistic_Regression_L2,2,5,10,8596,1,0.7581,1
Logistic_Regression_L2,2,5,10,8776,0,0.0025,0
Logistic_Regression_L2,2,5,10,8897,0,0.2788,0
Logistic_Regression_L2,2,5,10,8104,0,0.0317,0
Logistic_Regression_L2,2,5,10,8312,0,0.0021,0
Logistic_Regression_L2,2,5,10,8667,0,0.0004,0
Logistic_Regression_L2,2,5,10,8898,0,0.0024,0
Logistic_Regression_L2,2,5,10,8863,1,0.9968,1
Logistic_Regression_L2,2,5,10,8069,1,0.8191,1
Logistic_Regression_L2,2,5,10,8819,1,0.9964,1
Logistic_Regression_L2,2,5,10,8131,1,0.9978,1
Logistic_Regression_L2,2,5,10,8341,1,0.9674,1
Logistic_Regression_L2,2,5,10,8445,1,0.9558,1
Logistic_Regression_L2,2,5,10,8301,0,0.1345,0
Logistic_Regression_L2,2,5,10,8956,0,0.0006,0
Logistic_Regression_L2,2,5,10,8112,1,0.9775,1
Logistic_Regression_L2,2,5,10,8161,1,0.7728,1
Logistic_Regression_L2,2,5,10,8933,0,0.0511,0
Logistic_Regression_L2,2,5,10,8598,1,0.8315,1
Logistic_Regression_L2,2,5,10,8511,0,0.2249,0
Logistic_Regression_L2,2,5,10,8301,1,0.7835,1
Logistic_Regression_L2,2,5,10,8357,0,0.9193,1
Logistic_Regression_L2,2,5,10,8567,0,0.0002,0
Logistic_Regression_L2,2,5,10,8722,1,0.7516,1
Logistic_Regression_L2,2,5,10,8011,1,0.8903,1
Logistic_Regression_L2,2,5,10,8521,1,0.9208,1
Logistic_Regression_L2,2,5,10,8865,0,0.7991,1
Logistic_Regression_L2,2,5,10,8638,0,0.4605,0
Logistic_Regression_L2,2,5,10,8894,1,0.845,1
Logistic_Regression_L1,2,5,10,8120,1,0.2768,0
Logistic_Regression_L1,2,5,10,8063,0,0.0003,0
Logistic_Regression_L1,2,5,10,8596,1,0.781,1
Logistic_Regression_L1,2,5,10,8776,0,0.0005,0
Logistic_Regression_L1,2,5,10,8897,0,0.2459,0
Logistic_Regression_L1,2,5,10,8104,0,0.0136,0
Logistic_Regression_L1,2,5,10,8312,0,0.0008,0
Logistic_Regression_L1,2,5,10,8667,0,0.0001,0
Logistic_Regression_L1,2,5,10,8898,0,0.0011,0
Logistic_Regression_L1,2,5,10,8863,1,0.9986,1
Logistic_Regression_L1,2,5,10,8069,1,0.8467,1
Logistic_Regression_L1,2,5,10,8819,1,0.9985,1
Logistic_Regression_L1,2,5,10,8131,1,0.9991,1
Logistic_Regression_L1,2,5,10,8341,1,0.9802,1
Logistic_Regression_L1,2,5,10,8445,1,0.9656,1
Logistic_Regression_L1,2,5,10,8301,0,0.1161,0
Logistic_Regression_L1,2,5,10,8956,0,0.0001,0
Logistic_Regression_L1,2,5,10,8112,1,0.9855,1
Logistic_Regression_L1,2,5,10,8161,1,0.7732,1
Logistic_Regression_L1,2,5,10,8933,0,0.0262,0
Logistic_Regression_L1,2,5,10,8598,1,0.8636,1
Logistic_Regression_L1,2,5,10,8511,0,0.1339,0
Logistic_Regression_L1,2,5,10,8301,1,0.7817,1
Logistic_Regression_L1,2,5,10,8357,0,0.9648,1
Logistic_Regression_L1,2,5,10,8567,0,0.0,0
Logistic_Regression_L1,2,5,10,8722,1,0.7978,1
Logistic_Regression_L1,2,5,10,8011,1,0.9169,1
Logistic_Regression_L1,2,5,10,8521,1,0.9331,1
Logistic_Regression_L1,2,5,10,8865,0,0.7557,1
Logistic_Regression_L1,2,5,10,8638,0,0.4938,0
Logistic_Regression_L1,2,5,10,8894,1,0.8568,1
Logistic_Regression_ElasticNet,2,5,10,8120,1,0.296,0
Logistic_Regression_ElasticNet,2,5,10,8063,0,0.0007,0
Logistic_Regression_ElasticNet,2,5,10,8596,1,0.7667,1
Logistic_Regression_ElasticNet,2,5,10,8776,0,0.0014,0
Logistic_Regression_ElasticNet,2,5,10,8897,0,0.2688,0
Logistic_Regression_ElasticNet,2,5,10,8104,0,0.0233,0
Logistic_Regression_ElasticNet,2,5,10,8312,0,0.0015,0
Logistic_Regression_ElasticNet,2,5,10,8667,0,0.0002,0
Logistic_Regression_ElasticNet,2,5,10,8898,0,0.0019,0
Logistic_Regression_ElasticNet,2,5,10,8863,1,0.9976,1
Logistic_Regression_ElasticNet,2,5,10,8069,1,0.8285,1
Logistic_Regression_ElasticNet,2,5,10,8819,1,0.9973,1
Logistic_Regression_ElasticNet,2,5,10,8131,1,0.9984,1
Logistic_Regression_ElasticNet,2,5,10,8341,1,0.9727,1
Logistic_Regression_ElasticNet,2,5,10,8445,1,0.959,1
Logistic_Regression_ElasticNet,2,5,10,8301,0,0.1289,0
Logistic_Regression_ElasticNet,2,5,10,8956,0,0.0003,0
Logistic_Regression_ElasticNet,2,5,10,8112,1,0.9807,1
Logistic_Regression_ElasticNet,2,5,10,8161,1,0.7719,1
Logistic_Regression_ElasticNet,2,5,10,8933,0,0.0403,0
Logistic_Regression_ElasticNet,2,5,10,8598,1,0.845,1
Logistic_Regression_ElasticNet,2,5,10,8511,0,0.1849,0
Logistic_Regression_ElasticNet,2,5,10,8301,1,0.7823,1
Logistic_Regression_ElasticNet,2,5,10,8357,0,0.9413,1
Logistic_Regression_ElasticNet,2,5,10,8567,0,0.0001,0
Logistic_Regression_ElasticNet,2,5,10,8722,1,0.7693,1
Logistic_Regression_ElasticNet,2,5,10,8011,1,0.9004,1
Logistic_Regression_ElasticNet,2,5,10,8521,1,0.9256,1
Logistic_Regression_ElasticNet,2,5,10,8865,0,0.7815,1
Logistic_Regression_ElasticNet,2,5,10,8638,0,0.4703,0
Logistic_Regression_ElasticNet,2,5,10,8894,1,0.8488,1
Decision_Tree,2,5,10,8120,1,0.0,0
Decision_Tree,2,5,10,8063,0,0.0,0
Decision_Tree,2,5,10,8596,1,1.0,1
Decision_Tree,2,5,10,8776,0,0.0,0
Decision_Tree,2,5,10,8897,0,0.625,1
Decision_Tree,2,5,10,8104,0,0.0,0
Decision_Tree,2,5,10,8312,0,0.0,0
Decision_Tree,2,5,10,8667,0,0.0,0
Decision_Tree,2,5,10,8898,0,0.0,0
Decision_Tree,2,5,10,8863,1,0.8667,1
Decision_Tree,2,5,10,8069,1,1.0,1
Decision_Tree,2,5,10,8819,1,1.0,1
Decision_Tree,2,5,10,8131,1,0.8667,1
Decision_Tree,2,5,10,8341,1,1.0,1
Decision_Tree,2,5,10,8445,1,0.2,0
Decision_Tree,2,5,10,8301,0,0.0,0
Decision_Tree,2,5,10,8956,0,0.0,0
Decision_Tree,2,5,10,8112,1,1.0,1
Decision_Tree,2,5,10,8161,1,0.625,1
Decision_Tree,2,5,10,8933,0,0.0,0
Decision_Tree,2,5,10,8598,1,1.0,1
Decision_Tree,2,5,10,8511,0,0.0,0
Decision_Tree,2,5,10,8301,1,1.0,1
Decision_Tree,2,5,10,8357,0,1.0,1
Decision_Tree,2,5,10,8567,0,0.0,0
Decision_Tree,2,5,10,8722,1,0.625,1
Decision_Tree,2,5,10,8011,1,1.0,1
Decision_Tree,2,5,10,8521,1,0.8667,1
Decision_Tree,2,5,10,8865,0,0.0,0
Decision_Tree,2,5,10,8638,0,0.0,0
Decision_Tree,2,5,10,8894,1,1.0,1
Random_Forest,2,5,10,8120,1,0.4035,0
Random_Forest,2,5,10,8063,0,0.0157,0
Random_Forest,2,5,10,8596,1,0.8639,1
Random_Forest,2,5,10,8776,0,0.0455,0
Random_Forest,2,5,10,8897,0,0.5637,1
Random_Forest,2,5,10,8104,0,0.1006,0
Random_Forest,2,5,10,8312,0,0.0168,0
Random_Forest,2,5,10,8667,0,0.0,0
Random_Forest,2,5,10,8898,0,0.0014,0
Random_Forest,2,5,10,8863,1,0.8776,1
Random_Forest,2,5,10,8069,1,0.9402,1
Random_Forest,2,5,10,8819,1,0.9438,1
Random_Forest,2,5,10,8131,1,0.9063,1
Random_Forest,2,5,10,8341,1,0.9733,1
Random_Forest,2,5,10,8445,1,0.6668,1
Random_Forest,2,5,10,8301,0,0.1775,0
Random_Forest,2,5,10,8956,0,0.0493,0
Random_Forest,2,5,10,8112,1,0.9669,1
Random_Forest,2,5,10,8161,1,0.6608,1
Random_Forest,2,5,10,8933,0,0.1835,0
Random_Forest,2,5,10,8598,1,0.7357,1
Random_Forest,2,5,10,8511,0,0.1372,0
Random_Forest,2,5,10,8301,1,0.9201,1
Random_Forest,2,5,10,8357,0,0.3504,0
Random_Forest,2,5,10,8567,0,0.0056,0
Random_Forest,2,5,10,8722,1,0.4267,0
Random_Forest,2,5,10,8011,1,0.9609,1
Random_Forest,2,5,10,8521,1,0.9264,1
Random_Forest,2,5,10,8865,0,0.2869,0
Random_Forest,2,5,10,8638,0,0.089,0
Random_Forest,2,5,10,8894,1,0.9699,1
Gradient_Boosting,2,5,10,8120,1,0.2463,0
Gradient_Boosting,2,5,10,8063,0,0.0586,0
Gradient_Boosting,2,5,10,8596,1,0.9253,1
Gradient_Boosting,2,5,10,8776,0,0.0661,0
Gradient_Boosting,2,5,10,8897,0,0.6141,1
Gradient_Boosting,2,5,10,8104,0,0.0947,0
Gradient_Boosting,2,5,10,8312,0,0.065,0
Gradient_Boosting,2,5,10,8667,0,0.0586,0
Gradient_Boosting,2,5,10,8898,0,0.0587,0
Gradient_Boosting,2,5,10,8863,1,0.9205,1
Gradient_Boosting,2,5,10,8069,1,0.9253,1
Gradient_Boosting,2,5,10,8819,1,0.9253,1
Gradient_Boosting,2,5,10,8131,1,0.9205,1
Gradient_Boosting,2,5,10,8341,1,0.9253,1
Gradient_Boosting,2,5,10,8445,1,0.7939,1
Gradient_Boosting,2,5,10,8301,0,0.2462,0
Gradient_Boosting,2,5,10,8956,0,0.0451,0
Gradient_Boosting,2,5,10,8112,1,0.9253,1
Gradient_Boosting,2,5,10,8161,1,0.6603,1
Gradient_Boosting,2,5,10,8933,0,0.0969,0
Gradient_Boosting,2,5,10,8598,1,0.8825,1
Gradient_Boosting,2,5,10,8511,0,0.0695,0
Gradient_Boosting,2,5,10,8301,1,0.9253,1
Gradient_Boosting,2,5,10,8357,0,0.2427,0
Gradient_Boosting,2,5,10,8567,0,0.0497,0
Gradient_Boosting,2,5,10,8722,1,0.4714,0
Gradient_Boosting,2,5,10,8011,1,0.9253,1
Gradient_Boosting,2,5,10,8521,1,0.9205,1
Gradient_Boosting,2,5,10,8865,0,0.3176,0
Gradient_Boosting,2,5,10,8638,0,0.0764,0
Gradient_Boosting,2,5,10,8894,1,0.9253,1
Baseline_Majority,3,1,11,8951,0,0.5271,1
Baseline_Majority,3,1,11,8360,1,0.5271,1
Baseline_Majority,3,1,11,8233,1,0.5271,1
Baseline_Majority,3,1,11,8776,0,0.5271,1
Baseline_Majority,3,1,11,8128,0,0.5271,1
Baseline_Majority,3,1,11,8444,0,0.5271,1
Baseline_Majority,3,1,11,8228,0,0.5271,1
Baseline_Majority,3,1,11,8881,0,0.5271,1
Baseline_Majority,3,1,11,8611,1,0.5271,1
Baseline_Majority,3,1,11,8623,0,0.5271,1
Baseline_Majority,3,1,11,8308,0,0.5271,1
Baseline_Majority,3,1,11,8640,1,0.5271,1
Baseline_Majority,3,1,11,8212,1,0.5271,1
Baseline_Majority,3,1,11,8228,0,0.5271,1
Baseline_Majority,3,1,11,8308,1,0.5271,1
Baseline_Majority,3,1,11,8546,0,0.5271,1
Baseline_Majority,3,1,11,8657,1,0.5271,1
Baseline_Majority,3,1,11,8498,0,0.5271,1
Baseline_Majority,3,1,11,8800,1,0.5271,1
Baseline_Majority,3,1,11,8190,1,0.5271,1
Baseline_Majority,3,1,11,8933,0,0.5271,1
Baseline_Majority,3,1,11,8598,1,0.5271,1
Baseline_Majority,3,1,11,8725,1,0.5271,1
Baseline_Majority,3,1,11,8333,1,0.5271,1
Baseline_Majority,3,1,11,8722,1,0.5271,1
Baseline_Majority,3,1,11,8558,0,0.5271,1
Baseline_Majority,3,1,11,8121,0,0.5271,1
Baseline_Majority,3,1,11,8764,1,0.5271,1
Baseline_Majority,3,1,11,8862,1,0.5271,1
Baseline_Majority,3,1,11,8638,0,0.5271,1
Baseline_Majority,3,1,11,8261,1,0.5271,1
Baseline_Majority,3,1,11,8427,1,0.5271,1
Logistic_Regression_L2,3,1,11,8951,0,0.1382,0
Logistic_Regression_L2,3,1,11,8360,1,0.7865,1
Logistic_Regression_L2,3,1,11,8233,1,0.8613,1
Logistic_Regression_L2,3,1,11,8776,0,0.0086,0
Logistic_Regression_L2,3,1,11,8128,0,0.0089,0
Logistic_Regression_L2,3,1,11,8444,0,0.0001,0
Logistic_Regression_L2,3,1,11,8228,0,0.0126,0
Logistic_Regression_L2,3,1,11,8881,0,0.5086,1
Logistic_Regression_L2,3,1,11,8611,1,0.911,1
Logistic_Regression_L2,3,1,11,8623,0,0.2689,0
Logistic_Regression_L2,3,1,11,8308,0,0.3586,0
Logistic_Regression_L2,3,1,11,8640,1,0.9491,1
Logistic_Regression_L2,3,1,11,8212,1,0.9439,1
Logistic_Regression_L2,3,1,11,8228,0,0.066,0
Logistic_Regression_L2,3,1,11,8308,1,0.9389,1
Logistic_Regression_L2,3,1,11,8546,0,0.0046,0
Logistic_Regression_L2,3,1,11,8657,1,0.968,1
Logistic_Regression_L2,3,1,11,8498,0,0.3447,0
Logistic_Regression_L2,3,1,11,8800,1,0.8998,1
Logistic_Regression_L2,3,1,11,8190,1,0.9304,1
Logistic_Regression_L2,3,1,11,8933,0,0.1125,0
Logistic_Regression_L2,3,1,11,8598,1,0.7682,1
Logistic_Regression_L2,3,1,11,8725,1,0.8708,1
Logistic_Regression_L2,3,1,11,8333,1,0.7671,1
Logistic_Regression_L2,3,1,11,8722,1,0.7111,1
Logistic_Regression_L2,3,1,11,8558,0,0.0043,0
Logistic_Regression_L2,3,1,11,8121,0,0.7663,1
Logistic_Regression_L2,3,1,11,8764,1,0.8043,1
Logistic_Regression_L2,3,1,11,8862,1,0.4197,0
Logistic_Regression_L2,3,1,11,8638,0,0.5525,1
Logistic_Regression_L2,3,1,11,8261,1,0.6108,1
Logistic_Regression_L2,3,1,11,8427,1,0.9629,1
Logistic_Regression_L1,3,1,11,8951,0,0.0881,0
Logistic_Regression_L1,3,1,11,8360,1,0.8194,1
Logistic_Regression_L1,3,1,11,8233,1,0.8707,1
Logistic_Regression_L1,3,1,11,8776,0,0.0035,0
Logistic_Regression_L1,3,1,11,8128,0,0.004,0
Logistic_Regression_L1,3,1,11,8444,0,0.0,0
Logistic_Regression_L1,3,1,11,8228,0,0.0068,0
Logistic_Regression_L1,3,1,11,8881,0,0.527,1
Logistic_Regression_L1,3,1,11,8611,1,0.9251,1
Logistic_Regression_L1,3,1,11,8623,0,0.2643,0
Logistic_Regression_L1,3,1,11,8308,0,0.2707,0
Logistic_Regression_L1,3,1,11,8640,1,0.9557,1
Logistic_Regression_L1,3,1,11,8212,1,0.9551,1
Logistic_Regression_L1,3,1,11,8228,0,0.0339,0
Logistic_Regression_L1,3,1,11,8308,1,0.9551,1
Logistic_Regression_L1,3,1,11,8546,0,0.0016,0
Logistic_Regression_L1,3,1,11,8657,1,0.9753,1
Logistic_Regression_L1,3,1,11,8498,0,0.3438,0
Logistic_Regression_L1,3,1,11,8800,1,0.9175,1
Logistic_Regression_L1,3,1,11,8190,1,0.9484,1
Logistic_Regression_L1,3,1,11,8933,0,0.0852,0
Logistic_Regression_L1,3,1,11,8598,1,0.7806,1
Logistic_Regression_L1,3,1,11,8725,1,0.9,1
Logistic_Regression_L1,3,1,11,8333,1,0.806,1
Logistic_Regression_L1,3,1,11,8722,1,0.7362,1
Logistic_Regression_L1,3,1,11,8558,0,0.0013,0
Logistic_Regression_L1,3,1,11,8121,0,0.7531,1
Logistic_Regression_L1,3,1,11,8764,1,0.8374,1
Logistic_Regression_L1,3,1,11,8862,1,0.3786,0
Logistic_Regression_L1,3,1,11,8638,0,0.6098,1
Logistic_Regression_L1,3,1,11,8261,1,0.611,1
Logistic_Regression_L1,3,1,11,8427,1,0.9699,1
Logistic_Regression_ElasticNet,3,1,11,8951,0,0.1159,0
Logistic_Regression_ElasticNet,3,1,11,8360,1,0.8006,1
Logistic_Regression_ElasticNet,3,1,11,8233,1,0.8648,1
Logistic_Regression_ElasticNet,3,1,11,8776,0,0.0061,0
Logistic_Regression_ElasticNet,3,1,11,8128,0,0.0066,0
Logistic_Regression_ElasticNet,3,1,11,8444,0,0.0001,0
Logistic_Regression_ElasticNet,3,1,11,8228,0,0.01,0
Logistic_Regression_ElasticNet,3,1,11,8881,0,0.5159,1
Logistic_Regression_ElasticNet,3,1,11,8611,1,0.9166,1
Logistic_Regression_ElasticNet,3,1,11,8623,0,0.2673,0
Logistic_Regression_ElasticNet,3,1,11,8308,0,0.3244,0
Logistic_Regression_ElasticNet,3,1,11,8640,1,0.952,1
Logistic_Regression_ElasticNet,3,1,11,8212,1,0.9484,1
Logistic_Regression_ElasticNet,3,1,11,8228,0,0.0513,0
Logistic_Regression_ElasticNet,3,1,11,8308,1,0.9458,1
Logistic_Regression_ElasticNet,3,1,11,8546,0,0.0031,0
Logistic_Regression_ElasticNet,3,1,11,8657,1,0.9711,1
Logistic_Regression_ElasticNet,3,1,11,8498,0,0.3435,0
Logistic_Regression_ElasticNet,3,1,11,8800,1,0.9072,1
Logistic_Regression_ElasticNet,3,1,11,8190,1,0.9382,1
Logistic_Regression_ElasticNet,3,1,11,8933,0,0.1013,0
Logistic_Regression_ElasticNet,3,1,11,8598,1,0.7741,1
Logistic_Regression_ElasticNet,3,1,11,8725,1,0.8833,1
Logistic_Regression_ElasticNet,3,1,11,8333,1,0.7819,1
Logistic_Regression_ElasticNet,3,1,11,8722,1,0.7206,1
Logistic_Regression_ElasticNet,3,1,11,8558,0,0.0028,0
Logistic_Regression_ElasticNet,3,1,11,8121,0,0.7596,1
Logistic_Regression_ElasticNet,3,1,11,8764,1,0.8173,1
Logistic_Regression_ElasticNet,3,1,11,8862,1,0.4042,0
Logistic_Regression_ElasticNet,3,1,11,8638,0,0.5723,1
Logistic_Regression_ElasticNet,3,1,11,8261,1,0.6105,1
Logistic_Regression_ElasticNet,3,1,11,8427,1,0.9656,1
Decision_Tree,3,1,11,8951,0,0.0,0
Decision_Tree,3,1,11,8360,1,0.9565,1
Decision_Tree,3,1,11,8233,1,0.9565,1
Decision_Tree,3,1,11,8776,0,0.0,0
Decision_Tree,3,1,11,8128,0,0.0,0
Decision_Tree,3,1,11,8444,0,0.0,0
Decision_Tree,3,1,11,8228,0,0.0,0
Decision_Tree,3,1,11,8881,0,0.0,0
Decision_Tree,3,1,11,8611,1,0.9565,1
Decision_Tree,3,1,11,8623,0,0.0,0
Decision_Tree,3,1,11,8308,0,0.9565,1
Decision_Tree,3,1,11,8640,1,0.9565,1
Decision_Tree,3,1,11,8212,1,0.9565,1
Decision_Tree,3,1,11,8228,0,0.0,0
Decision_Tree,3,1,11,8308,1,0.9565,1
Decision_Tree,3,1,11,8546,0,0.0,0
Decision_Tree,3,1,11,8657,1,0.9565,1
Decision_Tree,3,1,11,8498,0,0.0,0
Decision_Tree,3,1,11,8800,1,0.9565,1
Decision_Tree,3,1,11,8190,1,0.3333,0
Decision_Tree,3,1,11,8933,0,0.0,0
Decision_Tree,3,1,11,8598,1,0.9565,1
Decision_Tree,3,1,11,8725,1,0.9565,1
Decision_Tree,3,1,11,8333,1,0.3333,0
Decision_Tree,3,1,11,8722,1,0.9565,1
Decision_Tree,3,1,11,8558,0,0.0,0
Decision_Tree,3,1,11,8121,0,0.0,0
Decision_Tree,3,1,11,8764,1,0.3333,0
Decision_Tree,3,1,11,8862,1,0.9565,1
Decision_Tree,3,1,11,8638,0,0.0,0
Decision_Tree,3,1,11,8261,1,0.9565,1
Decision_Tree,3,1,11,8427,1,0.9565,1
Random_Forest,3,1,11,8951,0,0.0831,0
Random_Forest,3,1,11,8360,1,0.942,1
Random_Forest,3,1,11,8233,1,0.9679,1
Random_Forest,3,1,11,8776,0,0.0329,0
Random_Forest,3,1,11,8128,0,0.016,0
Random_Forest,3,1,11,8444,0,0.0,0
Random_Forest,3,1,11,8228,0,0.0181,0
Random_Forest,3,1,11,8881,0,0.2371,0
Random_Forest,3,1,11,8611,1,0.9726,1
Random_Forest,3,1,11,8623,0,0.1256,0
Random_Forest,3,1,11,8308,0,0.5448,1
Random_Forest,3,1,11,8640,1,0.9386,1
Random_Forest,3,1,11,8212,1,0.9724,1
Random_Forest,3,1,11,8228,0,0.113,0
Random_Forest,3,1,11,8308,1,0.9569,1
Random_Forest,3,1,11,8546,0,0.0743,0
Random_Forest,3,1,11,8657,1,0.9529,1
Random_Forest,3,1,11,8498,0,0.2361,0
Random_Forest,3,1,11,8800,1,0.9701,1
Random_Forest,3,1,11,8190,1,0.8157,1
Random_Forest,3,1,11,8933,0,0.1914,0
Random_Forest,3,1,11,8598,1,0.7266,1
Random_Forest,3,1,11,8725,1,0.91,1
Random_Forest,3,1,11,8333,1,0.6619,1
Random_Forest,3,1,11,8722,1,0.33,0
Random_Forest,3,1,11,8558,0,0.0195,0
Random_Forest,3,1,11,8121,0,0.2779,0
Random_Forest,3,1,11,8764,1,0.8064,1
Random_Forest,3,1,11,8862,1,0.7421,1
Random_Forest,3,1,11,8638,0,0.0758,0
Random_Forest,3,1,11,8261,1,0.7679,1
Random_Forest,3,1,11,8427,1,0.7271,1
Gradient_Boosting,3,1,11,8951,0,0.0625,0
Gradient_Boosting,3,1,11,8360,1,0.8895,1
Gradient_Boosting,3,1,11,8233,1,0.9227,1
Gradient_Boosting,3,1,11,8776,0,0.0675,0
Gradient_Boosting,3,1,11,8128,0,0.0947,0
Gradient_Boosting,3,1,11,8444,0,0.0465,0
Gradient_Boosting,3,1,11,8228,0,0.0465,0
Gradient_Boosting,3,1,11,8881,0,0.155,0
Gradient_Boosting,3,1,11,8611,1,0.9227,1
Gradient_Boosting,3,1,11,8623,0,0.0819,0
Gradient_Boosting,3,1,11,8308,0,0.5793,1
Gradient_Boosting,3,1,11,8640,1,0.9227,1
Gradient_Boosting,3,1,11,8212,1,0.9227,1
Gradient_Boosting,3,1,11,8228,0,0.1499,0
Gradient_Boosting,3,1,11,8308,1,0.9227,1
Gradient_Boosting,3,1,11,8546,0,0.0995,0
Gradient_Boosting,3,1,11,8657,1,0.9227,1
Gradient_Boosting,3,1,11,8498,0,0.155,0
Gradient_Boosting,3,1,11,8800,1,0.9227,1
Gradient_Boosting,3,1,11,8190,1,0.8823,1
Gradient_Boosting,3,1,11,8933,0,0.1289,0
Gradient_Boosting,3,1,11,8598,1,0.854,1
Gradient_Boosting,3,1,11,8725,1,0.8895,1
Gradient_Boosting,3,1,11,8333,1,0.8414,1
Gradient_Boosting,3,1,11,8722,1,0.456,0
Gradient_Boosting,3,1,11,8558,0,0.055,0
Gradient_Boosting,3,1,11,8121,0,0.3226,0
Gradient_Boosting,3,1,11,8764,1,0.8823,1
Gradient_Boosting,3,1,11,8862,1,0.9026,1
Gradient_Boosting,3,1,11,8638,0,0.0631,0
Gradient_Boosting,3,1,11,8261,1,0.9026,1
Gradient_Boosting,3,1,11,8427,1,0.7327,1
Baseline_Majority,3,2,12,8796,0,0.5271,1
Baseline_Majority,3,2,12,8979,1,0.5271,1
Baseline_Majority,3,2,12,8196,1,0.5271,1
Baseline_Majority,3,2,12,8225,1,0.5271,1
Baseline_Majority,3,2,12,8799,0,0.5271,1
Baseline_Majority,3,2,12,8667,0,0.5271,1
Baseline_Majority,3,2,12,8605,1,0.5271,1
Baseline_Majority,3,2,12,8819,1,0.5271,1
Baseline_Majority,3,2,12,8905,0,0.5271,1
Baseline_Majority,3,2,12,8086,0,0.5271,1
Baseline_Majority,3,2,12,8679,1,0.5271,1
Baseline_Majority,3,2,12,8712,1,0.5271,1
Baseline_Majority,3,2,12,8112,1,0.5271,1
Baseline_Majority,3,2,12,8694,1,0.5271,1
Baseline_Majority,3,2,12,8585,0,0.5271,1
Baseline_Majority,3,2,12,8161,1,0.5271,1
Baseline_Majority,3,2,12,8239,0,0.5271,1
Baseline_Majority,3,2,12,8288,0,0.5271,1
Baseline_Majority,3,2,12,8887,0,0.5271,1
Baseline_Majority,3,2,12,8309,1,0.5271,1
Baseline_Majority,3,2,12,8511,0,0.5271,1
Baseline_Majority,3,2,12,8567,0,0.5271,1
Baseline_Majority,3,2,12,8520,0,0.5271,1
Baseline_Majority,3,2,12,8380,1,0.5271,1
Baseline_Majority,3,2,12,8192,0,0.5271,1
Baseline_Majority,3,2,12,8887,1,0.5271,1
Baseline_Majority,3,2,12,8521,1,0.5271,1
Baseline_Majority,3,2,12,8684,1,0.5271,1
Baseline_Majority,3,2,12,8447,1,0.5271,1
Baseline_Majority,3,2,12,8753,1,0.5271,1
Baseline_Majority,3,2,12,8281,0,0.5271,1
Baseline_Majority,3,2,12,8729,0,0.5271,1
Logistic_Regression_L2,3,2,12,8796,0,0.0006,0
Logistic_Regression_L2,3,2,12,8979,1,0.9962,1
Logistic_Regression_L2,3,2,12,8196,1,0.9963,1
Logistic_Regression_L2,3,2,12,8225,1,0.9266,1
Logistic_Regression_L2,3,2,12,8799,0,0.1271,0
Logistic_Regression_L2,3,2,12,8667,0,0.0004,0
Logistic_Regression_L2,3,2,12,8605,1,0.9888,1
Logistic_Regression_L2,3,2,12,8819,1,0.9947,1
Logistic_Regression_L2,3,2,12,8905,0,0.0019,0
Logistic_Regression_L2,3,2,12,8086,0,0.8654,1
Logistic_Regression_L2,3,2,12,8679,1,0.9735,1
Logistic_Regression_L2,3,2,12,8712,1,0.978,1
Logistic_Regression_L2,3,2,12,8112,1,0.9751,1
Logistic_Regression_L2,3,2,12,8694,1,0.8828,1
Logistic_Regression_L2,3,2,12,8585,0,0.0257,0
Logistic_Regression_L2,3,2,12,8161,1,0.7804,1
Logistic_Regression_L2,3,2,12,8239,0,0.001,0
Logistic_Regression_L2,3,2,12,8288,0,0.0264,0
Logistic_Regression_L2,3,2,12,8887,0,0.4468,0
Logistic_Regression_L2,3,2,12,8309,1,0.5327,1
Logistic_Regression_L2,3,2,12,8511,0,0.2214,0
Logistic_Regression_L2,3,2,12,8567,0,0.0004,0
Logistic_Regression_L2,3,2,12,8520,0,0.011,0
Logistic_Regression_L2,3,2,12,8380,1,0.919,1
Logistic_Regression_L2,3,2,12,8192,0,0.4601,0
Logistic_Regression_L2,3,2,12,8887,1,0.9416,1
Logistic_Regression_L2,3,2,12,8521,1,0.9375,1
Logistic_Regression_L2,3,2,12,8684,1,0.9841,1
Logistic_Regression_L2,3,2,12,8447,1,0.9986,1
Logistic_Regression_L2,3,2,12,8753,1,0.9957,1
Logistic_Regression_L2,3,2,12,8281,0,0.0535,0
Logistic_Regression_L2,3,2,12,8729,0,0.0043,0
Logistic_Regression_L1,3,2,12,8796,0,0.0002,0
Logistic_Regression_L1,3,2,12,8979,1,0.9978,1
Logistic_Regression_L1,3,2,12,8196,1,0.9979,1
Logistic_Regression_L1,3,2,12,8225,1,0.9427,1
Logistic_Regression_L1,3,2,12,8799,0,0.0746,0
Logistic_Regression_L1,3,2,12,8667,0,0.0002,0
Logistic_Regression_L1,3,2,12,8605,1,0.9914,1
Logistic_Regression_L1,3,2,12,8819,1,0.9966,1
Logistic_Regression_L1,3,2,12,8905,0,0.0012,0
Logistic_Regression_L1,3,2,12,8086,0,0.8896,1
Logistic_Regression_L1,3,2,12,8679,1,0.9785,1
Logistic_Regression_L1,3,2,12,8712,1,0.9837,1
Logistic_Regression_L1,3,2,12,8112,1,0.9805,1
Logistic_Regression_L1,3,2,12,8694,1,0.8769,1
Logistic_Regression_L1,3,2,12,8585,0,0.0247,0
Logistic_Regression_L1,3,2,12,8161,1,0.7749,1
Logistic_Regression_L1,3,2,12,8239,0,0.0003,0
Logistic_Regression_L1,3,2,12,8288,0,0.0182,0
Logistic_Regression_L1,3,2,12,8887,0,0.5558,1
Logistic_Regression_L1,3,2,12,8309,1,0.4721,0
Logistic_Regression_L1,3,2,12,8511,0,0.1439,0
Logistic_Regression_L1,3,2,12,8567,0,0.0002,0
Logistic_Regression_L1,3,2,12,8520,0,0.0085,0
Logistic_Regression_L1,3,2,12,8380,1,0.9301,1
Logistic_Regression_L1,3,2,12,8192,0,0.3872,0
Logistic_Regression_L1,3,2,12,8887,1,0.9532,1
Logistic_Regression_L1,3,2,12,8521,1,0.9475,1
Logistic_Regression_L1,3,2,12,8684,1,0.9884,1
Logistic_Regression_L1,3,2,12,8447,1,0.9992,1
Logistic_Regression_L1,3,2,12,8753,1,0.9976,1
Logistic_Regression_L1,3,2,12,8281,0,0.0301,0
Logistic_Regression_L1,3,2,12,8729,0,0.0014,0
Logistic_Regression_ElasticNet,3,2,12,8796,0,0.0004,0
Logistic_Regression_ElasticNet,3,2,12,8979,1,0.9969,1
Logistic_Regression_ElasticNet,3,2,12,8196,1,0.997,1
Logistic_Regression_ElasticNet,3,2,12,8225,1,0.9333,1
Logistic_Regression_ElasticNet,3,2,12,8799,0,0.1023,0
Logistic_Regression_ElasticNet,3,2,12,8667,0,0.0003,0
Logistic_Regression_ElasticNet,3,2,12,8605,1,0.9897,1
Logistic_Regression_ElasticNet,3,2,12,8819,1,0.9955,1
Logistic_Regression_ElasticNet,3,2,12,8905,0,0.0016,0
Logistic_Regression_ElasticNet,3,2,12,8086,0,0.8762,1
Logistic_Regression_ElasticNet,3,2,12,8679,1,0.9755,1
Logistic_Regression_ElasticNet,3,2,12,8712,1,0.9803,1
Logistic_Regression_ElasticNet,3,2,12,8112,1,0.9773,1
Logistic_Regression_ElasticNet,3,2,12,8694,1,0.8793,1
Logistic_Regression_ElasticNet,3,2,12,8585,0,0.0255,0
Logistic_Regression_ElasticNet,3,2,12,8161,1,0.7774,1
Logistic_Regression_ElasticNet,3,2,12,8239,0,0.0006,0
Logistic_Regression_ElasticNet,3,2,12,8288,0,0.023,0
Logistic_Regression_ElasticNet,3,2,12,8887,0,0.4936,0
Logistic_Regression_ElasticNet,3,2,12,8309,1,0.5069,1
Logistic_Regression_ElasticNet,3,2,12,8511,0,0.1858,0
Logistic_Regression_ElasticNet,3,2,12,8567,0,0.0003,0
Logistic_Regression_ElasticNet,3,2,12,8520,0,0.0101,0
Logistic_Regression_ElasticNet,3,2,12,8380,1,0.9229,1
Logistic_Regression_ElasticNet,3,2,12,8192,0,0.4317,0
Logistic_Regression_ElasticNet,3,2,12,8887,1,0.9464,1
Logistic_Regression_ElasticNet,3,2,12,8521,1,0.9417,1
Logistic_Regression_ElasticNet,3,2,12,8684,1,0.9858,1
Logistic_Regression_ElasticNet,3,2,12,8447,1,0.9989,1
Logistic_Regression_ElasticNet,3,2,12,8753,1,0.9965,1
Logistic_Regression_ElasticNet,3,2,12,8281,0,0.0429,0
Logistic_Regression_ElasticNet,3,2,12,8729,0,0.0027,0
Decision_Tree,3,2,12,8796,0,0.0,0
Decision_Tree,3,2,12,8979,1,0.9692,1
Decision_Tree,3,2,12,8196,1,0.9692,1
Decision_Tree,3,2,12,8225,1,0.9692,1
Decision_Tree,3,2,12,8799,0,0.0,0
Decision_Tree,3,2,12,8667,0,0.0,0
Decision_Tree,3,2,12,8605,1,0.9692,1
Decision_Tree,3,2,12,8819,1,0.9692,1
Decision_Tree,3,2,12,8905,0,0.0,0
Decision_Tree,3,2,12,8086,0,0.9692,1
Decision_Tree,3,2,12,8679,1,0.9692,1
Decision_Tree,3,2,12,8712,1,0.9692,1
Decision_Tree,3,2,12,8112,1,0.9692,1
Decision_Tree,3,2,12,8694,1,0.9692,1
Decision_Tree,3,2,12,8585,0,0.0,0
Decision_Tree,3,2,12,8161,1,0.9692,1
Decision_Tree,3,2,12,8239,0,0.0,0
Decision_Tree,3,2,12,8288,0,0.0,0
Decision_Tree,3,2,12,8887,0,0.625,1
Decision_Tree,3,2,12,8309,1,0.9692,1
Decision_Tree,3,2,12,8511,0,0.0,0
Decision_Tree,3,2,12,8567,0,0.0,0
Decision_Tree,3,2,12,8520,0,0.0,0
Decision_Tree,3,2,12,8380,1,0.9692,1
Decision_Tree,3,2,12,8192,0,0.9692,1
Decision_Tree,3,2,12,8887,1,0.9692,1
Decision_Tree,3,2,12,8521,1,0.9692,1
Decision_Tree,3,2,12,8684,1,0.9692,1
Decision_Tree,3,2,12,8447,1,0.9692,1
Decision_Tree,3,2,12,8753,1,0.9692,1
Decision_Tree,3,2,12,8281,0,0.0,0
Decision_Tree,3,2,12,8729,0,0.0,0
Random_Forest,3,2,12,8796,0,0.0145,0
Random_Forest,3,2,12,8979,1,0.9606,1
Random_Forest,3,2,12,8196,1,0.9703,1
Random_Forest,3,2,12,8225,1,0.9499,1
Random_Forest,3,2,12,8799,0,0.1628,0
Random_Forest,3,2,12,8667,0,0.0151,0
Random_Forest,3,2,12,8605,1,0.8956,1
Random_Forest,3,2,12,8819,1,0.9456,1
Random_Forest,3,2,12,8905,0,0.0207,0
Random_Forest,3,2,12,8086,0,0.7011,1
Random_Forest,3,2,12,8679,1,0.9436,1
Random_Forest,3,2,12,8712,1,0.9528,1
Random_Forest,3,2,12,8112,1,0.9585,1
Random_Forest,3,2,12,8694,1,0.816,1
Random_Forest,3,2,12,8585,0,0.0523,0
Random_Forest,3,2,12,8161,1,0.6658,1
Random_Forest,3,2,12,8239,0,0.031,0
Random_Forest,3,2,12,8288,0,0.1186,0
Random_Forest,3,2,12,8887,0,0.3455,0
Random_Forest,3,2,12,8309,1,0.5177,1
Random_Forest,3,2,12,8511,0,0.1387,0
Random_Forest,3,2,12,8567,0,0.0025,0
Random_Forest,3,2,12,8520,0,0.1175,0
Random_Forest,3,2,12,8380,1,0.9238,1
Random_Forest,3,2,12,8192,0,0.5224,1
Random_Forest,3,2,12,8887,1,0.9653,1
Random_Forest,3,2,12,8521,1,0.9203,1
Random_Forest,3,2,12,8684,1,0.9485,1
Random_Forest,3,2,12,8447,1,0.8423,1
Random_Forest,3,2,12,8753,1,0.953,1
Random_Forest,3,2,12,8281,0,0.0322,0
Random_Forest,3,2,12,8729,0,0.0503,0
Gradient_Boosting,3,2,12,8796,0,0.0411,0
Gradient_Boosting,3,2,12,8979,1,0.9199,1
Gradient_Boosting,3,2,12,8196,1,0.9199,1
Gradient_Boosting,3,2,12,8225,1,0.9199,1
Gradient_Boosting,3,2,12,8799,0,0.0601,0
Gradient_Boosting,3,2,12,8667,0,0.0411,0
Gradient_Boosting,3,2,12,8605,1,0.9199,1
Gradient_Boosting,3,2,12,8819,1,0.9199,1
Gradient_Boosting,3,2,12,8905,0,0.044,0
Gradient_Boosting,3,2,12,8086,0,0.7967,1
Gradient_Boosting,3,2,12,8679,1,0.9199,1
Gradient_Boosting,3,2,12,8712,1,0.9199,1
Gradient_Boosting,3,2,12,8112,1,0.9199,1
Gradient_Boosting,3,2,12,8694,1,0.9199,1
Gradient_Boosting,3,2,12,8585,0,0.0268,0
Gradient_Boosting,3,2,12,8161,1,0.7967,1
Gradient_Boosting,3,2,12,8239,0,0.0563,0
Gradient_Boosting,3,2,12,8288,0,0.1316,0
Gradient_Boosting,3,2,12,8887,0,0.5999,1
Gradient_Boosting,3,2,12,8309,1,0.4333,0
Gradient_Boosting,3,2,12,8511,0,0.0601,0
Gradient_Boosting,3,2,12,8567,0,0.0383,0
Gradient_Boosting,3,2,12,8520,0,0.1316,0
Gradient_Boosting,3,2,12,8380,1,0.9199,1
Gradient_Boosting,3,2,12,8192,0,0.7967,1
Gradient_Boosting,3,2,12,8887,1,0.9199,1
Gradient_Boosting,3,2,12,8521,1,0.9199,1
Gradient_Boosting,3,2,12,8684,1,0.9199,1
Gradient_Boosting,3,2,12,8447,1,0.9199,1
Gradient_Boosting,3,2,12,8753,1,0.9199,1
Gradient_Boosting,3,2,12,8281,0,0.0352,0
Gradient_Boosting,3,2,12,8729,0,0.0563,0
Baseline_Majority,3,3,13,8120,1,0.5312,1
Baseline_Majority,3,3,13,8656,1,0.5312,1
Baseline_Majority,3,3,13,8063,0,0.5312,1
Baseline_Majority,3,3,13,8778,1,0.5312,1
Baseline_Majority,3,3,13,8001,0,0.5312,1
Baseline_Majority,3,3,13,8198,0,0.5312,1
Baseline_Majority,3,3,13,8083,1,0.5312,1
Baseline_Majority,3,3,13,8168,1,0.5312,1
Baseline_Majority,3,3,13,8159,1,0.5312,1
Baseline_Majority,3,3,13,8028,0,0.5312,1
Baseline_Majority,3,3,13,8051,1,0.5312,1
Baseline_Majority,3,3,13,8312,0,0.5312,1
Baseline_Majority,3,3,13,8898,0,0.5312,1
Baseline_Majority,3,3,13,8880,1,0.5312,1
Baseline_Majority,3,3,13,8884,0,0.5312,1
Baseline_Majority,3,3,13,8756,0,0.5312,1
Baseline_Majority,3,3,13,8131,1,0.5312,1
Baseline_Majority,3,3,13,8342,1,0.5312,1
Baseline_Majority,3,3,13,8445,1,0.5312,1
Baseline_Majority,3,3,13,8859,0,0.5312,1
Baseline_Majority,3,3,13,8628,0,0.5312,1
Baseline_Majority,3,3,13,8301,0,0.5312,1
Baseline_Majority,3,3,13,8209,0,0.5312,1
Baseline_Majority,3,3,13,8198,1,0.5312,1
Baseline_Majority,3,3,13,8656,1,0.5312,1
Baseline_Majority,3,3,13,8919,1,0.5312,1
Baseline_Majority,3,3,13,8631,0,0.5312,1
Baseline_Majority,3,3,13,8508,0,0.5312,1
Baseline_Majority,3,3,13,8301,1,0.5312,1
Baseline_Majority,3,3,13,8591,1,0.5312,1
Baseline_Majority,3,3,13,8609,0,0.5312,1
Baseline_Majority,3,3,13,8865,0,0.5312,1
Baseline_Majority,3,3,13,8743,1,0.5312,1
Logistic_Regression_L2,3,3,13,8120,1,0.2186,0
Logistic_Regression_L2,3,3,13,8656,1,0.29,0
Logistic_Regression_L2,3,3,13,8063,0,0.0007,0
Logistic_Regression_L2,3,3,13,8778,1,0.9805,1
Logistic_Regression_L2,3,3,13,8001,0,0.6779,1
Logistic_Regression_L2,3,3,13,8198,0,0.1002,0
Logistic_Regression_L2,3,3,13,8083,1,0.7693,1
Logistic_Regression_L2,3,3,13,8168,1,0.9453,1
Logistic_Regression_L2,3,3,13,8159,1,0.9082,1
Logistic_Regression_L2,3,3,13,8028,0,0.0004,0
Logistic_Regression_L2,3,3,13,8051,1,0.9909,1
Logistic_Regression_L2,3,3,13,8312,0,0.0008,0
Logistic_Regression_L2,3,3,13,8898,0,0.0009,0
Logistic_Regression_L2,3,3,13,8880,1,0.9969,1
Logistic_Regression_L2,3,3,13,8884,0,0.0004,0
Logistic_Regression_L2,3,3,13,8756,0,0.9456,1
Logistic_Regression_L2,3,3,13,8131,1,0.9988,1
Logistic_Regression_L2,3,3,13,8342,1,0.7998,1
Logistic_Regression_L2,3,3,13,8445,1,0.967,1
Logistic_Regression_L2,3,3,13,8859,0,0.0228,0
Logistic_Regression_L2,3,3,13,8628,0,0.0306,0
Logistic_Regression_L2,3,3,13,8301,0,0.0909,0
Logistic_Regression_L2,3,3,13,8209,0,0.0003,0
Logistic_Regression_L2,3,3,13,8198,1,0.9477,1
Logistic_Regression_L2,3,3,13,8656,1,0.8607,1
Logistic_Regression_L2,3,3,13,8919,1,0.9686,1
Logistic_Regression_L2,3,3,13,8631,0,0.002,0
Logistic_Regression_L2,3,3,13,8508,0,0.0,0
Logistic_Regression_L2,3,3,13,8301,1,0.8371,1
Logistic_Regression_L2,3,3,13,8591,1,0.9989,1
Logistic_Regression_L2,3,3,13,8609,0,0.0017,0
Logistic_Regression_L2,3,3,13,8865,0,0.8608,1
Logistic_Regression_L2,3,3,13,8743,1,0.9843,1
Logistic_Regression_L1,3,3,13,8120,1,0.1673,0
Logistic_Regression_L1,3,3,13,8656,1,0.2533,0
Logistic_Regression_L1,3,3,13,8063,0,0.0001,0
Logistic_Regression_L1,3,3,13,8778,1,0.9907,1
Logistic_Regression_L1,3,3,13,8001,0,0.6772,1
Logistic_Regression_L1,3,3,13,8198,0,0.0437,0
Logistic_Regression_L1,3,3,13,8083,1,0.812,1
Logistic_Regression_L1,3,3,13,8168,1,0.9653,1
Logistic_Regression_L1,3,3,13,8159,1,0.9291,1
Logistic_Regression_L1,3,3,13,8028,0,0.0001,0
Logistic_Regression_L1,3,3,13,8051,1,0.9963,1
Logistic_Regression_L1,3,3,13,8312,0,0.0002,0
Logistic_Regression_L1,3,3,13,8898,0,0.0002,0
Logistic_Regression_L1,3,3,13,8880,1,0.9991,1
Logistic_Regression_L1,3,3,13,8884,0,0.0001,0
Logistic_Regression_L1,3,3,13,8756,0,0.9733,1
Logistic_Regression_L1,3,3,13,8131,1,0.9997,1
Logistic_Regression_L1,3,3,13,8342,1,0.8247,1
Logistic_Regression_L1,3,3,13,8445,1,0.9805,1
Logistic_Regression_L1,3,3,13,8859,0,0.0075,0
Logistic_Regression_L1,3,3,13,8628,0,0.0126,0
Logistic_Regression_L1,3,3,13,8301,0,0.0649,0
Logistic_Regression_L1,3,3,13,8209,0,0.0001,0
Logistic_Regression_L1,3,3,13,8198,1,0.9706,1
Logistic_Regression_L1,3,3,13,8656,1,0.8965,1
Logistic_Regression_L1,3,3,13,8919,1,0.9833,1
Logistic_Regression_L1,3,3,13,8631,0,0.0005,0
Logistic_Regression_L1,3,3,13,8508,0,0.0,0
Logistic_Regression_L1,3,3,13,8301,1,0.8627,1
Logistic_Regression_L1,3,3,13,8591,1,0.9997,1
Logistic_Regression_L1,3,3,13,8609,0,0.0004,0
Logistic_Regression_L1,3,3,13,8865,0,0.8708,1
Logistic_Regression_L1,3,3,13,8743,1,0.9931,1
Logistic_Regression_ElasticNet,3,3,13,8120,1,0.2006,0
Logistic_Regression_ElasticNet,3,3,13,8656,1,0.2785,0
Logistic_Regression_ElasticNet,3,3,13,8063,0,0.0004,0
Logistic_Regression_ElasticNet,3,3,13,8778,1,0.9849,1
Logistic_Regression_ElasticNet,3,3,13,8001,0,0.6796,1
Logistic_Regression_ElasticNet,3,3,13,8198,0,0.0754,0
Logistic_Regression_ElasticNet,3,3,13,8083,1,0.7859,1
Logistic_Regression_ElasticNet,3,3,13,8168,1,0.9533,1
Logistic_Regression_ElasticNet,3,3,13,8159,1,0.9162,1
Logistic_Regression_ElasticNet,3,3,13,8028,0,0.0002,0
Logistic_Regression_ElasticNet,3,3,13,8051,1,0.9933,1
Logistic_Regression_ElasticNet,3,3,13,8312,0,0.0005,0
Logistic_Regression_ElasticNet,3,3,13,8898,0,0.0006,0
Logistic_Regression_ElasticNet,3,3,13,8880,1,0.998,1
Logistic_Regression_ElasticNet,3,3,13,8884,0,0.0002,0
Logistic_Regression_ElasticNet,3,3,13,8756,0,0.9578,1
Logistic_Regression_ElasticNet,3,3,13,8131,1,0.9992,1
Logistic_Regression_ElasticNet,3,3,13,8342,1,0.8089,1
Logistic_Regression_ElasticNet,3,3,13,8445,1,0.9721,1
Logistic_Regression_ElasticNet,3,3,13,8859,0,0.0154,0
Logistic_Regression_ElasticNet,3,3,13,8628,0,0.0224,0
Logistic_Regression_ElasticNet,3,3,13,8301,0,0.0817,0
Logistic_Regression_ElasticNet,3,3,13,8209,0,0.0002,0
Logistic_Regression_ElasticNet,3,3,13,8198,1,0.9572,1
Logistic_Regression_ElasticNet,3,3,13,8656,1,0.8743,1
Logistic_Regression_ElasticNet,3,3,13,8919,1,0.9748,1
Logistic_Regression_ElasticNet,3,3,13,8631,0,0.0012,0
Logistic_Regression_ElasticNet,3,3,13,8508,0,0.0,0
Logistic_Regression_ElasticNet,3,3,13,8301,1,0.8458,1
Logistic_Regression_ElasticNet,3,3,13,8591,1,0.9993,1
Logistic_Regression_ElasticNet,3,3,13,8609,0,0.001,0
Logistic_Regression_ElasticNet,3,3,13,8865,0,0.8623,1
Logistic_Regression_ElasticNet,3,3,13,8743,1,0.9882,1
Decision_Tree,3,3,13,8120,1,0.0,0
Decision_Tree,3,3,13,8656,1,0.9677,1
Decision_Tree,3,3,13,8063,0,0.0,0
Decision_Tree,3,3,13,8778,1,0.9677,1
Decision_Tree,3,3,13,8001,0,0.0,0
Decision_Tree,3,3,13,8198,0,0.0,0
Decision_Tree,3,3,13,8083,1,0.9677,1
Decision_Tree,3,3,13,8168,1,0.9677,1
Decision_Tree,3,3,13,8159,1,0.9677,1
Decision_Tree,3,3,13,8028,0,0.0,0
Decision_Tree,3,3,13,8051,1,0.9677,1
Decision_Tree,3,3,13,8312,0,0.0,0
Decision_Tree,3,3,13,8898,0,0.0,0
Decision_Tree,3,3,13,8880,1,0.9677,1
Decision_Tree,3,3,13,8884,0,0.0,0
Decision_Tree,3,3,13,8756,0,0.9677,1
Decision_Tree,3,3,13,8131,1,0.9677,1
Decision_Tree,3,3,13,8342,1,0.9677,1
Decision_Tree,3,3,13,8445,1,0.2,0
Decision_Tree,3,3,13,8859,0,0.0,0
Decision_Tree,3,3,13,8628,0,0.2,0
Decision_Tree,3,3,13,8301,0,0.0,0
Decision_Tree,3,3,13,8209,0,0.0,0
Decision_Tree,3,3,13,8198,1,0.9677,1
Decision_Tree,3,3,13,8656,1,0.9677,1
Decision_Tree,3,3,13,8919,1,0.9677,1
Decision_Tree,3,3,13,8631,0,0.0,0
Decision_Tree,3,3,13,8508,0,0.0,0
Decision_Tree,3,3,13,8301,1,0.9677,1
Decision_Tree,3,3,13,8591,1,0.9677,1
Decision_Tree,3,3,13,8609,0,0.0,0
Decision_Tree,3,3,13,8865,0,0.2,0
Decision_Tree,3,3,13,8743,1,0.9677,1
Random_Forest,3,3,13,8120,1,0.392,0
Random_Forest,3,3,13,8656,1,0.7367,1
Random_Forest,3,3,13,8063,0,0.0276,0
Random_Forest,3,3,13,8778,1,0.9706,1
Random_Forest,3,3,13,8001,0,0.283,0
Random_Forest,3,3,13,8198,0,0.2376,0
Random_Forest,3,3,13,8083,1,0.8602,1
Random_Forest,3,3,13,8168,1,0.9621,1
Random_Forest,3,3,13,8159,1,0.9484,1
Random_Forest,3,3,13,8028,0,0.0048,0
Random_Forest,3,3,13,8051,1,0.9779,1
Random_Forest,3,3,13,8312,0,0.0095,0
Random_Forest,3,3,13,8898,0,0.0039,0
Random_Forest,3,3,13,8880,1,0.8584,1
Random_Forest,3,3,13,8884,0,0.0056,0
Random_Forest,3,3,13,8756,0,0.5999,1
Random_Forest,3,3,13,8131,1,0.9468,1
Random_Forest,3,3,13,8342,1,0.9197,1
Random_Forest,3,3,13,8445,1,0.6808,1
Random_Forest,3,3,13,8859,0,0.061,0
Random_Forest,3,3,13,8628,0,0.0959,0
Random_Forest,3,3,13,8301,0,0.2204,0
Random_Forest,3,3,13,8209,0,0.0309,0
Random_Forest,3,3,13,8198,1,0.9383,1
Random_Forest,3,3,13,8656,1,0.9779,1
Random_Forest,3,3,13,8919,1,0.9621,1
Random_Forest,3,3,13,8631,0,0.0731,0
Random_Forest,3,3,13,8508,0,0.0002,0
Random_Forest,3,3,13,8301,1,0.927,1
Random_Forest,3,3,13,8591,1,0.9717,1
Random_Forest,3,3,13,8609,0,0.0079,0
Random_Forest,3,3,13,8865,0,0.3116,0
Random_Forest,3,3,13,8743,1,0.9514,1
Gradient_Boosting,3,3,13,8120,1,0.1595,0
Gradient_Boosting,3,3,13,8656,1,0.9063,1
Gradient_Boosting,3,3,13,8063,0,0.0837,0
Gradient_Boosting,3,3,13,8778,1,0.9348,1
Gradient_Boosting,3,3,13,8001,0,0.1831,0
Gradient_Boosting,3,3,13,8198,0,0.0727,0
Gradient_Boosting,3,3,13,8083,1,0.9052,1
Gradient_Boosting,3,3,13,8168,1,0.9348,1
Gradient_Boosting,3,3,13,8159,1,0.9348,1
Gradient_Boosting,3,3,13,8028,0,0.0393,0
Gradient_Boosting,3,3,13,8051,1,0.9348,1
Gradient_Boosting,3,3,13,8312,0,0.0781,0
Gradient_Boosting,3,3,13,8898,0,0.0429,0
Gradient_Boosting,3,3,13,8880,1,0.9052,1
Gradient_Boosting,3,3,13,8884,0,0.0429,0
Gradient_Boosting,3,3,13,8756,0,0.8629,1
Gradient_Boosting,3,3,13,8131,1,0.9348,1
Gradient_Boosting,3,3,13,8342,1,0.9348,1
Gradient_Boosting,3,3,13,8445,1,0.8232,1
Gradient_Boosting,3,3,13,8859,0,0.0393,0
Gradient_Boosting,3,3,13,8628,0,0.0357,0
Gradient_Boosting,3,3,13,8301,0,0.4009,0
Gradient_Boosting,3,3,13,8209,0,0.043,0
Gradient_Boosting,3,3,13,8198,1,0.9348,1
Gradient_Boosting,3,3,13,8656,1,0.9348,1
Gradient_Boosting,3,3,13,8919,1,0.9348,1
Gradient_Boosting,3,3,13,8631,0,0.0623,0
Gradient_Boosting,3,3,13,8508,0,0.0781,0
Gradient_Boosting,3,3,13,8301,1,0.9348,1
Gradient_Boosting,3,3,13,8591,1,0.9348,1
Gradient_Boosting,3,3,13,8609,0,0.0781,0
Gradient_Boosting,3,3,13,8865,0,0.3839,0
Gradient_Boosting,3,3,13,8743,1,0.9348,1
Baseline_Majority,3,4,14,8596,1,0.5308,1
Baseline_Majority,3,4,14,8897,0,0.5308,1
Baseline_Majority,3,4,14,8959,0,0.5308,1
Baseline_Majority,3,4,14,8484,0,0.5308,1
Baseline_Majority,3,4,14,8104,0,0.5308,1
Baseline_Majority,3,4,14,8863,1,0.5308,1
Baseline_Majority,3,4,14,8489,1,0.5308,1
Baseline_Majority,3,4,14,8736,1,0.5308,1
Baseline_Majority,3,4,14,8317,1,0.5308,1
Baseline_Majority,3,4,14,8341,1,0.5308,1
Baseline_Majority,3,4,14,8676,1,0.5308,1
Baseline_Majority,3,4,14,8972,1,0.5308,1
Baseline_Majority,3,4,14,8230,1,0.5308,1
Baseline_Majority,3,4,14,8956,0,0.5308,1
Baseline_Majority,3,4,14,8540,1,0.5308,1
Baseline_Majority,3,4,14,8064,0,0.5308,1
Baseline_Majority,3,4,14,8396,1,0.5308,1
Baseline_Majority,3,4,14,8355,1,0.5308,1
Baseline_Majority,3,4,14,8417,0,0.5308,1
Baseline_Majority,3,4,14,8357,0,0.5308,1
Baseline_Majority,3,4,14,8089,1,0.5308,1
Baseline_Majority,3,4,14,8173,1,0.5308,1
Baseline_Majority,3,4,14,8835,0,0.5308,1
Baseline_Majority,3,4,14,8011,1,0.5308,1
Baseline_Majority,3,4,14,8372,0,0.5308,1
Baseline_Majority,3,4,14,8543,0,0.5308,1
Baseline_Majority,3,4,14,8076,0,0.5308,1
Baseline_Majority,3,4,14,8489,0,0.5308,1
Baseline_Majority,3,4,14,8221,1,0.5308,1
Baseline_Majority,3,4,14,8061,0,0.5308,1
Baseline_Majority,3,4,14,8090,0,0.5308,1
Logistic_Regression_L2,3,4,14,8596,1,0.7015,1
Logistic_Regression_L2,3,4,14,8897,0,0.2928,0
Logistic_Regression_L2,3,4,14,8959,0,0.0759,0
Logistic_Regression_L2,3,4,14,8484,0,0.0501,0
Logistic_Regression_L2,3,4,14,8104,0,0.0911,0
Logistic_Regression_L2,3,4,14,8863,1,0.9952,1
Logistic_Regression_L2,3,4,14,8489,1,0.9899,1
Logistic_Regression_L2,3,4,14,8736,1,0.8992,1
Logistic_Regression_L2,3,4,14,8317,1,0.6056,1
Logistic_Regression_L2,3,4,14,8341,1,0.9647,1
Logistic_Regression_L2,3,4,14,8676,1,0.9241,1
Logistic_Regression_L2,3,4,14,8972,1,0.9946,1
Logistic_Regression_L2,3,4,14,8230,1,0.6587,1
Logistic_Regression_L2,3,4,14,8956,0,0.0006,0
Logistic_Regression_L2,3,4,14,8540,1,0.8993,1
Logistic_Regression_L2,3,4,14,8064,0,0.0,0
Logistic_Regression_L2,3,4,14,8396,1,0.9254,1
Logistic_Regression_L2,3,4,14,8355,1,0.9524,1
Logistic_Regression_L2,3,4,14,8417,0,0.0006,0
Logistic_Regression_L2,3,4,14,8357,0,0.9637,1
Logistic_Regression_L2,3,4,14,8089,1,0.9605,1
Logistic_Regression_L2,3,4,14,8173,1,0.7913,1
Logistic_Regression_L2,3,4,14,8835,0,0.0215,0
Logistic_Regression_L2,3,4,14,8011,1,0.8909,1
Logistic_Regression_L2,3,4,14,8372,0,0.0008,0
Logistic_Regression_L2,3,4,14,8543,0,0.0037,0
Logistic_Regression_L2,3,4,14,8076,0,0.6998,1
Logistic_Regression_L2,3,4,14,8489,0,0.0002,0
Logistic_Regression_L2,3,4,14,8221,1,0.9938,1
Logistic_Regression_L2,3,4,14,8061,0,0.5225,1
Logistic_Regression_L2,3,4,14,8090,0,0.0002,0
Logistic_Regression_L1,3,4,14,8596,1,0.7121,1
Logistic_Regression_L1,3,4,14,8897,0,0.2617,0
Logistic_Regression_L1,3,4,14,8959,0,0.0495,0
Logistic_Regression_L1,3,4,14,8484,0,0.0343,0
Logistic_Regression_L1,3,4,14,8104,0,0.0577,0
Logistic_Regression_L1,3,4,14,8863,1,0.9977,1
Logistic_Regression_L1,3,4,14,8489,1,0.9948,1
Logistic_Regression_L1,3,4,14,8736,1,0.9197,1
Logistic_Regression_L1,3,4,14,8317,1,0.5736,1
Logistic_Regression_L1,3,4,14,8341,1,0.9777,1
Logistic_Regression_L1,3,4,14,8676,1,0.953,1
Logistic_Regression_L1,3,4,14,8972,1,0.9976,1
Logistic_Regression_L1,3,4,14,8230,1,0.6631,1
Logistic_Regression_L1,3,4,14,8956,0,0.0001,0
Logistic_Regression_L1,3,4,14,8540,1,0.9226,1
Logistic_Regression_L1,3,4,14,8064,0,0.0,0
Logistic_Regression_L1,3,4,14,8396,1,0.9415,1
Logistic_Regression_L1,3,4,14,8355,1,0.9678,1
Logistic_Regression_L1,3,4,14,8417,0,0.0001,0
Logistic_Regression_L1,3,4,14,8357,0,0.9864,1
Logistic_Regression_L1,3,4,14,8089,1,0.9742,1
Logistic_Regression_L1,3,4,14,8173,1,0.8133,1
Logistic_Regression_L1,3,4,14,8835,0,0.013,0
Logistic_Regression_L1,3,4,14,8011,1,0.9163,1
Logistic_Regression_L1,3,4,14,8372,0,0.0001,0
Logistic_Regression_L1,3,4,14,8543,0,0.0018,0
Logistic_Regression_L1,3,4,14,8076,0,0.6776,1
Logistic_Regression_L1,3,4,14,8489,0,0.0001,0
Logistic_Regression_L1,3,4,14,8221,1,0.9966,1
Logistic_Regression_L1,3,4,14,8061,0,0.5521,1
Logistic_Regression_L1,3,4,14,8090,0,0.0,0
Logistic_Regression_ElasticNet,3,4,14,8596,1,0.706,1
Logistic_Regression_ElasticNet,3,4,14,8897,0,0.2841,0
Logistic_Regression_ElasticNet,3,4,14,8959,0,0.0659,0
Logistic_Regression_ElasticNet,3,4,14,8484,0,0.044,0
Logistic_Regression_ElasticNet,3,4,14,8104,0,0.077,0
Logistic_Regression_ElasticNet,3,4,14,8863,1,0.9964,1
Logistic_Regression_ElasticNet,3,4,14,8489,1,0.9921,1
Logistic_Regression_ElasticNet,3,4,14,8736,1,0.9074,1
Logistic_Regression_ElasticNet,3,4,14,8317,1,0.5933,1
Logistic_Regression_ElasticNet,3,4,14,8341,1,0.9702,1
Logistic_Regression_ElasticNet,3,4,14,8676,1,0.9369,1
Logistic_Regression_ElasticNet,3,4,14,8972,1,0.996,1
Logistic_Regression_ElasticNet,3,4,14,8230,1,0.6613,1
Logistic_Regression_ElasticNet,3,4,14,8956,0,0.0003,0
Logistic_Regression_ElasticNet,3,4,14,8540,1,0.9083,1
Logistic_Regression_ElasticNet,3,4,14,8064,0,0.0,0
Logistic_Regression_ElasticNet,3,4,14,8396,1,0.9316,1
Logistic_Regression_ElasticNet,3,4,14,8355,1,0.9588,1
Logistic_Regression_ElasticNet,3,4,14,8417,0,0.0003,0
Logistic_Regression_ElasticNet,3,4,14,8357,0,0.9754,1
Logistic_Regression_ElasticNet,3,4,14,8089,1,0.9662,1
Logistic_Regression_ElasticNet,3,4,14,8173,1,0.8003,1
Logistic_Regression_ElasticNet,3,4,14,8835,0,0.0182,0
Logistic_Regression_ElasticNet,3,4,14,8011,1,0.9008,1
Logistic_Regression_ElasticNet,3,4,14,8372,0,0.0004,0
Logistic_Regression_ElasticNet,3,4,14,8543,0,0.0029,0
Logistic_Regression_ElasticNet,3,4,14,8076,0,0.6851,1
Logistic_Regression_ElasticNet,3,4,14,8489,0,0.0001,0
Logistic_Regression_ElasticNet,3,4,14,8221,1,0.995,1
Logistic_Regression_ElasticNet,3,4,14,8061,0,0.5383,1
Logistic_Regression_ElasticNet,3,4,14,8090,0,0.0001,0
Decision_Tree,3,4,14,8596,1,0.9846,1
Decision_Tree,3,4,14,8897,0,0.9846,1
Decision_Tree,3,4,14,8959,0,0.9846,1
Decision_Tree,3,4,14,8484,0,0.0,0
Decision_Tree,3,4,14,8104,0,0.0,0
Decision_Tree,3,4,14,8863,1,0.5556,1
Decision_Tree,3,4,14,8489,1,0.9846,1
Decision_Tree,3,4,14,8736,1,0.9846,1
Decision_Tree,3,4,14,8317,1,0.9846,1
Decision_Tree,3,4,14,8341,1,0.9846,1
Decision_Tree,3,4,14,8676,1,0.9846,1
Decision_Tree,3,4,14,8972,1,0.9846,1
Decision_Tree,3,4,14,8230,1,0.9846,1
Decision_Tree,3,4,14,8956,0,0.0,0
Decision_Tree,3,4,14,8540,1,0.9846,1
Decision_Tree,3,4,14,8064,0,0.0,0
Decision_Tree,3,4,14,8396,1,0.9846,1
Decision_Tree,3,4,14,8355,1,0.9846,1
Decision_Tree,3,4,14,8417,0,0.0,0
Decision_Tree,3,4,14,8357,0,0.9846,1
Decision_Tree,3,4,14,8089,1,0.5556,1
Decision_Tree,3,4,14,8173,1,0.9846,1
Decision_Tree,3,4,14,8835,0,0.0,0
Decision_Tree,3,4,14,8011,1,0.9846,1
Decision_Tree,3,4,14,8372,0,0.0,0
Decision_Tree,3,4,14,8543,0,0.0,0
Decision_Tree,3,4,14,8076,0,0.0,0
Decision_Tree,3,4,14,8489,0,0.0,0
Decision_Tree,3,4,14,8221,1,0.5556,1
Decision_Tree,3,4,14,8061,0,0.9846,1
Decision_Tree,3,4,14,8090,0,0.0,0
Random_Forest,3,4,14,8596,1,0.9333,1
Random_Forest,3,4,14,8897,0,0.5445,1
Random_Forest,3,4,14,8959,0,0.2168,0
Random_Forest,3,4,14,8484,0,0.0831,0
Random_Forest,3,4,14,8104,0,0.124,0
Random_Forest,3,4,14,8863,1,0.8914,1
Random_Forest,3,4,14,8489,1,0.9523,1
Random_Forest,3,4,14,8736,1,0.9633,1
Random_Forest,3,4,14,8317,1,0.5973,1
Random_Forest,3,4,14,8341,1,0.9749,1
Random_Forest,3,4,14,8676,1,0.9388,1
Random_Forest,3,4,14,8972,1,0.871,1
Random_Forest,3,4,14,8230,1,0.9602,1
Random_Forest,3,4,14,8956,0,0.0115,0
Random_Forest,3,4,14,8540,1,0.9606,1
Random_Forest,3,4,14,8064,0,0.0018,0
Random_Forest,3,4,14,8396,1,0.9611,1
Random_Forest,3,4,14,8355,1,0.9693,1
Random_Forest,3,4,14,8417,0,0.0287,0
Random_Forest,3,4,14,8357,0,0.323,0
Random_Forest,3,4,14,8089,1,0.8963,1
Random_Forest,3,4,14,8173,1,0.9597,1
Random_Forest,3,4,14,8835,0,0.0341,0
Random_Forest,3,4,14,8011,1,0.9606,1
Random_Forest,3,4,14,8372,0,0.0382,0
Random_Forest,3,4,14,8543,0,0.0104,0
Random_Forest,3,4,14,8076,0,0.183,0
Random_Forest,3,4,14,8489,0,0.0114,0
Random_Forest,3,4,14,8221,1,0.911,1
Random_Forest,3,4,14,8061,0,0.723,1
Random_Forest,3,4,14,8090,0,0.0024,0
Gradient_Boosting,3,4,14,8596,1,0.9313,1
Gradient_Boosting,3,4,14,8897,0,0.6371,1
Gradient_Boosting,3,4,14,8959,0,0.2812,0
Gradient_Boosting,3,4,14,8484,0,0.0274,0
Gradient_Boosting,3,4,14,8104,0,0.1482,0
Gradient_Boosting,3,4,14,8863,1,0.9258,1
Gradient_Boosting,3,4,14,8489,1,0.9254,1
Gradient_Boosting,3,4,14,8736,1,0.9313,1
Gradient_Boosting,3,4,14,8317,1,0.6845,1
Gradient_Boosting,3,4,14,8341,1,0.9313,1
Gradient_Boosting,3,4,14,8676,1,0.9313,1
Gradient_Boosting,3,4,14,8972,1,0.9313,1
Gradient_Boosting,3,4,14,8230,1,0.9313,1
Gradient_Boosting,3,4,14,8956,0,0.0392,0
Gradient_Boosting,3,4,14,8540,1,0.9313,1
Gradient_Boosting,3,4,14,8064,0,0.0585,0
Gradient_Boosting,3,4,14,8396,1,0.9313,1
Gradient_Boosting,3,4,14,8355,1,0.9313,1
Gradient_Boosting,3,4,14,8417,0,0.0602,0
Gradient_Boosting,3,4,14,8357,0,0.3946,0
Gradient_Boosting,3,4,14,8089,1,0.9195,1
Gradient_Boosting,3,4,14,8173,1,0.9313,1
Gradient_Boosting,3,4,14,8835,0,0.0609,0
Gradient_Boosting,3,4,14,8011,1,0.9313,1
Gradient_Boosting,3,4,14,8372,0,0.0392,0
Gradient_Boosting,3,4,14,8543,0,0.0561,0
Gradient_Boosting,3,4,14,8076,0,0.1348,0
Gradient_Boosting,3,4,14,8489,0,0.0738,0
Gradient_Boosting,3,4,14,8221,1,0.9258,1
Gradient_Boosting,3,4,14,8061,0,0.9245,1
Gradient_Boosting,3,4,14,8090,0,0.0585,0
Baseline_Majority,3,5,15,8470,0,0.5234,1
Baseline_Majority,3,5,15,8072,0,0.5234,1
Baseline_Majority,3,5,15,8422,1,0.5234,1
Baseline_Majority,3,5,15,8303,0,0.5234,1
Baseline_Majority,3,5,15,8733,0,0.5234,1
Baseline_Majority,3,5,15,8610,0,0.5234,1
Baseline_Majority,3,5,15,8065,0,0.5234,1
Baseline_Majority,3,5,15,8648,0,0.5234,1
Baseline_Majority,3,5,15,8351,0,0.5234,1
Baseline_Majority,3,5,15,8745,1,0.5234,1
Baseline_Majority,3,5,15,8009,1,0.5234,1
Baseline_Majority,3,5,15,8734,1,0.5234,1
Baseline_Majority,3,5,15,8565,1,0.5234,1
Baseline_Majority,3,5,15,8069,1,0.5234,1
Baseline_Majority,3,5,15,8278,1,0.5234,1
Baseline_Majority,3,5,15,8189,0,0.5234,1
Baseline_Majority,3,5,15,8412,0,0.5234,1
Baseline_Majority,3,5,15,8612,1,0.5234,1
Baseline_Majority,3,5,15,8516,1,0.5234,1
Baseline_Majority,3,5,15,8868,1,0.5234,1
Baseline_Majority,3,5,15,8572,0,0.5234,1
Baseline_Majority,3,5,15,8092,0,0.5234,1
Baseline_Majority,3,5,15,8789,0,0.5234,1
Baseline_Majority,3,5,15,8708,1,0.5234,1
Baseline_Majority,3,5,15,8769,0,0.5234,1
Baseline_Majority,3,5,15,8150,0,0.5234,1
Baseline_Majority,3,5,15,8418,1,0.5234,1
Baseline_Majority,3,5,15,8065,1,0.5234,1
Baseline_Majority,3,5,15,8303,1,0.5234,1
Baseline_Majority,3,5,15,8894,1,0.5234,1
Baseline_Majority,3,5,15,8847,1,0.5234,1
Baseline_Majority,3,5,15,8779,1,0.5234,1
Baseline_Majority,3,5,15,8504,1,0.5234,1
Logistic_Regression_L2,3,5,15,8470,0,0.0,0
Logistic_Regression_L2,3,5,15,8072,0,0.0129,0
Logistic_Regression_L2,3,5,15,8422,1,0.9085,1
Logistic_Regression_L2,3,5,15,8303,0,0.2194,0
Logistic_Regression_L2,3,5,15,8733,0,0.2438,0
Logistic_Regression_L2,3,5,15,8610,0,0.0152,0
Logistic_Regression_L2,3,5,15,8065,0,0.0077,0
Logistic_Regression_L2,3,5,15,8648,0,0.0219,0
Logistic_Regression_L2,3,5,15,8351,0,0.0091,0
Logistic_Regression_L2,3,5,15,8745,1,0.8407,1
Logistic_Regression_L2,3,5,15,8009,1,0.8839,1
Logistic_Regression_L2,3,5,15,8734,1,0.8591,1
Logistic_Regression_L2,3,5,15,8565,1,0.9544,1
Logistic_Regression_L2,3,5,15,8069,1,0.7553,1
Logistic_Regression_L2,3,5,15,8278,1,0.7224,1
Logistic_Regression_L2,3,5,15,8189,0,0.0872,0
Logistic_Regression_L2,3,5,15,8412,0,0.0819,0
Logistic_Regression_L2,3,5,15,8612,1,0.771,1
Logistic_Regression_L2,3,5,15,8516,1,0.9285,1
Logistic_Regression_L2,3,5,15,8868,1,0.8394,1
Logistic_Regression_L2,3,5,15,8572,0,0.0331,0
Logistic_Regression_L2,3,5,15,8092,0,0.0063,0
Logistic_Regression_L2,3,5,15,8789,0,0.0572,0
Logistic_Regression_L2,3,5,15,8708,1,0.9682,1
Logistic_Regression_L2,3,5,15,8769,0,0.0004,0
Logistic_Regression_L2,3,5,15,8150,0,0.0149,0
Logistic_Regression_L2,3,5,15,8418,1,0.5386,1
Logistic_Regression_L2,3,5,15,8065,1,0.95,1
Logistic_Regression_L2,3,5,15,8303,1,0.845,1
Logistic_Regression_L2,3,5,15,8894,1,0.809,1
Logistic_Regression_L2,3,5,15,8847,1,0.9823,1
Logistic_Regression_L2,3,5,15,8779,1,0.9763,1
Logistic_Regression_L2,3,5,15,8504,1,0.7597,1
Logistic_Regression_L1,3,5,15,8470,0,0.0,0
Logistic_Regression_L1,3,5,15,8072,0,0.0087,0
Logistic_Regression_L1,3,5,15,8422,1,0.9193,1
Logistic_Regression_L1,3,5,15,8303,0,0.2326,0
Logistic_Regression_L1,3,5,15,8733,0,0.1774,0
Logistic_Regression_L1,3,5,15,8610,0,0.008,0
Logistic_Regression_L1,3,5,15,8065,0,0.0053,0
Logistic_Regression_L1,3,5,15,8648,0,0.0115,0
Logistic_Regression_L1,3,5,15,8351,0,0.0052,0
Logistic_Regression_L1,3,5,15,8745,1,0.8286,1
Logistic_Regression_L1,3,5,15,8009,1,0.9039,1
Logistic_Regression_L1,3,5,15,8734,1,0.8727,1
Logistic_Regression_L1,3,5,15,8565,1,0.9656,1
Logistic_Regression_L1,3,5,15,8069,1,0.7732,1
Logistic_Regression_L1,3,5,15,8278,1,0.7192,1
Logistic_Regression_L1,3,5,15,8189,0,0.07,0
Logistic_Regression_L1,3,5,15,8412,0,0.0524,0
Logistic_Regression_L1,3,5,15,8612,1,0.7961,1
Logistic_Regression_L1,3,5,15,8516,1,0.941,1
Logistic_Regression_L1,3,5,15,8868,1,0.8745,1
Logistic_Regression_L1,3,5,15,8572,0,0.0224,0
Logistic_Regression_L1,3,5,15,8092,0,0.0036,0
Logistic_Regression_L1,3,5,15,8789,0,0.04,0
Logistic_Regression_L1,3,5,15,8708,1,0.9774,1
Logistic_Regression_L1,3,5,15,8769,0,0.0002,0
Logistic_Regression_L1,3,5,15,8150,0,0.0063,0
Logistic_Regression_L1,3,5,15,8418,1,0.5308,1
Logistic_Regression_L1,3,5,15,8065,1,0.9599,1
Logistic_Regression_L1,3,5,15,8303,1,0.8573,1
Logistic_Regression_L1,3,5,15,8894,1,0.8129,1
Logistic_Regression_L1,3,5,15,8847,1,0.9886,1
Logistic_Regression_L1,3,5,15,8779,1,0.9831,1
Logistic_Regression_L1,3,5,15,8504,1,0.7743,1
Logistic_Regression_ElasticNet,3,5,15,8470,0,0.0,0
Logistic_Regression_ElasticNet,3,5,15,8072,0,0.0112,0
Logistic_Regression_ElasticNet,3,5,15,8422,1,0.9131,1
Logistic_Regression_ElasticNet,3,5,15,8303,0,0.2249,0
Logistic_Regression_ElasticNet,3,5,15,8733,0,0.2164,0
Logistic_Regression_ElasticNet,3,5,15,8610,0,0.0119,0
Logistic_Regression_ElasticNet,3,5,15,8065,0,0.0068,0
Logistic_Regression_ElasticNet,3,5,15,8648,0,0.0172,0
Logistic_Regression_ElasticNet,3,5,15,8351,0,0.0074,0
Logistic_Regression_ElasticNet,3,5,15,8745,1,0.8359,1
Logistic_Regression_ElasticNet,3,5,15,8009,1,0.8922,1
Logistic_Regression_ElasticNet,3,5,15,8734,1,0.8646,1
Logistic_Regression_ElasticNet,3,5,15,8565,1,0.9591,1
Logistic_Regression_ElasticNet,3,5,15,8069,1,0.7615,1
Logistic_Regression_ElasticNet,3,5,15,8278,1,0.7221,1
Logistic_Regression_ElasticNet,3,5,15,8189,0,0.0811,0
Logistic_Regression_ElasticNet,3,5,15,8412,0,0.069,0
Logistic_Regression_ElasticNet,3,5,15,8612,1,0.7814,1
Logistic_Regression_ElasticNet,3,5,15,8516,1,0.9336,1
Logistic_Regression_ElasticNet,3,5,15,8868,1,0.8531,1
Logistic_Regression_ElasticNet,3,5,15,8572,0,0.0286,0
Logistic_Regression_ElasticNet,3,5,15,8092,0,0.0051,0
Logistic_Regression_ElasticNet,3,5,15,8789,0,0.0502,0
Logistic_Regression_ElasticNet,3,5,15,8708,1,0.9721,1
Logistic_Regression_ElasticNet,3,5,15,8769,0,0.0003,0
Logistic_Regression_ElasticNet,3,5,15,8150,0,0.0107,0
Logistic_Regression_ElasticNet,3,5,15,8418,1,0.534,1
Logistic_Regression_ElasticNet,3,5,15,8065,1,0.9541,1
Logistic_Regression_ElasticNet,3,5,15,8303,1,0.8497,1
Logistic_Regression_ElasticNet,3,5,15,8894,1,0.8103,1
Logistic_Regression_ElasticNet,3,5,15,8847,1,0.9852,1
Logistic_Regression_ElasticNet,3,5,15,8779,1,0.9793,1
Logistic_Regression_ElasticNet,3,5,15,8504,1,0.7659,1
Decision_Tree,3,5,15,8470,0,0.0,0
Decision_Tree,3,5,15,8072,0,0.0,0
Decision_Tree,3,5,15,8422,1,0.9836,1
Decision_Tree,3,5,15,8303,0,0.0,0
Decision_Tree,3,5,15,8733,0,0.0,0
Decision_Tree,3,5,15,8610,0,0.0,0
Decision_Tree,3,5,15,8065,0,0.0,0
Decision_Tree,3,5,15,8648,0,0.0,0
Decision_Tree,3,5,15,8351,0,0.0,0
Decision_Tree,3,5,15,8745,1,0.8,1
Decision_Tree,3,5,15,8009,1,0.9836,1
Decision_Tree,3,5,15,8734,1,0.9836,1
Decision_Tree,3,5,15,8565,1,0.9836,1
Decision_Tree,3,5,15,8069,1,0.9836,1
Decision_Tree,3,5,15,8278,1,0.9836,1
Decision_Tree,3,5,15,8189,0,0.4,0
Decision_Tree,3,5,15,8412,0,0.0,0
Decision_Tree,3,5,15,8612,1,0.9836,1
Decision_Tree,3,5,15,8516,1,0.9836,1
Decision_Tree,3,5,15,8868,1,0.9836,1
Decision_Tree,3,5,15,8572,0,0.0,0
Decision_Tree,3,5,15,8092,0,0.1667,0
Decision_Tree,3,5,15,8789,0,0.0,0
Decision_Tree,3,5,15,8708,1,0.9836,1
Decision_Tree,3,5,15,8769,0,0.0,0
Decision_Tree,3,5,15,8150,0,0.0,0
Decision_Tree,3,5,15,8418,1,0.1667,0
Decision_Tree,3,5,15,8065,1,0.9836,1
Decision_Tree,3,5,15,8303,1,0.9836,1
Decision_Tree,3,5,15,8894,1,0.9836,1
Decision_Tree,3,5,15,8847,1,0.9836,1
Decision_Tree,3,5,15,8779,1,0.9836,1
Decision_Tree,3,5,15,8504,1,0.9836,1
Random_Forest,3,5,15,8470,0,0.0005,0
Random_Forest,3,5,15,8072,0,0.0368,0
Random_Forest,3,5,15,8422,1,0.9231,1
Random_Forest,3,5,15,8303,0,0.0398,0
Random_Forest,3,5,15,8733,0,0.2677,0
Random_Forest,3,5,15,8610,0,0.1172,0
Random_Forest,3,5,15,8065,0,0.0205,0
Random_Forest,3,5,15,8648,0,0.2555,0
Random_Forest,3,5,15,8351,0,0.0458,0
Random_Forest,3,5,15,8745,1,0.5178,1
Random_Forest,3,5,15,8009,1,0.9659,1
Random_Forest,3,5,15,8734,1,0.968,1
Random_Forest,3,5,15,8565,1,0.9705,1
Random_Forest,3,5,15,8069,1,0.9147,1
Random_Forest,3,5,15,8278,1,0.9586,1
Random_Forest,3,5,15,8189,0,0.3479,0
Random_Forest,3,5,15,8412,0,0.0762,0
Random_Forest,3,5,15,8612,1,0.9535,1
Random_Forest,3,5,15,8516,1,0.9637,1
Random_Forest,3,5,15,8868,1,0.899,1
Random_Forest,3,5,15,8572,0,0.052,0
Random_Forest,3,5,15,8092,0,0.0291,0
Random_Forest,3,5,15,8789,0,0.1562,0
Random_Forest,3,5,15,8708,1,0.9545,1
Random_Forest,3,5,15,8769,0,0.0005,0
Random_Forest,3,5,15,8150,0,0.0266,0
Random_Forest,3,5,15,8418,1,0.4284,0
Random_Forest,3,5,15,8065,1,0.9676,1
Random_Forest,3,5,15,8303,1,0.965,1
Random_Forest,3,5,15,8894,1,0.9619,1
Random_Forest,3,5,15,8847,1,0.916,1
Random_Forest,3,5,15,8779,1,0.9705,1
Random_Forest,3,5,15,8504,1,0.9561,1
Gradient_Boosting,3,5,15,8470,0,0.047,0
Gradient_Boosting,3,5,15,8072,0,0.0647,0
Gradient_Boosting,3,5,15,8422,1,0.918,1
Gradient_Boosting,3,5,15,8303,0,0.0609,0
Gradient_Boosting,3,5,15,8733,0,0.0748,0
Gradient_Boosting,3,5,15,8610,0,0.0576,0
Gradient_Boosting,3,5,15,8065,0,0.0576,0
Gradient_Boosting,3,5,15,8648,0,0.1907,0
Gradient_Boosting,3,5,15,8351,0,0.0616,0
Gradient_Boosting,3,5,15,8745,1,0.5456,1
Gradient_Boosting,3,5,15,8009,1,0.918,1
Gradient_Boosting,3,5,15,8734,1,0.918,1
Gradient_Boosting,3,5,15,8565,1,0.918,1
Gradient_Boosting,3,5,15,8069,1,0.909,1
Gradient_Boosting,3,5,15,8278,1,0.918,1
Gradient_Boosting,3,5,15,8189,0,0.2921,0
Gradient_Boosting,3,5,15,8412,0,0.0565,0
Gradient_Boosting,3,5,15,8612,1,0.918,1
Gradient_Boosting,3,5,15,8516,1,0.918,1
Gradient_Boosting,3,5,15,8868,1,0.909,1
Gradient_Boosting,3,5,15,8572,0,0.0609,0
Gradient_Boosting,3,5,15,8092,0,0.0636,0
Gradient_Boosting,3,5,15,8789,0,0.0627,0
Gradient_Boosting,3,5,15,8708,1,0.918,1
Gradient_Boosting,3,5,15,8769,0,0.047,0
Gradient_Boosting,3,5,15,8150,0,0.0529,0
Gradient_Boosting,3,5,15,8418,1,0.4863,0
Gradient_Boosting,3,5,15,8065,1,0.918,1
Gradient_Boosting,3,5,15,8303,1,0.918,1
Gradient_Boosting,3,5,15,8894,1,0.918,1
Gradient_Boosting,3,5,15,8847,1,0.918,1
Gradient_Boosting,3,5,15,8779,1,0.918,1
Gradient_Boosting,3,5,15,8504,1,0.918,1
Baseline_Majority,4,1,16,8470,0,0.5271,1
Baseline_Majority,4,1,16,8778,1,0.5271,1
Baseline_Majority,4,1,16,8360,1,0.5271,1
Baseline_Majority,4,1,16,8422,1,0.5271,1
Baseline_Majority,4,1,16,8233,1,0.5271,1
Baseline_Majority,4,1,16,8776,0,0.5271,1
Baseline_Majority,4,1,16,8228,0,0.5271,1
Baseline_Majority,4,1,16,8104,0,0.5271,1
Baseline_Majority,4,1,16,8745,1,0.5271,1
Baseline_Majority,4,1,16,8565,1,0.5271,1
Baseline_Majority,4,1,16,8228,0,0.5271,1
Baseline_Majority,4,1,16,8086,0,0.5271,1
Baseline_Majority,4,1,16,8516,1,0.5271,1
Baseline_Majority,4,1,16,8694,1,0.5271,1
Baseline_Majority,4,1,16,8064,0,0.5271,1
Baseline_Majority,4,1,16,8631,0,0.5271,1
Baseline_Majority,4,1,16,8508,0,0.5271,1
Baseline_Majority,4,1,16,8396,1,0.5271,1
Baseline_Majority,4,1,16,8887,0,0.5271,1
Baseline_Majority,4,1,16,8417,0,0.5271,1
Baseline_Majority,4,1,16,8089,1,0.5271,1
Baseline_Majority,4,1,16,8418,1,0.5271,1
Baseline_Majority,4,1,16,8380,1,0.5271,1
Baseline_Majority,4,1,16,8887,1,0.5271,1
Baseline_Majority,4,1,16,8521,1,0.5271,1
Baseline_Majority,4,1,16,8865,0,0.5271,1
Baseline_Majority,4,1,16,8862,1,0.5271,1
Baseline_Majority,4,1,16,8638,0,0.5271,1
Baseline_Majority,4,1,16,8743,1,0.5271,1
Baseline_Majority,4,1,16,8076,0,0.5271,1
Baseline_Majority,4,1,16,8779,1,0.5271,1
Baseline_Majority,4,1,16,8090,0,0.5271,1
Logistic_Regression_L2,4,1,16,8470,0,0.0,0
Logistic_Regression_L2,4,1,16,8778,1,0.9733,1
Logistic_Regression_L2,4,1,16,8360,1,0.8474,1
Logistic_Regression_L2,4,1,16,8422,1,0.9248,1
Logistic_Regression_L2,4,1,16,8233,1,0.8877,1
Logistic_Regression_L2,4,1,16,8776,0,0.0026,0
Logistic_Regression_L2,4,1,16,8228,0,0.0104,0
Logistic_Regression_L2,4,1,16,8104,0,0.0576,0
Logistic_Regression_L2,4,1,16,8745,1,0.8766,1
Logistic_Regression_L2,4,1,16,8565,1,0.9703,1
Logistic_Regression_L2,4,1,16,8228,0,0.088,0
Logistic_Regression_L2,4,1,16,8086,0,0.7936,1
Logistic_Regression_L2,4,1,16,8516,1,0.9571,1
Logistic_Regression_L2,4,1,16,8694,1,0.9373,1
Logistic_Regression_L2,4,1,16,8064,0,0.0,0
Logistic_Regression_L2,4,1,16,8631,0,0.0015,0
Logistic_Regression_L2,4,1,16,8508,0,0.0001,0
Logistic_Regression_L2,4,1,16,8396,1,0.9531,1
Logistic_Regression_L2,4,1,16,8887,0,0.3281,0
Logistic_Regression_L2,4,1,16,8417,0,0.0008,0
Logistic_Regression_L2,4,1,16,8089,1,0.9711,1
Logistic_Regression_L2,4,1,16,8418,1,0.645,1
Logistic_Regression_L2,4,1,16,8380,1,0.9574,1
Logistic_Regression_L2,4,1,16,8887,1,0.944,1
Logistic_Regression_L2,4,1,16,8521,1,0.9297,1
Logistic_Regression_L2,4,1,16,8865,0,0.8954,1
Logistic_Regression_L2,4,1,16,8862,1,0.4761,0
Logistic_Regression_L2,4,1,16,8638,0,0.4068,0
Logistic_Regression_L2,4,1,16,8743,1,0.972,1
Logistic_Regression_L2,4,1,16,8076,0,0.8403,1
Logistic_Regression_L2,4,1,16,8779,1,0.9812,1
Logistic_Regression_L2,4,1,16,8090,0,0.0001,0
Logistic_Regression_L1,4,1,16,8470,0,0.0,0
Logistic_Regression_L1,4,1,16,8778,1,0.9836,1
Logistic_Regression_L1,4,1,16,8360,1,0.8856,1
Logistic_Regression_L1,4,1,16,8422,1,0.9423,1
Logistic_Regression_L1,4,1,16,8233,1,0.9036,1
Logistic_Regression_L1,4,1,16,8776,0,0.0007,0
Logistic_Regression_L1,4,1,16,8228,0,0.0049,0
Logistic_Regression_L1,4,1,16,8104,0,0.0307,0
Logistic_Regression_L1,4,1,16,8745,1,0.8763,1
Logistic_Regression_L1,4,1,16,8565,1,0.9809,1
Logistic_Regression_L1,4,1,16,8228,0,0.0483,0
Logistic_Regression_L1,4,1,16,8086,0,0.8079,1
Logistic_Regression_L1,4,1,16,8516,1,0.9711,1
Logistic_Regression_L1,4,1,16,8694,1,0.9495,1
Logistic_Regression_L1,4,1,16,8064,0,0.0,0
Logistic_Regression_L1,4,1,16,8631,0,0.0005,0
Logistic_Regression_L1,4,1,16,8508,0,0.0,0
Logistic_Regression_L1,4,1,16,8396,1,0.9673,1
Logistic_Regression_L1,4,1,16,8887,0,0.3771,0
Logistic_Regression_L1,4,1,16,8417,0,0.0002,0
Logistic_Regression_L1,4,1,16,8089,1,0.9817,1
Logistic_Regression_L1,4,1,16,8418,1,0.6351,1
Logistic_Regression_L1,4,1,16,8380,1,0.9717,1
Logistic_Regression_L1,4,1,16,8887,1,0.9589,1
Logistic_Regression_L1,4,1,16,8521,1,0.9456,1
Logistic_Regression_L1,4,1,16,8865,0,0.9062,1
Logistic_Regression_L1,4,1,16,8862,1,0.4475,0
Logistic_Regression_L1,4,1,16,8638,0,0.3918,0
Logistic_Regression_L1,4,1,16,8743,1,0.9819,1
Logistic_Regression_L1,4,1,16,8076,0,0.849,1
Logistic_Regression_L1,4,1,16,8779,1,0.9886,1
Logistic_Regression_L1,4,1,16,8090,0,0.0,0
Logistic_Regression_ElasticNet,4,1,16,8470,0,0.0,0
Logistic_Regression_ElasticNet,4,1,16,8778,1,0.9778,1
Logistic_Regression_ElasticNet,4,1,16,8360,1,0.8638,1
Logistic_Regression_ElasticNet,4,1,16,8422,1,0.9321,1
Logistic_Regression_ElasticNet,4,1,16,8233,1,0.8935,1
Logistic_Regression_ElasticNet,4,1,16,8776,0,0.0016,0
Logistic_Regression_ElasticNet,4,1,16,8228,0,0.0079,0
Logistic_Regression_ElasticNet,4,1,16,8104,0,0.0452,0
Logistic_Regression_ElasticNet,4,1,16,8745,1,0.8759,1
Logistic_Regression_ElasticNet,4,1,16,8565,1,0.9748,1
Logistic_Regression_ElasticNet,4,1,16,8228,0,0.0702,0
Logistic_Regression_ElasticNet,4,1,16,8086,0,0.7998,1
Logistic_Regression_ElasticNet,4,1,16,8516,1,0.9629,1
Logistic_Regression_ElasticNet,4,1,16,8694,1,0.9414,1
Logistic_Regression_ElasticNet,4,1,16,8064,0,0.0,0
Logistic_Regression_ElasticNet,4,1,16,8631,0,0.0011,0
Logistic_Regression_ElasticNet,4,1,16,8508,0,0.0,0
Logistic_Regression_ElasticNet,4,1,16,8396,1,0.9589,1
Logistic_Regression_ElasticNet,4,1,16,8887,0,0.3511,0
Logistic_Regression_ElasticNet,4,1,16,8417,0,0.0005,0
Logistic_Regression_ElasticNet,4,1,16,8089,1,0.9756,1
Logistic_Regression_ElasticNet,4,1,16,8418,1,0.6396,1
Logistic_Regression_ElasticNet,4,1,16,8380,1,0.9631,1
Logistic_Regression_ElasticNet,4,1,16,8887,1,0.95,1
Logistic_Regression_ElasticNet,4,1,16,8521,1,0.9362,1
Logistic_Regression_ElasticNet,4,1,16,8865,0,0.8985,1
Logistic_Regression_ElasticNet,4,1,16,8862,1,0.4658,0
Logistic_Regression_ElasticNet,4,1,16,8638,0,0.4005,0
Logistic_Regression_ElasticNet,4,1,16,8743,1,0.9762,1
Logistic_Regression_ElasticNet,4,1,16,8076,0,0.8398,1
Logistic_Regression_ElasticNet,4,1,16,8779,1,0.9844,1
Logistic_Regression_ElasticNet,4,1,16,8090,0,0.0001,0
Decision_Tree,4,1,16,8470,0,0.0,0
Decision_Tree,4,1,16,8778,1,0.9836,1
Decision_Tree,4,1,16,8360,1,0.9836,1
Decision_Tree,4,1,16,8422,1,0.9836,1
Decision_Tree,4,1,16,8233,1,0.9836,1
Decision_Tree,4,1,16,8776,0,0.0,0
Decision_Tree,4,1,16,8228,0,0.0,0
Decision_Tree,4,1,16,8104,0,0.2,0
Decision_Tree,4,1,16,8745,1,0.4444,0
Decision_Tree,4,1,16,8565,1,0.9836,1
Decision_Tree,4,1,16,8228,0,0.0,0
Decision_Tree,4,1,16,8086,0,0.4444,0
Decision_Tree,4,1,16,8516,1,0.9836,1
Decision_Tree,4,1,16,8694,1,0.9836,1
Decision_Tree,4,1,16,8064,0,0.0,0
Decision_Tree,4,1,16,8631,0,0.0,0
Decision_Tree,4,1,16,8508,0,0.0,0
Decision_Tree,4,1,16,8396,1,0.9836,1
Decision_Tree,4,1,16,8887,0,0.6,1
Decision_Tree,4,1,16,8417,0,0.0,0
Decision_Tree,4,1,16,8089,1,0.9836,1
Decision_Tree,4,1,16,8418,1,0.2,0
Decision_Tree,4,1,16,8380,1,0.9836,1
Decision_Tree,4,1,16,8887,1,0.9836,1
Decision_Tree,4,1,16,8521,1,0.9836,1
Decision_Tree,4,1,16,8865,0,0.0,0
Decision_Tree,4,1,16,8862,1,0.9836,1
Decision_Tree,4,1,16,8638,0,0.2,0
Decision_Tree,4,1,16,8743,1,0.9836,1
Decision_Tree,4,1,16,8076,0,0.0,0
Decision_Tree,4,1,16,8779,1,0.9836,1
Decision_Tree,4,1,16,8090,0,0.0,0
Random_Forest,4,1,16,8470,0,0.0,0
Random_Forest,4,1,16,8778,1,0.9667,1
Random_Forest,4,1,16,8360,1,0.966,1
Random_Forest,4,1,16,8422,1,0.9162,1
Random_Forest,4,1,16,8233,1,0.962,1
Random_Forest,4,1,16,8776,0,0.0212,0
Random_Forest,4,1,16,8228,0,0.026,0
Random_Forest,4,1,16,8104,0,0.1462,0
Random_Forest,4,1,16,8745,1,0.5704,1
Random_Forest,4,1,16,8565,1,0.9672,1
Random_Forest,4,1,16,8228,0,0.1313,0
Random_Forest,4,1,16,8086,0,0.6091,1
Random_Forest,4,1,16,8516,1,0.9486,1
Random_Forest,4,1,16,8694,1,0.8715,1
Random_Forest,4,1,16,8064,0,0.0076,0
Random_Forest,4,1,16,8631,0,0.0479,0
Random_Forest,4,1,16,8508,0,0.0,0
Random_Forest,4,1,16,8396,1,0.9681,1
Random_Forest,4,1,16,8887,0,0.2696,0
Random_Forest,4,1,16,8417,0,0.026,0
Random_Forest,4,1,16,8089,1,0.901,1
Random_Forest,4,1,16,8418,1,0.4616,0
Random_Forest,4,1,16,8380,1,0.9246,1
Random_Forest,4,1,16,8887,1,0.9653,1
Random_Forest,4,1,16,8521,1,0.921,1
Random_Forest,4,1,16,8865,0,0.3032,0
Random_Forest,4,1,16,8862,1,0.8991,1
Random_Forest,4,1,16,8638,0,0.0603,0
Random_Forest,4,1,16,8743,1,0.9594,1
Random_Forest,4,1,16,8076,0,0.2676,0
Random_Forest,4,1,16,8779,1,0.9648,1
Random_Forest,4,1,16,8090,0,0.0013,0
Gradient_Boosting,4,1,16,8470,0,0.0405,0
Gradient_Boosting,4,1,16,8778,1,0.9241,1
Gradient_Boosting,4,1,16,8360,1,0.9241,1
Gradient_Boosting,4,1,16,8422,1,0.9241,1
Gradient_Boosting,4,1,16,8233,1,0.9241,1
Gradient_Boosting,4,1,16,8776,0,0.0465,0
Gradient_Boosting,4,1,16,8228,0,0.0434,0
Gradient_Boosting,4,1,16,8104,0,0.2048,0
Gradient_Boosting,4,1,16,8745,1,0.6253,1
Gradient_Boosting,4,1,16,8565,1,0.9241,1
Gradient_Boosting,4,1,16,8228,0,0.2048,0
Gradient_Boosting,4,1,16,8086,0,0.5977,1
Gradient_Boosting,4,1,16,8516,1,0.9241,1
Gradient_Boosting,4,1,16,8694,1,0.9241,1
Gradient_Boosting,4,1,16,8064,0,0.0405,0
Gradient_Boosting,4,1,16,8631,0,0.033,0
Gradient_Boosting,4,1,16,8508,0,0.0453,0
Gradient_Boosting,4,1,16,8396,1,0.9241,1
Gradient_Boosting,4,1,16,8887,0,0.4237,0
Gradient_Boosting,4,1,16,8417,0,0.0743,0
Gradient_Boosting,4,1,16,8089,1,0.9241,1
Gradient_Boosting,4,1,16,8418,1,0.555,1
Gradient_Boosting,4,1,16,8380,1,0.9241,1
Gradient_Boosting,4,1,16,8887,1,0.9241,1
Gradient_Boosting,4,1,16,8521,1,0.9241,1
Gradient_Boosting,4,1,16,8865,0,0.2621,0
Gradient_Boosting,4,1,16,8862,1,0.9241,1
Gradient_Boosting,4,1,16,8638,0,0.0679,0
Gradient_Boosting,4,1,16,8743,1,0.9241,1
Gradient_Boosting,4,1,16,8076,0,0.2643,0
Gradient_Boosting,4,1,16,8779,1,0.9241,1
Gradient_Boosting,4,1,16,8090,0,0.0401,0
Baseline_Majority,4,2,17,8120,1,0.5271,1
Baseline_Majority,4,2,17,8796,0,0.5271,1
Baseline_Majority,4,2,17,8001,0,0.5271,1
Baseline_Majority,4,2,17,8168,1,0.5271,1
Baseline_Majority,4,2,17,8128,0,0.5271,1
Baseline_Majority,4,2,17,8610,0,0.5271,1
Baseline_Majority,4,2,17,8065,0,0.5271,1
Baseline_Majority,4,2,17,8863,1,0.5271,1
Baseline_Majority,4,2,17,8640,1,0.5271,1
Baseline_Majority,4,2,17,8905,0,0.5271,1
Baseline_Majority,4,2,17,8546,0,0.5271,1
Baseline_Majority,4,2,17,8317,1,0.5271,1
Baseline_Majority,4,2,17,8342,1,0.5271,1
Baseline_Majority,4,2,17,8868,1,0.5271,1
Baseline_Majority,4,2,17,8676,1,0.5271,1
Baseline_Majority,4,2,17,8657,1,0.5271,1
Baseline_Majority,4,2,17,8859,0,0.5271,1
Baseline_Majority,4,2,17,8092,0,0.5271,1
Baseline_Majority,4,2,17,8540,1,0.5271,1
Baseline_Majority,4,2,17,8919,1,0.5271,1
Baseline_Majority,4,2,17,8769,0,0.5271,1
Baseline_Majority,4,2,17,8288,0,0.5271,1
Baseline_Majority,4,2,17,8150,0,0.5271,1
Baseline_Majority,4,2,17,8333,1,0.5271,1
Baseline_Majority,4,2,17,8173,1,0.5271,1
Baseline_Majority,4,2,17,8520,0,0.5271,1
Baseline_Majority,4,2,17,8722,1,0.5271,1
Baseline_Majority,4,2,17,8065,1,0.5271,1
Baseline_Majority,4,2,17,8121,0,0.5271,1
Baseline_Majority,4,2,17,8372,0,0.5271,1
Baseline_Majority,4,2,17,8894,1,0.5271,1
Baseline_Majority,4,2,17,8847,1,0.5271,1
Logistic_Regression_L2,4,2,17,8120,1,0.2254,0
Logistic_Regression_L2,4,2,17,8796,0,0.0004,0
Logistic_Regression_L2,4,2,17,8001,0,0.7628,1
Logistic_Regression_L2,4,2,17,8168,1,0.9206,1
Logistic_Regression_L2,4,2,17,8128,0,0.0037,0
Logistic_Regression_L2,4,2,17,8610,0,0.0118,0
Logistic_Regression_L2,4,2,17,8065,0,0.0023,0
Logistic_Regression_L2,4,2,17,8863,1,0.996,1
Logistic_Regression_L2,4,2,17,8640,1,0.9654,1
Logistic_Regression_L2,4,2,17,8905,0,0.0007,0
Logistic_Regression_L2,4,2,17,8546,0,0.0054,0
Logistic_Regression_L2,4,2,17,8317,1,0.6237,1
Logistic_Regression_L2,4,2,17,8342,1,0.795,1
Logistic_Regression_L2,4,2,17,8868,1,0.859,1
Logistic_Regression_L2,4,2,17,8676,1,0.8652,1
Logistic_Regression_L2,4,2,17,8657,1,0.9673,1
Logistic_Regression_L2,4,2,17,8859,0,0.0267,0
Logistic_Regression_L2,4,2,17,8092,0,0.0042,0
Logistic_Regression_L2,4,2,17,8540,1,0.8821,1
Logistic_Regression_L2,4,2,17,8919,1,0.9478,1
Logistic_Regression_L2,4,2,17,8769,0,0.0001,0
Logistic_Regression_L2,4,2,17,8288,0,0.0221,0
Logistic_Regression_L2,4,2,17,8150,0,0.011,0
Logistic_Regression_L2,4,2,17,8333,1,0.721,1
Logistic_Regression_L2,4,2,17,8173,1,0.7777,1
Logistic_Regression_L2,4,2,17,8520,0,0.0073,0
Logistic_Regression_L2,4,2,17,8722,1,0.7308,1
Logistic_Regression_L2,4,2,17,8065,1,0.9659,1
Logistic_Regression_L2,4,2,17,8121,0,0.6591,1
Logistic_Regression_L2,4,2,17,8372,0,0.0037,0
Logistic_Regression_L2,4,2,17,8894,1,0.8425,1
Logistic_Regression_L2,4,2,17,8847,1,0.9849,1
Logistic_Regression_L1,4,2,17,8120,1,0.1982,0
Logistic_Regression_L1,4,2,17,8796,0,0.0001,0
Logistic_Regression_L1,4,2,17,8001,0,0.8164,1
Logistic_Regression_L1,4,2,17,8168,1,0.9385,1
Logistic_Regression_L1,4,2,17,8128,0,0.0012,0
Logistic_Regression_L1,4,2,17,8610,0,0.0057,0
Logistic_Regression_L1,4,2,17,8065,0,0.0011,0
Logistic_Regression_L1,4,2,17,8863,1,0.9979,1
Logistic_Regression_L1,4,2,17,8640,1,0.9757,1
Logistic_Regression_L1,4,2,17,8905,0,0.0003,0
Logistic_Regression_L1,4,2,17,8546,0,0.0023,0
Logistic_Regression_L1,4,2,17,8317,1,0.6151,1
Logistic_Regression_L1,4,2,17,8342,1,0.8241,1
Logistic_Regression_L1,4,2,17,8868,1,0.8933,1
Logistic_Regression_L1,4,2,17,8676,1,0.9016,1
Logistic_Regression_L1,4,2,17,8657,1,0.9752,1
Logistic_Regression_L1,4,2,17,8859,0,0.0125,0
Logistic_Regression_L1,4,2,17,8092,0,0.002,0
Logistic_Regression_L1,4,2,17,8540,1,0.9057,1
Logistic_Regression_L1,4,2,17,8919,1,0.9622,1
Logistic_Regression_L1,4,2,17,8769,0,0.0,0
Logistic_Regression_L1,4,2,17,8288,0,0.0145,0
Logistic_Regression_L1,4,2,17,8150,0,0.004,0
Logistic_Regression_L1,4,2,17,8333,1,0.7581,1
Logistic_Regression_L1,4,2,17,8173,1,0.7939,1
Logistic_Regression_L1,4,2,17,8520,0,0.0047,0
Logistic_Regression_L1,4,2,17,8722,1,0.7788,1
Logistic_Regression_L1,4,2,17,8065,1,0.9771,1
Logistic_Regression_L1,4,2,17,8121,0,0.6049,1
Logistic_Regression_L1,4,2,17,8372,0,0.0009,0
Logistic_Regression_L1,4,2,17,8894,1,0.8566,1
Logistic_Regression_L1,4,2,17,8847,1,0.9913,1
Logistic_Regression_ElasticNet,4,2,17,8120,1,0.2156,0
Logistic_Regression_ElasticNet,4,2,17,8796,0,0.0002,0
Logistic_Regression_ElasticNet,4,2,17,8001,0,0.7847,1
Logistic_Regression_ElasticNet,4,2,17,8168,1,0.9281,1
Logistic_Regression_ElasticNet,4,2,17,8128,0,0.0024,0
Logistic_Regression_ElasticNet,4,2,17,8610,0,0.009,0
Logistic_Regression_ElasticNet,4,2,17,8065,0,0.0018,0
Logistic_Regression_ElasticNet,4,2,17,8863,1,0.9969,1
Logistic_Regression_ElasticNet,4,2,17,8640,1,0.9698,1
Logistic_Regression_ElasticNet,4,2,17,8905,0,0.0005,0
Logistic_Regression_ElasticNet,4,2,17,8546,0,0.004,0
Logistic_Regression_ElasticNet,4,2,17,8317,1,0.62,1
Logistic_Regression_ElasticNet,4,2,17,8342,1,0.8065,1
Logistic_Regression_ElasticNet,4,2,17,8868,1,0.8724,1
Logistic_Regression_ElasticNet,4,2,17,8676,1,0.8806,1
Logistic_Regression_ElasticNet,4,2,17,8657,1,0.9705,1
Logistic_Regression_ElasticNet,4,2,17,8859,0,0.02,0
Logistic_Regression_ElasticNet,4,2,17,8092,0,0.0032,0
Logistic_Regression_ElasticNet,4,2,17,8540,1,0.8913,1
Logistic_Regression_ElasticNet,4,2,17,8919,1,0.9539,1
Logistic_Regression_ElasticNet,4,2,17,8769,0,0.0001,0
Logistic_Regression_ElasticNet,4,2,17,8288,0,0.019,0
Logistic_Regression_ElasticNet,4,2,17,8150,0,0.0075,0
Logistic_Regression_ElasticNet,4,2,17,8333,1,0.7352,1
Logistic_Regression_ElasticNet,4,2,17,8173,1,0.7843,1
Logistic_Regression_ElasticNet,4,2,17,8520,0,0.0063,0
Logistic_Regression_ElasticNet,4,2,17,8722,1,0.7497,1
Logistic_Regression_ElasticNet,4,2,17,8065,1,0.9706,1
Logistic_Regression_ElasticNet,4,2,17,8121,0,0.6366,1
Logistic_Regression_ElasticNet,4,2,17,8372,0,0.0021,0
Logistic_Regression_ElasticNet,4,2,17,8894,1,0.8477,1
Logistic_Regression_ElasticNet,4,2,17,8847,1,0.9878,1
Decision_Tree,4,2,17,8120,1,0.9412,1
Decision_Tree,4,2,17,8796,0,0.0,0
Decision_Tree,4,2,17,8001,0,0.0,0
Decision_Tree,4,2,17,8168,1,0.9412,1
Decision_Tree,4,2,17,8128,0,0.0,0
Decision_Tree,4,2,17,8610,0,0.0,0
Decision_Tree,4,2,17,8065,0,0.0,0
Decision_Tree,4,2,17,8863,1,0.9412,1
Decision_Tree,4,2,17,8640,1,0.9412,1
Decision_Tree,4,2,17,8905,0,0.0,0
Decision_Tree,4,2,17,8546,0,0.0,0
Decision_Tree,4,2,17,8317,1,0.9412,1
Decision_Tree,4,2,17,8342,1,0.9412,1
Decision_Tree,4,2,17,8868,1,0.9412,1
Decision_Tree,4,2,17,8676,1,0.9412,1
Decision_Tree,4,2,17,8657,1,0.9412,1
Decision_Tree,4,2,17,8859,0,0.0,0
Decision_Tree,4,2,17,8092,0,0.0,0
Decision_Tree,4,2,17,8540,1,0.9412,1
Decision_Tree,4,2,17,8919,1,0.9412,1
Decision_Tree,4,2,17,8769,0,0.0,0
Decision_Tree,4,2,17,8288,0,0.0,0
Decision_Tree,4,2,17,8150,0,0.0,0
Decision_Tree,4,2,17,8333,1,0.5,0
Decision_Tree,4,2,17,8173,1,0.9412,1
Decision_Tree,4,2,17,8520,0,0.0,0
Decision_Tree,4,2,17,8722,1,0.9412,1
Decision_Tree,4,2,17,8065,1,0.9412,1
Decision_Tree,4,2,17,8121,0,0.0,0
Decision_Tree,4,2,17,8372,0,0.0,0
Decision_Tree,4,2,17,8894,1,0.9412,1
Decision_Tree,4,2,17,8847,1,0.9412,1
Random_Forest,4,2,17,8120,1,0.4669,0
Random_Forest,4,2,17,8796,0,0.0293,0
Random_Forest,4,2,17,8001,0,0.2967,0
Random_Forest,4,2,17,8168,1,0.9703,1
Random_Forest,4,2,17,8128,0,0.0745,0
Random_Forest,4,2,17,8610,0,0.0418,0
Random_Forest,4,2,17,8065,0,0.0054,0
Random_Forest,4,2,17,8863,1,0.8794,1
Random_Forest,4,2,17,8640,1,0.9492,1
Random_Forest,4,2,17,8905,0,0.0193,0
Random_Forest,4,2,17,8546,0,0.0786,0
Random_Forest,4,2,17,8317,1,0.5094,1
Random_Forest,4,2,17,8342,1,0.9406,1
Random_Forest,4,2,17,8868,1,0.8714,1
Random_Forest,4,2,17,8676,1,0.9357,1
Random_Forest,4,2,17,8657,1,0.9394,1
Random_Forest,4,2,17,8859,0,0.0395,0
Random_Forest,4,2,17,8092,0,0.0093,0
Random_Forest,4,2,17,8540,1,0.9607,1
Random_Forest,4,2,17,8919,1,0.9703,1
Random_Forest,4,2,17,8769,0,0.0,0
Random_Forest,4,2,17,8288,0,0.1414,0
Random_Forest,4,2,17,8150,0,0.0666,0
Random_Forest,4,2,17,8333,1,0.748,1
Random_Forest,4,2,17,8173,1,0.9608,1
Random_Forest,4,2,17,8520,0,0.1407,0
Random_Forest,4,2,17,8722,1,0.4113,0
Random_Forest,4,2,17,8065,1,0.9699,1
Random_Forest,4,2,17,8121,0,0.3619,0
Random_Forest,4,2,17,8372,0,0.0461,0
Random_Forest,4,2,17,8894,1,0.967,1
Random_Forest,4,2,17,8847,1,0.922,1
Gradient_Boosting,4,2,17,8120,1,0.5192,1
Gradient_Boosting,4,2,17,8796,0,0.0769,0
Gradient_Boosting,4,2,17,8001,0,0.3148,0
Gradient_Boosting,4,2,17,8168,1,0.92,1
Gradient_Boosting,4,2,17,8128,0,0.0829,0
Gradient_Boosting,4,2,17,8610,0,0.0769,0
Gradient_Boosting,4,2,17,8065,0,0.0477,0
Gradient_Boosting,4,2,17,8863,1,0.92,1
Gradient_Boosting,4,2,17,8640,1,0.92,1
Gradient_Boosting,4,2,17,8905,0,0.0715,0
Gradient_Boosting,4,2,17,8546,0,0.1042,0
Gradient_Boosting,4,2,17,8317,1,0.633,1
Gradient_Boosting,4,2,17,8342,1,0.9118,1
Gradient_Boosting,4,2,17,8868,1,0.9118,1
Gradient_Boosting,4,2,17,8676,1,0.9118,1
Gradient_Boosting,4,2,17,8657,1,0.92,1
Gradient_Boosting,4,2,17,8859,0,0.0355,0
Gradient_Boosting,4,2,17,8092,0,0.0819,0
Gradient_Boosting,4,2,17,8540,1,0.92,1
Gradient_Boosting,4,2,17,8919,1,0.92,1
Gradient_Boosting,4,2,17,8769,0,0.0477,0
Gradient_Boosting,4,2,17,8288,0,0.0926,0
Gradient_Boosting,4,2,17,8150,0,0.0611,0
Gradient_Boosting,4,2,17,8333,1,0.9053,1
Gradient_Boosting,4,2,17,8173,1,0.92,1
Gradient_Boosting,4,2,17,8520,0,0.0926,0
Gradient_Boosting,4,2,17,8722,1,0.5835,1
Gradient_Boosting,4,2,17,8065,1,0.92,1
Gradient_Boosting,4,2,17,8121,0,0.363,0
Gradient_Boosting,4,2,17,8372,0,0.0339,0
Gradient_Boosting,4,2,17,8894,1,0.92,1
Gradient_Boosting,4,2,17,8847,1,0.92,1
Baseline_Majority,4,3,18,8656,1,0.5234,1
Baseline_Majority,4,3,18,8303,0,0.5234,1
Baseline_Majority,4,3,18,8733,0,0.5234,1
Baseline_Majority,4,3,18,8083,1,0.5234,1
Baseline_Majority,4,3,18,8028,0,0.5234,1
Baseline_Majority,4,3,18,8196,1,0.5234,1
Baseline_Majority,4,3,18,8051,1,0.5234,1
Baseline_Majority,4,3,18,8444,0,0.5234,1
Baseline_Majority,4,3,18,8312,0,0.5234,1
Baseline_Majority,4,3,18,8799,0,0.5234,1
Baseline_Majority,4,3,18,8667,0,0.5234,1
Baseline_Majority,4,3,18,8605,1,0.5234,1
Baseline_Majority,4,3,18,8351,0,0.5234,1
Baseline_Majority,4,3,18,8009,1,0.5234,1
Baseline_Majority,4,3,18,8069,1,0.5234,1
Baseline_Majority,4,3,18,8489,1,0.5234,1
Baseline_Majority,4,3,18,8278,1,0.5234,1
Baseline_Majority,4,3,18,8412,0,0.5234,1
Baseline_Majority,4,3,18,8612,1,0.5234,1
Baseline_Majority,4,3,18,8131,1,0.5234,1
Baseline_Majority,4,3,18,8712,1,0.5234,1
Baseline_Majority,4,3,18,8498,0,0.5234,1
Baseline_Majority,4,3,18,8656,1,0.5234,1
Baseline_Majority,4,3,18,8161,1,0.5234,1
Baseline_Majority,4,3,18,8239,0,0.5234,1
Baseline_Majority,4,3,18,8190,1,0.5234,1
Baseline_Majority,4,3,18,8558,0,0.5234,1
Baseline_Majority,4,3,18,8303,1,0.5234,1
Baseline_Majority,4,3,18,8447,1,0.5234,1
Baseline_Majority,4,3,18,8753,1,0.5234,1
Baseline_Majority,4,3,18,8489,0,0.5234,1
Baseline_Majority,4,3,18,8729,0,0.5234,1
Baseline_Majority,4,3,18,8061,0,0.5234,1
Logistic_Regression_L2,4,3,18,8656,1,0.336,0
Logistic_Regression_L2,4,3,18,8303,0,0.1916,0
Logistic_Regression_L2,4,3,18,8733,0,0.2459,0
Logistic_Regression_L2,4,3,18,8083,1,0.766,1
Logistic_Regression_L2,4,3,18,8028,0,0.0014,0
Logistic_Regression_L2,4,3,18,8196,1,0.9953,1
Logistic_Regression_L2,4,3,18,8051,1,0.9831,1
Logistic_Regression_L2,4,3,18,8444,0,0.0001,0
Logistic_Regression_L2,4,3,18,8312,0,0.0026,0
Logistic_Regression_L2,4,3,18,8799,0,0.2001,0
Logistic_Regression_L2,4,3,18,8667,0,0.0004,0
Logistic_Regression_L2,4,3,18,8605,1,0.988,1
Logistic_Regression_L2,4,3,18,8351,0,0.0062,0
Logistic_Regression_L2,4,3,18,8009,1,0.8917,1
Logistic_Regression_L2,4,3,18,8069,1,0.7864,1
Logistic_Regression_L2,4,3,18,8489,1,0.9862,1
Logistic_Regression_L2,4,3,18,8278,1,0.7264,1
Logistic_Regression_L2,4,3,18,8412,0,0.0882,0
Logistic_Regression_L2,4,3,18,8612,1,0.7808,1
Logistic_Regression_L2,4,3,18,8131,1,0.9965,1
Logistic_Regression_L2,4,3,18,8712,1,0.9766,1
Logistic_Regression_L2,4,3,18,8498,0,0.2234,0
Logistic_Regression_L2,4,3,18,8656,1,0.8256,1
Logistic_Regression_L2,4,3,18,8161,1,0.7656,1
Logistic_Regression_L2,4,3,18,8239,0,0.0008,0
Logistic_Regression_L2,4,3,18,8190,1,0.9296,1
Logistic_Regression_L2,4,3,18,8558,0,0.0032,0
Logistic_Regression_L2,4,3,18,8303,1,0.8627,1
Logistic_Regression_L2,4,3,18,8447,1,0.9975,1
Logistic_Regression_L2,4,3,18,8753,1,0.9932,1
Logistic_Regression_L2,4,3,18,8489,0,0.0002,0
Logistic_Regression_L2,4,3,18,8729,0,0.0048,0
Logistic_Regression_L2,4,3,18,8061,0,0.3876,0
Logistic_Regression_L1,4,3,18,8656,1,0.3355,0
Logistic_Regression_L1,4,3,18,8303,0,0.1956,0
Logistic_Regression_L1,4,3,18,8733,0,0.1836,0
Logistic_Regression_L1,4,3,18,8083,1,0.7997,1
Logistic_Regression_L1,4,3,18,8028,0,0.0006,0
Logistic_Regression_L1,4,3,18,8196,1,0.9972,1
Logistic_Regression_L1,4,3,18,8051,1,0.9888,1
Logistic_Regression_L1,4,3,18,8444,0,0.0,0
Logistic_Regression_L1,4,3,18,8312,0,0.0014,0
Logistic_Regression_L1,4,3,18,8799,0,0.1479,0
Logistic_Regression_L1,4,3,18,8667,0,0.0002,0
Logistic_Regression_L1,4,3,18,8605,1,0.9913,1
Logistic_Regression_L1,4,3,18,8351,0,0.0036,0
Logistic_Regression_L1,4,3,18,8009,1,0.91,1
Logistic_Regression_L1,4,3,18,8069,1,0.8009,1
Logistic_Regression_L1,4,3,18,8489,1,0.9905,1
Logistic_Regression_L1,4,3,18,8278,1,0.7256,1
Logistic_Regression_L1,4,3,18,8412,0,0.0574,0
Logistic_Regression_L1,4,3,18,8612,1,0.804,1
Logistic_Regression_L1,4,3,18,8131,1,0.998,1
Logistic_Regression_L1,4,3,18,8712,1,0.9831,1
Logistic_Regression_L1,4,3,18,8498,0,0.1853,0
Logistic_Regression_L1,4,3,18,8656,1,0.8463,1
Logistic_Regression_L1,4,3,18,8161,1,0.7643,1
Logistic_Regression_L1,4,3,18,8239,0,0.0002,0
Logistic_Regression_L1,4,3,18,8190,1,0.9448,1
Logistic_Regression_L1,4,3,18,8558,0,0.0011,0
Logistic_Regression_L1,4,3,18,8303,1,0.8749,1
Logistic_Regression_L1,4,3,18,8447,1,0.9985,1
Logistic_Regression_L1,4,3,18,8753,1,0.9957,1
Logistic_Regression_L1,4,3,18,8489,0,0.0001,0
Logistic_Regression_L1,4,3,18,8729,0,0.0018,0
Logistic_Regression_L1,4,3,18,8061,0,0.3922,0
Logistic_Regression_ElasticNet,4,3,18,8656,1,0.3368,0
Logistic_Regression_ElasticNet,4,3,18,8303,0,0.1935,0
Logistic_Regression_ElasticNet,4,3,18,8733,0,0.2199,0
Logistic_Regression_ElasticNet,4,3,18,8083,1,0.7802,1
Logistic_Regression_ElasticNet,4,3,18,8028,0,0.001,0
Logistic_Regression_ElasticNet,4,3,18,8196,1,0.9961,1
Logistic_Regression_ElasticNet,4,3,18,8051,1,0.9856,1
Logistic_Regression_ElasticNet,4,3,18,8444,0,0.0001,0
Logistic_Regression_ElasticNet,4,3,18,8312,0,0.002,0
Logistic_Regression_ElasticNet,4,3,18,8799,0,0.1768,0
Logistic_Regression_ElasticNet,4,3,18,8667,0,0.0003,0
Logistic_Regression_ElasticNet,4,3,18,8605,1,0.9893,1
Logistic_Regression_ElasticNet,4,3,18,8351,0,0.005,0
Logistic_Regression_ElasticNet,4,3,18,8009,1,0.8993,1
Logistic_Regression_ElasticNet,4,3,18,8069,1,0.7916,1
Logistic_Regression_ElasticNet,4,3,18,8489,1,0.9881,1
Logistic_Regression_ElasticNet,4,3,18,8278,1,0.7267,1
Logistic_Regression_ElasticNet,4,3,18,8412,0,0.0747,0
Logistic_Regression_ElasticNet,4,3,18,8612,1,0.7906,1
Logistic_Regression_ElasticNet,4,3,18,8131,1,0.9972,1
Logistic_Regression_ElasticNet,4,3,18,8712,1,0.9793,1
Logistic_Regression_ElasticNet,4,3,18,8498,0,0.2076,0
Logistic_Regression_ElasticNet,4,3,18,8656,1,0.8342,1
Logistic_Regression_ElasticNet,4,3,18,8161,1,0.7645,1
Logistic_Regression_ElasticNet,4,3,18,8239,0,0.0005,0
Logistic_Regression_ElasticNet,4,3,18,8190,1,0.9363,1
Logistic_Regression_ElasticNet,4,3,18,8558,0,0.0021,0
Logistic_Regression_ElasticNet,4,3,18,8303,1,0.8675,1
Logistic_Regression_ElasticNet,4,3,18,8447,1,0.9979,1
Logistic_Regression_ElasticNet,4,3,18,8753,1,0.9943,1
Logistic_Regression_ElasticNet,4,3,18,8489,0,0.0002,0
Logistic_Regression_ElasticNet,4,3,18,8729,0,0.0032,0
Logistic_Regression_ElasticNet,4,3,18,8061,0,0.3912,0
Decision_Tree,4,3,18,8656,1,0.4286,0
Decision_Tree,4,3,18,8303,0,0.0,0
Decision_Tree,4,3,18,8733,0,0.0,0
Decision_Tree,4,3,18,8083,1,0.4286,0
Decision_Tree,4,3,18,8028,0,0.0,0
Decision_Tree,4,3,18,8196,1,0.9552,1
Decision_Tree,4,3,18,8051,1,0.9552,1
Decision_Tree,4,3,18,8444,0,0.0,0
Decision_Tree,4,3,18,8312,0,0.0,0
Decision_Tree,4,3,18,8799,0,0.0,0
Decision_Tree,4,3,18,8667,0,0.0,0
Decision_Tree,4,3,18,8605,1,0.9552,1
Decision_Tree,4,3,18,8351,0,0.0,0
Decision_Tree,4,3,18,8009,1,0.9552,1
Decision_Tree,4,3,18,8069,1,0.9552,1
Decision_Tree,4,3,18,8489,1,0.9552,1
Decision_Tree,4,3,18,8278,1,0.9552,1
Decision_Tree,4,3,18,8412,0,0.0,0
Decision_Tree,4,3,18,8612,1,0.9552,1
Decision_Tree,4,3,18,8131,1,0.9552,1
Decision_Tree,4,3,18,8712,1,0.9552,1
Decision_Tree,4,3,18,8498,0,0.0,0
Decision_Tree,4,3,18,8656,1,0.9552,1
Decision_Tree,4,3,18,8161,1,0.9552,1
Decision_Tree,4,3,18,8239,0,0.0,0
Decision_Tree,4,3,18,8190,1,0.4286,0
Decision_Tree,4,3,18,8558,0,0.0,0
Decision_Tree,4,3,18,8303,1,0.9552,1
Decision_Tree,4,3,18,8447,1,0.9552,1
Decision_Tree,4,3,18,8753,1,0.9552,1
Decision_Tree,4,3,18,8489,0,0.0,0
Decision_Tree,4,3,18,8729,0,0.0,0
Decision_Tree,4,3,18,8061,0,0.9552,1
Random_Forest,4,3,18,8656,1,0.7828,1
Random_Forest,4,3,18,8303,0,0.1204,0
Random_Forest,4,3,18,8733,0,0.2235,0
Random_Forest,4,3,18,8083,1,0.8477,1
Random_Forest,4,3,18,8028,0,0.0077,0
Random_Forest,4,3,18,8196,1,0.9715,1
Random_Forest,4,3,18,8051,1,0.9715,1
Random_Forest,4,3,18,8444,0,0.0002,0
Random_Forest,4,3,18,8312,0,0.0414,0
Random_Forest,4,3,18,8799,0,0.2513,0
Random_Forest,4,3,18,8667,0,0.0021,0
Random_Forest,4,3,18,8605,1,0.8713,1
Random_Forest,4,3,18,8351,0,0.0665,0
Random_Forest,4,3,18,8009,1,0.9651,1
Random_Forest,4,3,18,8069,1,0.9082,1
Random_Forest,4,3,18,8489,1,0.9664,1
Random_Forest,4,3,18,8278,1,0.9403,1
Random_Forest,4,3,18,8412,0,0.0873,0
Random_Forest,4,3,18,8612,1,0.9296,1
Random_Forest,4,3,18,8131,1,0.9349,1
Random_Forest,4,3,18,8712,1,0.9477,1
Random_Forest,4,3,18,8498,0,0.1561,0
Random_Forest,4,3,18,8656,1,0.9602,1
Random_Forest,4,3,18,8161,1,0.6812,1
Random_Forest,4,3,18,8239,0,0.0053,0
Random_Forest,4,3,18,8190,1,0.885,1
Random_Forest,4,3,18,8558,0,0.0151,0
Random_Forest,4,3,18,8303,1,0.9612,1
Random_Forest,4,3,18,8447,1,0.8519,1
Random_Forest,4,3,18,8753,1,0.9695,1
Random_Forest,4,3,18,8489,0,0.0494,0
Random_Forest,4,3,18,8729,0,0.0053,0
Random_Forest,4,3,18,8061,0,0.7122,1
Gradient_Boosting,4,3,18,8656,1,0.8962,1
Gradient_Boosting,4,3,18,8303,0,0.143,0
Gradient_Boosting,4,3,18,8733,0,0.0632,0
Gradient_Boosting,4,3,18,8083,1,0.893,1
Gradient_Boosting,4,3,18,8028,0,0.0448,0
Gradient_Boosting,4,3,18,8196,1,0.9216,1
Gradient_Boosting,4,3,18,8051,1,0.9216,1
Gradient_Boosting,4,3,18,8444,0,0.0514,0
Gradient_Boosting,4,3,18,8312,0,0.0824,0
Gradient_Boosting,4,3,18,8799,0,0.1007,0
Gradient_Boosting,4,3,18,8667,0,0.066,0
Gradient_Boosting,4,3,18,8605,1,0.8866,1
Gradient_Boosting,4,3,18,8351,0,0.0595,0
Gradient_Boosting,4,3,18,8009,1,0.9216,1
Gradient_Boosting,4,3,18,8069,1,0.9168,1
Gradient_Boosting,4,3,18,8489,1,0.9216,1
Gradient_Boosting,4,3,18,8278,1,0.9216,1
Gradient_Boosting,4,3,18,8412,0,0.0753,0
Gradient_Boosting,4,3,18,8612,1,0.9216,1
Gradient_Boosting,4,3,18,8131,1,0.9216,1
Gradient_Boosting,4,3,18,8712,1,0.9216,1
Gradient_Boosting,4,3,18,8498,0,0.1228,0
Gradient_Boosting,4,3,18,8656,1,0.9216,1
Gradient_Boosting,4,3,18,8161,1,0.6615,1
Gradient_Boosting,4,3,18,8239,0,0.037,0
Gradient_Boosting,4,3,18,8190,1,0.899,1
Gradient_Boosting,4,3,18,8558,0,0.0355,0
Gradient_Boosting,4,3,18,8303,1,0.9216,1
Gradient_Boosting,4,3,18,8447,1,0.8866,1
Gradient_Boosting,4,3,18,8753,1,0.9216,1
Gradient_Boosting,4,3,18,8489,0,0.0824,0
Gradient_Boosting,4,3,18,8729,0,0.0478,0
Gradient_Boosting,4,3,18,8061,0,0.8975,1
Baseline_Majority,4,4,19,8072,0,0.5312,1
Baseline_Majority,4,4,19,8596,1,0.5312,1
Baseline_Majority,4,4,19,8198,0,0.5312,1
Baseline_Majority,4,4,19,8159,1,0.5312,1
Baseline_Majority,4,4,19,8897,0,0.5312,1
Baseline_Majority,4,4,19,8648,0,0.5312,1
Baseline_Majority,4,4,19,8898,0,0.5312,1
Baseline_Majority,4,4,19,8734,1,0.5312,1
Baseline_Majority,4,4,19,8884,0,0.5312,1
Baseline_Majority,4,4,19,8212,1,0.5312,1
Baseline_Majority,4,4,19,8756,0,0.5312,1
Baseline_Majority,4,4,19,8341,1,0.5312,1
Baseline_Majority,4,4,19,8445,1,0.5312,1
Baseline_Majority,4,4,19,8301,0,0.5312,1
Baseline_Majority,4,4,19,8198,1,0.5312,1
Baseline_Majority,4,4,19,8789,0,0.5312,1
Baseline_Majority,4,4,19,8708,1,0.5312,1
Baseline_Majority,4,4,19,8800,1,0.5312,1
Baseline_Majority,4,4,19,8309,1,0.5312,1
Baseline_Majority,4,4,19,8933,0,0.5312,1
Baseline_Majority,4,4,19,8598,1,0.5312,1
Baseline_Majority,4,4,19,8511,0,0.5312,1
Baseline_Majority,4,4,19,8301,1,0.5312,1
Baseline_Majority,4,4,19,8725,1,0.5312,1
Baseline_Majority,4,4,19,8357,0,0.5312,1
Baseline_Majority,4,4,19,8567,0,0.5312,1
Baseline_Majority,4,4,19,8591,1,0.5312,1
Baseline_Majority,4,4,19,8192,0,0.5312,1
Baseline_Majority,4,4,19,8609,0,0.5312,1
Baseline_Majority,4,4,19,8764,1,0.5312,1
Baseline_Majority,4,4,19,8261,1,0.5312,1
Baseline_Majority,4,4,19,8281,0,0.5312,1
Baseline_Majority,4,4,19,8221,1,0.5312,1
Logistic_Regression_L2,4,4,19,8072,0,0.0167,0
Logistic_Regression_L2,4,4,19,8596,1,0.7761,1
Logistic_Regression_L2,4,4,19,8198,0,0.0901,0
Logistic_Regression_L2,4,4,19,8159,1,0.9146,1
Logistic_Regression_L2,4,4,19,8897,0,0.374,0
Logistic_Regression_L2,4,4,19,8648,0,0.0249,0
Logistic_Regression_L2,4,4,19,8898,0,0.0044,0
Logistic_Regression_L2,4,4,19,8734,1,0.8994,1
Logistic_Regression_L2,4,4,19,8884,0,0.0009,0
Logistic_Regression_L2,4,4,19,8212,1,0.9459,1
Logistic_Regression_L2,4,4,19,8756,0,0.957,1
Logistic_Regression_L2,4,4,19,8341,1,0.9726,1
Logistic_Regression_L2,4,4,19,8445,1,0.9312,1
Logistic_Regression_L2,4,4,19,8301,0,0.1849,0
Logistic_Regression_L2,4,4,19,8198,1,0.9561,1
Logistic_Regression_L2,4,4,19,8789,0,0.0594,0
Logistic_Regression_L2,4,4,19,8708,1,0.9768,1
Logistic_Regression_L2,4,4,19,8800,1,0.933,1
Logistic_Regression_L2,4,4,19,8309,1,0.4707,0
Logistic_Regression_L2,4,4,19,8933,0,0.0801,0
Logistic_Regression_L2,4,4,19,8598,1,0.8751,1
Logistic_Regression_L2,4,4,19,8511,0,0.1141,0
Logistic_Regression_L2,4,4,19,8301,1,0.7956,1
Logistic_Regression_L2,4,4,19,8725,1,0.9437,1
Logistic_Regression_L2,4,4,19,8357,0,0.9573,1
Logistic_Regression_L2,4,4,19,8567,0,0.0006,0
Logistic_Regression_L2,4,4,19,8591,1,0.998,1
Logistic_Regression_L2,4,4,19,8192,0,0.3355,0
Logistic_Regression_L2,4,4,19,8609,0,0.0062,0
Logistic_Regression_L2,4,4,19,8764,1,0.8166,1
Logistic_Regression_L2,4,4,19,8261,1,0.5979,1
Logistic_Regression_L2,4,4,19,8281,0,0.0965,0
Logistic_Regression_L2,4,4,19,8221,1,0.9968,1
Logistic_Regression_L1,4,4,19,8072,0,0.009,0
Logistic_Regression_L1,4,4,19,8596,1,0.8197,1
Logistic_Regression_L1,4,4,19,8198,0,0.0249,0
Logistic_Regression_L1,4,4,19,8159,1,0.9332,1
Logistic_Regression_L1,4,4,19,8897,0,0.3439,0
Logistic_Regression_L1,4,4,19,8648,0,0.0066,0
Logistic_Regression_L1,4,4,19,8898,0,0.002,0
Logistic_Regression_L1,4,4,19,8734,1,0.9262,1
Logistic_Regression_L1,4,4,19,8884,0,0.0001,0
Logistic_Regression_L1,4,4,19,8212,1,0.9655,1
Logistic_Regression_L1,4,4,19,8756,0,0.9845,1
Logistic_Regression_L1,4,4,19,8341,1,0.9871,1
Logistic_Regression_L1,4,4,19,8445,1,0.9463,1
Logistic_Regression_L1,4,4,19,8301,0,0.1806,0
Logistic_Regression_L1,4,4,19,8198,1,0.98,1
Logistic_Regression_L1,4,4,19,8789,0,0.0265,0
Logistic_Regression_L1,4,4,19,8708,1,0.9883,1
Logistic_Regression_L1,4,4,19,8800,1,0.9595,1
Logistic_Regression_L1,4,4,19,8309,1,0.3517,0
Logistic_Regression_L1,4,4,19,8933,0,0.0362,0
Logistic_Regression_L1,4,4,19,8598,1,0.9071,1
Logistic_Regression_L1,4,4,19,8511,0,0.0378,0
Logistic_Regression_L1,4,4,19,8301,1,0.8053,1
Logistic_Regression_L1,4,4,19,8725,1,0.9746,1
Logistic_Regression_L1,4,4,19,8357,0,0.988,1
Logistic_Regression_L1,4,4,19,8567,0,0.0001,0
Logistic_Regression_L1,4,4,19,8591,1,0.9994,1
Logistic_Regression_L1,4,4,19,8192,0,0.1641,0
Logistic_Regression_L1,4,4,19,8609,0,0.0019,0
Logistic_Regression_L1,4,4,19,8764,1,0.8706,1
Logistic_Regression_L1,4,4,19,8261,1,0.583,1
Logistic_Regression_L1,4,4,19,8281,0,0.0559,0
Logistic_Regression_L1,4,4,19,8221,1,0.9989,1
Logistic_Regression_ElasticNet,4,4,19,8072,0,0.014,0
Logistic_Regression_ElasticNet,4,4,19,8596,1,0.7908,1
Logistic_Regression_ElasticNet,4,4,19,8198,0,0.06,0
Logistic_Regression_ElasticNet,4,4,19,8159,1,0.9218,1
Logistic_Regression_ElasticNet,4,4,19,8897,0,0.368,0
Logistic_Regression_ElasticNet,4,4,19,8648,0,0.0165,0
Logistic_Regression_ElasticNet,4,4,19,8898,0,0.0035,0
Logistic_Regression_ElasticNet,4,4,19,8734,1,0.9087,1
Logistic_Regression_ElasticNet,4,4,19,8884,0,0.0005,0
Logistic_Regression_ElasticNet,4,4,19,8212,1,0.9527,1
Logistic_Regression_ElasticNet,4,4,19,8756,0,0.9692,1
Logistic_Regression_ElasticNet,4,4,19,8341,1,0.9785,1
Logistic_Regression_ElasticNet,4,4,19,8445,1,0.935,1
Logistic_Regression_ElasticNet,4,4,19,8301,0,0.1857,0
Logistic_Regression_ElasticNet,4,4,19,8198,1,0.9661,1
Logistic_Regression_ElasticNet,4,4,19,8789,0,0.0466,0
Logistic_Regression_ElasticNet,4,4,19,8708,1,0.9813,1
Logistic_Regression_ElasticNet,4,4,19,8800,1,0.9431,1
Logistic_Regression_ElasticNet,4,4,19,8309,1,0.4277,0
Logistic_Regression_ElasticNet,4,4,19,8933,0,0.0622,0
Logistic_Regression_ElasticNet,4,4,19,8598,1,0.8881,1
Logistic_Regression_ElasticNet,4,4,19,8511,0,0.0787,0
Logistic_Regression_ElasticNet,4,4,19,8301,1,0.7975,1
Logistic_Regression_ElasticNet,4,4,19,8725,1,0.9571,1
Logistic_Regression_ElasticNet,4,4,19,8357,0,0.9728,1
Logistic_Regression_ElasticNet,4,4,19,8567,0,0.0003,0
Logistic_Regression_ElasticNet,4,4,19,8591,1,0.9987,1
Logistic_Regression_ElasticNet,4,4,19,8192,0,0.2712,0
Logistic_Regression_ElasticNet,4,4,19,8609,0,0.0043,0
Logistic_Regression_ElasticNet,4,4,19,8764,1,0.8357,1
Logistic_Regression_ElasticNet,4,4,19,8261,1,0.5929,1
Logistic_Regression_ElasticNet,4,4,19,8281,0,0.0803,0
Logistic_Regression_ElasticNet,4,4,19,8221,1,0.9977,1
Decision_Tree,4,4,19,8072,0,0.0,0
Decision_Tree,4,4,19,8596,1,0.9839,1
Decision_Tree,4,4,19,8198,0,0.0,0
Decision_Tree,4,4,19,8159,1,0.9839,1
Decision_Tree,4,4,19,8897,0,0.9839,1
Decision_Tree,4,4,19,8648,0,0.0,0
Decision_Tree,4,4,19,8898,0,0.0,0
Decision_Tree,4,4,19,8734,1,0.9839,1
Decision_Tree,4,4,19,8884,0,0.0,0
Decision_Tree,4,4,19,8212,1,0.9839,1
Decision_Tree,4,4,19,8756,0,0.9839,1
Decision_Tree,4,4,19,8341,1,0.9839,1
Decision_Tree,4,4,19,8445,1,0.9839,1
Decision_Tree,4,4,19,8301,0,0.0,0
Decision_Tree,4,4,19,8198,1,0.9839,1
Decision_Tree,4,4,19,8789,0,0.0,0
Decision_Tree,4,4,19,8708,1,0.9839,1
Decision_Tree,4,4,19,8800,1,0.9839,1
Decision_Tree,4,4,19,8309,1,0.9839,1
Decision_Tree,4,4,19,8933,0,0.0,0
Decision_Tree,4,4,19,8598,1,0.7,1
Decision_Tree,4,4,19,8511,0,0.0,0
Decision_Tree,4,4,19,8301,1,0.9839,1
Decision_Tree,4,4,19,8725,1,0.7,1
Decision_Tree,4,4,19,8357,0,0.7,1
Decision_Tree,4,4,19,8567,0,0.0,0
Decision_Tree,4,4,19,8591,1,0.9839,1
Decision_Tree,4,4,19,8192,0,0.9839,1
Decision_Tree,4,4,19,8609,0,0.0,0
Decision_Tree,4,4,19,8764,1,0.9839,1
Decision_Tree,4,4,19,8261,1,0.9839,1
Decision_Tree,4,4,19,8281,0,0.0,0
Decision_Tree,4,4,19,8221,1,0.9839,1
Random_Forest,4,4,19,8072,0,0.0669,0
Random_Forest,4,4,19,8596,1,0.9059,1
Random_Forest,4,4,19,8198,0,0.2333,0
Random_Forest,4,4,19,8159,1,0.9644,1
Random_Forest,4,4,19,8897,0,0.6859,1
Random_Forest,4,4,19,8648,0,0.3029,0
Random_Forest,4,4,19,8898,0,0.0263,0
Random_Forest,4,4,19,8734,1,0.9781,1
Random_Forest,4,4,19,8884,0,0.0147,0
Random_Forest,4,4,19,8212,1,0.9731,1
Random_Forest,4,4,19,8756,0,0.6845,1
Random_Forest,4,4,19,8341,1,0.9776,1
Random_Forest,4,4,19,8445,1,0.7003,1
Random_Forest,4,4,19,8301,0,0.2079,0
Random_Forest,4,4,19,8198,1,0.9702,1
Random_Forest,4,4,19,8789,0,0.115,0
Random_Forest,4,4,19,8708,1,0.9481,1
Random_Forest,4,4,19,8800,1,0.9776,1
Random_Forest,4,4,19,8309,1,0.5679,1
Random_Forest,4,4,19,8933,0,0.1591,0
Random_Forest,4,4,19,8598,1,0.8429,1
Random_Forest,4,4,19,8511,0,0.1232,0
Random_Forest,4,4,19,8301,1,0.9199,1
Random_Forest,4,4,19,8725,1,0.9014,1
Random_Forest,4,4,19,8357,0,0.359,0
Random_Forest,4,4,19,8567,0,0.0043,0
Random_Forest,4,4,19,8591,1,0.9712,1
Random_Forest,4,4,19,8192,0,0.6068,1
Random_Forest,4,4,19,8609,0,0.0026,0
Random_Forest,4,4,19,8764,1,0.9638,1
Random_Forest,4,4,19,8261,1,0.8795,1
Random_Forest,4,4,19,8281,0,0.0346,0
Random_Forest,4,4,19,8221,1,0.9252,1
Gradient_Boosting,4,4,19,8072,0,0.0534,0
Gradient_Boosting,4,4,19,8596,1,0.9318,1
Gradient_Boosting,4,4,19,8198,0,0.092,0
Gradient_Boosting,4,4,19,8159,1,0.9362,1
Gradient_Boosting,4,4,19,8897,0,0.7001,1
Gradient_Boosting,4,4,19,8648,0,0.1122,0
Gradient_Boosting,4,4,19,8898,0,0.0534,0
Gradient_Boosting,4,4,19,8734,1,0.9362,1
Gradient_Boosting,4,4,19,8884,0,0.0534,0
Gradient_Boosting,4,4,19,8212,1,0.9318,1
Gradient_Boosting,4,4,19,8756,0,0.9094,1
Gradient_Boosting,4,4,19,8341,1,0.9362,1
Gradient_Boosting,4,4,19,8445,1,0.8572,1
Gradient_Boosting,4,4,19,8301,0,0.2282,0
Gradient_Boosting,4,4,19,8198,1,0.9362,1
Gradient_Boosting,4,4,19,8789,0,0.0534,0
Gradient_Boosting,4,4,19,8708,1,0.9362,1
Gradient_Boosting,4,4,19,8800,1,0.9362,1
Gradient_Boosting,4,4,19,8309,1,0.7109,1
Gradient_Boosting,4,4,19,8933,0,0.0836,0
Gradient_Boosting,4,4,19,8598,1,0.891,1
Gradient_Boosting,4,4,19,8511,0,0.0455,0
Gradient_Boosting,4,4,19,8301,1,0.9318,1
Gradient_Boosting,4,4,19,8725,1,0.9312,1
Gradient_Boosting,4,4,19,8357,0,0.3895,0
Gradient_Boosting,4,4,19,8567,0,0.0505,0
Gradient_Boosting,4,4,19,8591,1,0.9362,1
Gradient_Boosting,4,4,19,8192,0,0.7511,1
Gradient_Boosting,4,4,19,8609,0,0.0561,0
Gradient_Boosting,4,4,19,8764,1,0.9318,1
Gradient_Boosting,4,4,19,8261,1,0.9318,1
Gradient_Boosting,4,4,19,8281,0,0.0477,0
Gradient_Boosting,4,4,19,8221,1,0.9362,1
Baseline_Majority,4,5,20,8951,0,0.5308,1
Baseline_Majority,4,5,20,8063,0,0.5308,1
Baseline_Majority,4,5,20,8979,1,0.5308,1
Baseline_Majority,4,5,20,8959,0,0.5308,1
Baseline_Majority,4,5,20,8225,1,0.5308,1
Baseline_Majority,4,5,20,8484,0,0.5308,1
Baseline_Majority,4,5,20,8881,0,0.5308,1
Baseline_Majority,4,5,20,8611,1,0.5308,1
Baseline_Majority,4,5,20,8623,0,0.5308,1
Baseline_Majority,4,5,20,8308,0,0.5308,1
Baseline_Majority,4,5,20,8880,1,0.5308,1
Baseline_Majority,4,5,20,8819,1,0.5308,1
Baseline_Majority,4,5,20,8308,1,0.5308,1
Baseline_Majority,4,5,20,8189,0,0.5308,1
Baseline_Majority,4,5,20,8736,1,0.5308,1
Baseline_Majority,4,5,20,8572,0,0.5308,1
Baseline_Majority,4,5,20,8679,1,0.5308,1
Baseline_Majority,4,5,20,8628,0,0.5308,1
Baseline_Majority,4,5,20,8972,1,0.5308,1
Baseline_Majority,4,5,20,8209,0,0.5308,1
Baseline_Majority,4,5,20,8230,1,0.5308,1
Baseline_Majority,4,5,20,8956,0,0.5308,1
Baseline_Majority,4,5,20,8112,1,0.5308,1
Baseline_Majority,4,5,20,8585,0,0.5308,1
Baseline_Majority,4,5,20,8355,1,0.5308,1
Baseline_Majority,4,5,20,8835,0,0.5308,1
Baseline_Majority,4,5,20,8011,1,0.5308,1
Baseline_Majority,4,5,20,8684,1,0.5308,1
Baseline_Majority,4,5,20,8543,0,0.5308,1
Baseline_Majority,4,5,20,8427,1,0.5308,1
Baseline_Majority,4,5,20,8504,1,0.5308,1
Logistic_Regression_L2,4,5,20,8951,0,0.1319,0
Logistic_Regression_L2,4,5,20,8063,0,0.0024,0
Logistic_Regression_L2,4,5,20,8979,1,0.9945,1
Logistic_Regression_L2,4,5,20,8959,0,0.1102,0
Logistic_Regression_L2,4,5,20,8225,1,0.9173,1
Logistic_Regression_L2,4,5,20,8484,0,0.0533,0
Logistic_Regression_L2,4,5,20,8881,0,0.3539,0
Logistic_Regression_L2,4,5,20,8611,1,0.9085,1
Logistic_Regression_L2,4,5,20,8623,0,0.3489,0
Logistic_Regression_L2,4,5,20,8308,0,0.4253,0
Logistic_Regression_L2,4,5,20,8880,1,0.9925,1
Logistic_Regression_L2,4,5,20,8819,1,0.9939,1
Logistic_Regression_L2,4,5,20,8308,1,0.939,1
Logistic_Regression_L2,4,5,20,8189,0,0.0934,0
Logistic_Regression_L2,4,5,20,8736,1,0.9149,1
Logistic_Regression_L2,4,5,20,8572,0,0.0349,0
Logistic_Regression_L2,4,5,20,8679,1,0.9646,1
Logistic_Regression_L2,4,5,20,8628,0,0.0973,0
Logistic_Regression_L2,4,5,20,8972,1,0.9899,1
Logistic_Regression_L2,4,5,20,8209,0,0.0018,0
Logistic_Regression_L2,4,5,20,8230,1,0.6656,1
Logistic_Regression_L2,4,5,20,8956,0,0.0019,0
Logistic_Regression_L2,4,5,20,8112,1,0.9708,1
Logistic_Regression_L2,4,5,20,8585,0,0.033,0
Logistic_Regression_L2,4,5,20,8355,1,0.9487,1
Logistic_Regression_L2,4,5,20,8835,0,0.0229,0
Logistic_Regression_L2,4,5,20,8011,1,0.8698,1
Logistic_Regression_L2,4,5,20,8684,1,0.9804,1
Logistic_Regression_L2,4,5,20,8543,0,0.0048,0
Logistic_Regression_L2,4,5,20,8427,1,0.946,1
Logistic_Regression_L2,4,5,20,8504,1,0.7924,1
Logistic_Regression_L1,4,5,20,8951,0,0.091,0
Logistic_Regression_L1,4,5,20,8063,0,0.0011,0
Logistic_Regression_L1,4,5,20,8979,1,0.9965,1
Logistic_Regression_L1,4,5,20,8959,0,0.0963,0
Logistic_Regression_L1,4,5,20,8225,1,0.9321,1
Logistic_Regression_L1,4,5,20,8484,0,0.0442,0
Logistic_Regression_L1,4,5,20,8881,0,0.3263,0
Logistic_Regression_L1,4,5,20,8611,1,0.92,1
Logistic_Regression_L1,4,5,20,8623,0,0.3574,0
Logistic_Regression_L1,4,5,20,8308,0,0.3616,0
Logistic_Regression_L1,4,5,20,8880,1,0.9955,1
Logistic_Regression_L1,4,5,20,8819,1,0.9961,1
Logistic_Regression_L1,4,5,20,8308,1,0.9521,1
Logistic_Regression_L1,4,5,20,8189,0,0.08,0
Logistic_Regression_L1,4,5,20,8736,1,0.9288,1
Logistic_Regression_L1,4,5,20,8572,0,0.0243,0
Logistic_Regression_L1,4,5,20,8679,1,0.9698,1
Logistic_Regression_L1,4,5,20,8628,0,0.0778,0
Logistic_Regression_L1,4,5,20,8972,1,0.9932,1
Logistic_Regression_L1,4,5,20,8209,0,0.001,0
Logistic_Regression_L1,4,5,20,8230,1,0.6675,1
Logistic_Regression_L1,4,5,20,8956,0,0.0007,0
Logistic_Regression_L1,4,5,20,8112,1,0.9768,1
Logistic_Regression_L1,4,5,20,8585,0,0.0316,0
Logistic_Regression_L1,4,5,20,8355,1,0.9589,1
Logistic_Regression_L1,4,5,20,8835,0,0.0172,0
Logistic_Regression_L1,4,5,20,8011,1,0.8866,1
Logistic_Regression_L1,4,5,20,8684,1,0.9853,1
Logistic_Regression_L1,4,5,20,8543,0,0.0032,0
Logistic_Regression_L1,4,5,20,8427,1,0.951,1
Logistic_Regression_L1,4,5,20,8504,1,0.8061,1
Logistic_Regression_ElasticNet,4,5,20,8951,0,0.1134,0
Logistic_Regression_ElasticNet,4,5,20,8063,0,0.0017,0
Logistic_Regression_ElasticNet,4,5,20,8979,1,0.9954,1
Logistic_Regression_ElasticNet,4,5,20,8959,0,0.1051,0
Logistic_Regression_ElasticNet,4,5,20,8225,1,0.9235,1
Logistic_Regression_ElasticNet,4,5,20,8484,0,0.0498,0
Logistic_Regression_ElasticNet,4,5,20,8881,0,0.3428,0
Logistic_Regression_ElasticNet,4,5,20,8611,1,0.9131,1
Logistic_Regression_ElasticNet,4,5,20,8623,0,0.3542,0
Logistic_Regression_ElasticNet,4,5,20,8308,0,0.3995,0
Logistic_Regression_ElasticNet,4,5,20,8880,1,0.9939,1
Logistic_Regression_ElasticNet,4,5,20,8819,1,0.9949,1
Logistic_Regression_ElasticNet,4,5,20,8308,1,0.9446,1
Logistic_Regression_ElasticNet,4,5,20,8189,0,0.0889,0
Logistic_Regression_ElasticNet,4,5,20,8736,1,0.9208,1
Logistic_Regression_ElasticNet,4,5,20,8572,0,0.0304,0
Logistic_Regression_ElasticNet,4,5,20,8679,1,0.9666,1
Logistic_Regression_ElasticNet,4,5,20,8628,0,0.0894,0
Logistic_Regression_ElasticNet,4,5,20,8972,1,0.9913,1
Logistic_Regression_ElasticNet,4,5,20,8209,0,0.0015,0
Logistic_Regression_ElasticNet,4,5,20,8230,1,0.6668,1
Logistic_Regression_ElasticNet,4,5,20,8956,0,0.0012,0
Logistic_Regression_ElasticNet,4,5,20,8112,1,0.9733,1
Logistic_Regression_ElasticNet,4,5,20,8585,0,0.0329,0
Logistic_Regression_ElasticNet,4,5,20,8355,1,0.953,1
Logistic_Regression_ElasticNet,4,5,20,8835,0,0.0207,0
Logistic_Regression_ElasticNet,4,5,20,8011,1,0.8767,1
Logistic_Regression_ElasticNet,4,5,20,8684,1,0.9825,1
Logistic_Regression_ElasticNet,4,5,20,8543,0,0.0041,0
Logistic_Regression_ElasticNet,4,5,20,8427,1,0.9475,1
Logistic_Regression_ElasticNet,4,5,20,8504,1,0.7982,1
Decision_Tree,4,5,20,8951,0,0.0,0
Decision_Tree,4,5,20,8063,0,0.0,0
Decision_Tree,4,5,20,8979,1,0.9836,1
Decision_Tree,4,5,20,8959,0,0.0,0
Decision_Tree,4,5,20,8225,1,0.9836,1
Decision_Tree,4,5,20,8484,0,0.0,0
Decision_Tree,4,5,20,8881,0,0.0,0
Decision_Tree,4,5,20,8611,1,0.9836,1
Decision_Tree,4,5,20,8623,0,0.0,0
Decision_Tree,4,5,20,8308,0,0.6667,1
Decision_Tree,4,5,20,8880,1,0.9836,1
Decision_Tree,4,5,20,8819,1,0.9836,1
Decision_Tree,4,5,20,8308,1,0.9836,1
Decision_Tree,4,5,20,8189,0,0.9836,1
Decision_Tree,4,5,20,8736,1,0.9836,1
Decision_Tree,4,5,20,8572,0,0.0,0
Decision_Tree,4,5,20,8679,1,0.9836,1
Decision_Tree,4,5,20,8628,0,0.0,0
Decision_Tree,4,5,20,8972,1,0.9836,1
Decision_Tree,4,5,20,8209,0,0.0,0
Decision_Tree,4,5,20,8230,1,0.9836,1
Decision_Tree,4,5,20,8956,0,0.0,0
Decision_Tree,4,5,20,8112,1,0.9836,1
Decision_Tree,4,5,20,8585,0,0.0,0
Decision_Tree,4,5,20,8355,1,0.9836,1
Decision_Tree,4,5,20,8835,0,0.0,0
Decision_Tree,4,5,20,8011,1,0.9836,1
Decision_Tree,4,5,20,8684,1,0.9836,1
Decision_Tree,4,5,20,8543,0,0.0,0
Decision_Tree,4,5,20,8427,1,0.6667,1
Decision_Tree,4,5,20,8504,1,0.9836,1
Random_Forest,4,5,20,8951,0,0.1046,0
Random_Forest,4,5,20,8063,0,0.0364,0
Random_Forest,4,5,20,8979,1,0.968,1
Random_Forest,4,5,20,8959,0,0.1805,0
Random_Forest,4,5,20,8225,1,0.9573,1
Random_Forest,4,5,20,8484,0,0.0843,0
Random_Forest,4,5,20,8881,0,0.1845,0
Random_Forest,4,5,20,8611,1,0.9703,1
Random_Forest,4,5,20,8623,0,0.1505,0
Random_Forest,4,5,20,8308,0,0.5037,1
Random_Forest,4,5,20,8880,1,0.8372,1
Random_Forest,4,5,20,8819,1,0.9637,1
Random_Forest,4,5,20,8308,1,0.9644,1
Random_Forest,4,5,20,8189,0,0.1935,0
Random_Forest,4,5,20,8736,1,0.9638,1
Random_Forest,4,5,20,8572,0,0.1476,0
Random_Forest,4,5,20,8679,1,0.9453,1
Random_Forest,4,5,20,8628,0,0.1125,0
Random_Forest,4,5,20,8972,1,0.8358,1
Random_Forest,4,5,20,8209,0,0.0145,0
Random_Forest,4,5,20,8230,1,0.9387,1
Random_Forest,4,5,20,8956,0,0.0193,0
Random_Forest,4,5,20,8112,1,0.9726,1
Random_Forest,4,5,20,8585,0,0.0505,0
Random_Forest,4,5,20,8355,1,0.9726,1
Random_Forest,4,5,20,8835,0,0.0338,0
Random_Forest,4,5,20,8011,1,0.961,1
Random_Forest,4,5,20,8684,1,0.9549,1
Random_Forest,4,5,20,8543,0,0.013,0
Random_Forest,4,5,20,8427,1,0.7119,1
Random_Forest,4,5,20,8504,1,0.9488,1
Gradient_Boosting,4,5,20,8951,0,0.0806,0
Gradient_Boosting,4,5,20,8063,0,0.0628,0
Gradient_Boosting,4,5,20,8979,1,0.9201,1
Gradient_Boosting,4,5,20,8959,0,0.1513,0
Gradient_Boosting,4,5,20,8225,1,0.9201,1
Gradient_Boosting,4,5,20,8484,0,0.0193,0
Gradient_Boosting,4,5,20,8881,0,0.0886,0
Gradient_Boosting,4,5,20,8611,1,0.9201,1
Gradient_Boosting,4,5,20,8623,0,0.0468,0
Gradient_Boosting,4,5,20,8308,0,0.5653,1
Gradient_Boosting,4,5,20,8880,1,0.9051,1
Gradient_Boosting,4,5,20,8819,1,0.9201,1
Gradient_Boosting,4,5,20,8308,1,0.9201,1
Gradient_Boosting,4,5,20,8189,0,0.1992,0
Gradient_Boosting,4,5,20,8736,1,0.9201,1
Gradient_Boosting,4,5,20,8572,0,0.0468,0
Gradient_Boosting,4,5,20,8679,1,0.9201,1
Gradient_Boosting,4,5,20,8628,0,0.0498,0
Gradient_Boosting,4,5,20,8972,1,0.9201,1
Gradient_Boosting,4,5,20,8209,0,0.0436,0
Gradient_Boosting,4,5,20,8230,1,0.9201,1
Gradient_Boosting,4,5,20,8956,0,0.0496,0
Gradient_Boosting,4,5,20,8112,1,0.9201,1
Gradient_Boosting,4,5,20,8585,0,0.0193,0
Gradient_Boosting,4,5,20,8355,1,0.9201,1
Gradient_Boosting,4,5,20,8835,0,0.0668,0
Gradient_Boosting,4,5,20,8011,1,0.9201,1
Gradient_Boosting,4,5,20,8684,1,0.9201,1
Gradient_Boosting,4,5,20,8543,0,0.0361,0
Gradient_Boosting,4,5,20,8427,1,0.6953,1
Gradient_Boosting,4,5,20,8504,1,0.9201,1
Baseline_Majority,5,1,21,8001,0,0.5271,1
Baseline_Majority,5,1,21,8596,1,0.5271,1
Baseline_Majority,5,1,21,8128,0,0.5271,1
Baseline_Majority,5,1,21,8228,0,0.5271,1
Baseline_Majority,5,1,21,8881,0,0.5271,1
Baseline_Majority,5,1,21,8667,0,0.5271,1
Baseline_Majority,5,1,21,8605,1,0.5271,1
Baseline_Majority,5,1,21,8898,0,0.5271,1
Baseline_Majority,5,1,21,8308,0,0.5271,1
Baseline_Majority,5,1,21,8640,1,0.5271,1
Baseline_Majority,5,1,21,8819,1,0.5271,1
Baseline_Majority,5,1,21,8228,0,0.5271,1
Baseline_Majority,5,1,21,8308,1,0.5271,1
Baseline_Majority,5,1,21,8756,0,0.5271,1
Baseline_Majority,5,1,21,8736,1,0.5271,1
Baseline_Majority,5,1,21,8612,1,0.5271,1
Baseline_Majority,5,1,21,8131,1,0.5271,1
Baseline_Majority,5,1,21,8342,1,0.5271,1
Baseline_Majority,5,1,21,8679,1,0.5271,1
Baseline_Majority,5,1,21,8859,0,0.5271,1
Baseline_Majority,5,1,21,8712,1,0.5271,1
Baseline_Majority,5,1,21,8508,0,0.5271,1
Baseline_Majority,5,1,21,8239,0,0.5271,1
Baseline_Majority,5,1,21,8396,1,0.5271,1
Baseline_Majority,5,1,21,8150,0,0.5271,1
Baseline_Majority,5,1,21,8190,1,0.5271,1
Baseline_Majority,5,1,21,8567,0,0.5271,1
Baseline_Majority,5,1,21,8173,1,0.5271,1
Baseline_Majority,5,1,21,8011,1,0.5271,1
Baseline_Majority,5,1,21,8862,1,0.5271,1
Baseline_Majority,5,1,21,8847,1,0.5271,1
Baseline_Majority,5,1,21,8090,0,0.5271,1
Logistic_Regression_L2,5,1,21,8001,0,0.8771,1
Logistic_Regression_L2,5,1,21,8596,1,0.7253,1
Logistic_Regression_L2,5,1,21,8128,0,0.0043,0
Logistic_Regression_L2,5,1,21,8228,0,0.0124,0
Logistic_Regression_L2,5,1,21,8881,0,0.6346,1
Logistic_Regression_L2,5,1,21,8667,0,0.0004,0
Logistic_Regression_L2,5,1,21,8605,1,0.9892,1
Logistic_Regression_L2,5,1,21,8898,0,0.0016,0
Logistic_Regression_L2,5,1,21,8308,0,0.4051,0
Logistic_Regression_L2,5,1,21,8640,1,0.977,1
Logistic_Regression_L2,5,1,21,8819,1,0.9962,1
Logistic_Regression_L2,5,1,21,8228,0,0.0826,0
Logistic_Regression_L2,5,1,21,8308,1,0.9647,1
Logistic_Regression_L2,5,1,21,8756,0,0.9418,1
Logistic_Regression_L2,5,1,21,8736,1,0.9249,1
Logistic_Regression_L2,5,1,21,8612,1,0.835,1
Logistic_Regression_L2,5,1,21,8131,1,0.9979,1
Logistic_Regression_L2,5,1,21,8342,1,0.8295,1
Logistic_Regression_L2,5,1,21,8679,1,0.9693,1
Logistic_Regression_L2,5,1,21,8859,0,0.0194,0
Logistic_Regression_L2,5,1,21,8712,1,0.9789,1
Logistic_Regression_L2,5,1,21,8508,0,0.0001,0
Logistic_Regression_L2,5,1,21,8239,0,0.0004,0
Logistic_Regression_L2,5,1,21,8396,1,0.9406,1
Logistic_Regression_L2,5,1,21,8150,0,0.0101,0
Logistic_Regression_L2,5,1,21,8190,1,0.9665,1
Logistic_Regression_L2,5,1,21,8567,0,0.0004,0
Logistic_Regression_L2,5,1,21,8173,1,0.8167,1
Logistic_Regression_L2,5,1,21,8011,1,0.8792,1
Logistic_Regression_L2,5,1,21,8862,1,0.4224,0
Logistic_Regression_L2,5,1,21,8847,1,0.9905,1
Logistic_Regression_L2,5,1,21,8090,0,0.0006,0
Logistic_Regression_L1,5,1,21,8001,0,0.9106,1
Logistic_Regression_L1,5,1,21,8596,1,0.749,1
Logistic_Regression_L1,5,1,21,8128,0,0.0013,0
Logistic_Regression_L1,5,1,21,8228,0,0.0055,0
Logistic_Regression_L1,5,1,21,8881,0,0.6868,1
Logistic_Regression_L1,5,1,21,8667,0,0.0001,0
Logistic_Regression_L1,5,1,21,8605,1,0.9934,1
Logistic_Regression_L1,5,1,21,8898,0,0.0007,0
Logistic_Regression_L1,5,1,21,8308,0,0.3192,0
Logistic_Regression_L1,5,1,21,8640,1,0.9859,1
Logistic_Regression_L1,5,1,21,8819,1,0.9984,1
Logistic_Regression_L1,5,1,21,8228,0,0.0407,0
Logistic_Regression_L1,5,1,21,8308,1,0.98,1
Logistic_Regression_L1,5,1,21,8756,0,0.9693,1
Logistic_Regression_L1,5,1,21,8736,1,0.9472,1
Logistic_Regression_L1,5,1,21,8612,1,0.8719,1
Logistic_Regression_L1,5,1,21,8131,1,0.9992,1
Logistic_Regression_L1,5,1,21,8342,1,0.8547,1
Logistic_Regression_L1,5,1,21,8679,1,0.9781,1
Logistic_Regression_L1,5,1,21,8859,0,0.0071,0
Logistic_Regression_L1,5,1,21,8712,1,0.9877,1
Logistic_Regression_L1,5,1,21,8508,0,0.0,0
Logistic_Regression_L1,5,1,21,8239,0,0.0001,0
Logistic_Regression_L1,5,1,21,8396,1,0.9576,1
Logistic_Regression_L1,5,1,21,8150,0,0.0032,0
Logistic_Regression_L1,5,1,21,8190,1,0.9819,1
Logistic_Regression_L1,5,1,21,8567,0,0.0001,0
Logistic_Regression_L1,5,1,21,8173,1,0.8464,1
Logistic_Regression_L1,5,1,21,8011,1,0.9054,1
Logistic_Regression_L1,5,1,21,8862,1,0.3752,0
Logistic_Regression_L1,5,1,21,8847,1,0.9957,1
Logistic_Regression_L1,5,1,21,8090,0,0.0002,0
Logistic_Regression_ElasticNet,5,1,21,8001,0,0.8919,1
Logistic_Regression_ElasticNet,5,1,21,8596,1,0.7339,1
Logistic_Regression_ElasticNet,5,1,21,8128,0,0.0028,0
Logistic_Regression_ElasticNet,5,1,21,8228,0,0.0093,0
Logistic_Regression_ElasticNet,5,1,21,8881,0,0.656,1
Logistic_Regression_ElasticNet,5,1,21,8667,0,0.0002,0
Logistic_Regression_ElasticNet,5,1,21,8605,1,0.9909,1
Logistic_Regression_ElasticNet,5,1,21,8898,0,0.0012,0
Logistic_Regression_ElasticNet,5,1,21,8308,0,0.373,0
Logistic_Regression_ElasticNet,5,1,21,8640,1,0.9809,1
Logistic_Regression_ElasticNet,5,1,21,8819,1,0.9972,1
Logistic_Regression_ElasticNet,5,1,21,8228,0,0.0642,0
Logistic_Regression_ElasticNet,5,1,21,8308,1,0.9714,1
Logistic_Regression_ElasticNet,5,1,21,8756,0,0.9541,1
Logistic_Regression_ElasticNet,5,1,21,8736,1,0.9339,1
Logistic_Regression_ElasticNet,5,1,21,8612,1,0.8499,1
Logistic_Regression_ElasticNet,5,1,21,8131,1,0.9985,1
Logistic_Regression_ElasticNet,5,1,21,8342,1,0.8395,1
Logistic_Regression_ElasticNet,5,1,21,8679,1,0.9727,1
Logistic_Regression_ElasticNet,5,1,21,8859,0,0.0134,0
Logistic_Regression_ElasticNet,5,1,21,8712,1,0.9825,1
Logistic_Regression_ElasticNet,5,1,21,8508,0,0.0001,0
Logistic_Regression_ElasticNet,5,1,21,8239,0,0.0002,0
Logistic_Regression_ElasticNet,5,1,21,8396,1,0.9473,1
Logistic_Regression_ElasticNet,5,1,21,8150,0,0.0066,0
Logistic_Regression_ElasticNet,5,1,21,8190,1,0.9734,1
Logistic_Regression_ElasticNet,5,1,21,8567,0,0.0002,0
Logistic_Regression_ElasticNet,5,1,21,8173,1,0.828,1
Logistic_Regression_ElasticNet,5,1,21,8011,1,0.8893,1
Logistic_Regression_ElasticNet,5,1,21,8862,1,0.4052,0
Logistic_Regression_ElasticNet,5,1,21,8847,1,0.993,1
Logistic_Regression_ElasticNet,5,1,21,8090,0,0.0004,0
Decision_Tree,5,1,21,8001,0,0.0,0
Decision_Tree,5,1,21,8596,1,0.9565,1
Decision_Tree,5,1,21,8128,0,0.0,0
Decision_Tree,5,1,21,8228,0,0.0,0
Decision_Tree,5,1,21,8881,0,0.0,0
Decision_Tree,5,1,21,8667,0,0.0,0
Decision_Tree,5,1,21,8605,1,0.9565,1
Decision_Tree,5,1,21,8898,0,0.0,0
Decision_Tree,5,1,21,8308,0,0.9565,1
Decision_Tree,5,1,21,8640,1,0.9565,1
Decision_Tree,5,1,21,8819,1,0.9565,1
Decision_Tree,5,1,21,8228,0,0.0,0
Decision_Tree,5,1,21,8308,1,0.9565,1
Decision_Tree,5,1,21,8756,0,0.9565,1
Decision_Tree,5,1,21,8736,1,0.9565,1
Decision_Tree,5,1,21,8612,1,0.9565,1
Decision_Tree,5,1,21,8131,1,0.9565,1
Decision_Tree,5,1,21,8342,1,0.9565,1
Decision_Tree,5,1,21,8679,1,0.9565,1
Decision_Tree,5,1,21,8859,0,0.0,0
Decision_Tree,5,1,21,8712,1,0.9565,1
Decision_Tree,5,1,21,8508,0,0.0,0
Decision_Tree,5,1,21,8239,0,0.0,0
Decision_Tree,5,1,21,8396,1,0.9565,1
Decision_Tree,5,1,21,8150,0,0.0,0
Decision_Tree,5,1,21,8190,1,0.9565,1
Decision_Tree,5,1,21,8567,0,0.0,0
Decision_Tree,5,1,21,8173,1,0.9565,1
Decision_Tree,5,1,21,8011,1,0.9565,1
Decision_Tree,5,1,21,8862,1,0.9565,1
Decision_Tree,5,1,21,8847,1,0.9565,1
Decision_Tree,5,1,21,8090,0,0.0,0
Random_Forest,5,1,21,8001,0,0.2365,0
Random_Forest,5,1,21,8596,1,0.9369,1
Random_Forest,5,1,21,8128,0,0.049,0
Random_Forest,5,1,21,8228,0,0.0104,0
Random_Forest,5,1,21,8881,0,0.217,0
Random_Forest,5,1,21,8667,0,0.0226,0
Random_Forest,5,1,21,8605,1,0.9296,1
Random_Forest,5,1,21,8898,0,0.021,0
Random_Forest,5,1,21,8308,0,0.5715,1
Random_Forest,5,1,21,8640,1,0.949,1
Random_Forest,5,1,21,8819,1,0.9584,1
Random_Forest,5,1,21,8228,0,0.1148,0
Random_Forest,5,1,21,8308,1,0.9751,1
Random_Forest,5,1,21,8756,0,0.6034,1
Random_Forest,5,1,21,8736,1,0.9565,1
Random_Forest,5,1,21,8612,1,0.9617,1
Random_Forest,5,1,21,8131,1,0.9339,1
Random_Forest,5,1,21,8342,1,0.931,1
Random_Forest,5,1,21,8679,1,0.9337,1
Random_Forest,5,1,21,8859,0,0.0594,0
Random_Forest,5,1,21,8712,1,0.954,1
Random_Forest,5,1,21,8508,0,0.0009,0
Random_Forest,5,1,21,8239,0,0.0137,0
Random_Forest,5,1,21,8396,1,0.9621,1
Random_Forest,5,1,21,8150,0,0.0402,0
Random_Forest,5,1,21,8190,1,0.9503,1
Random_Forest,5,1,21,8567,0,0.0063,0
Random_Forest,5,1,21,8173,1,0.9621,1
Random_Forest,5,1,21,8011,1,0.9692,1
Random_Forest,5,1,21,8862,1,0.8962,1
Random_Forest,5,1,21,8847,1,0.9363,1
Random_Forest,5,1,21,8090,0,0.0136,0
Gradient_Boosting,5,1,21,8001,0,0.0788,0
Gradient_Boosting,5,1,21,8596,1,0.9197,1
Gradient_Boosting,5,1,21,8128,0,0.0626,0
Gradient_Boosting,5,1,21,8228,0,0.05,0
Gradient_Boosting,5,1,21,8881,0,0.1189,0
Gradient_Boosting,5,1,21,8667,0,0.0615,0
Gradient_Boosting,5,1,21,8605,1,0.9197,1
Gradient_Boosting,5,1,21,8898,0,0.0467,0
Gradient_Boosting,5,1,21,8308,0,0.7157,1
Gradient_Boosting,5,1,21,8640,1,0.926,1
Gradient_Boosting,5,1,21,8819,1,0.926,1
Gradient_Boosting,5,1,21,8228,0,0.1442,0
Gradient_Boosting,5,1,21,8308,1,0.926,1
Gradient_Boosting,5,1,21,8756,0,0.8105,1
Gradient_Boosting,5,1,21,8736,1,0.9197,1
Gradient_Boosting,5,1,21,8612,1,0.926,1
Gradient_Boosting,5,1,21,8131,1,0.926,1
Gradient_Boosting,5,1,21,8342,1,0.9229,1
Gradient_Boosting,5,1,21,8679,1,0.926,1
Gradient_Boosting,5,1,21,8859,0,0.0496,0
Gradient_Boosting,5,1,21,8712,1,0.9197,1
Gradient_Boosting,5,1,21,8508,0,0.062,0
Gradient_Boosting,5,1,21,8239,0,0.0455,0
Gradient_Boosting,5,1,21,8396,1,0.9197,1
Gradient_Boosting,5,1,21,8150,0,0.0501,0
Gradient_Boosting,5,1,21,8190,1,0.8907,1
Gradient_Boosting,5,1,21,8567,0,0.0469,0
Gradient_Boosting,5,1,21,8173,1,0.9197,1
Gradient_Boosting,5,1,21,8011,1,0.9197,1
Gradient_Boosting,5,1,21,8862,1,0.9197,1
Gradient_Boosting,5,1,21,8847,1,0.926,1
Gradient_Boosting,5,1,21,8090,0,0.0469,0
Baseline_Majority,5,2,22,8470,0,0.5271,1
Baseline_Majority,5,2,22,8778,1,0.5271,1
Baseline_Majority,5,2,22,8072,0,0.5271,1
Baseline_Majority,5,2,22,8303,0,0.5271,1
Baseline_Majority,5,2,22,8733,0,0.5271,1
Baseline_Majority,5,2,22,8083,1,0.5271,1
Baseline_Majority,5,2,22,8776,0,0.5271,1
Baseline_Majority,5,2,22,8897,0,0.5271,1
Baseline_Majority,5,2,22,8051,1,0.5271,1
Baseline_Majority,5,2,22,8610,0,0.5271,1
Baseline_Majority,5,2,22,8959,0,0.5271,1
Baseline_Majority,5,2,22,8648,0,0.5271,1
Baseline_Majority,5,2,22,8611,1,0.5271,1
Baseline_Majority,5,2,22,8278,1,0.5271,1
Baseline_Majority,5,2,22,8317,1,0.5271,1
Baseline_Majority,5,2,22,8341,1,0.5271,1
Baseline_Majority,5,2,22,8445,1,0.5271,1
Baseline_Majority,5,2,22,8628,0,0.5271,1
Baseline_Majority,5,2,22,8789,0,0.5271,1
Baseline_Majority,5,2,22,8708,1,0.5271,1
Baseline_Majority,5,2,22,8355,1,0.5271,1
Baseline_Majority,5,2,22,8089,1,0.5271,1
Baseline_Majority,5,2,22,8591,1,0.5271,1
Baseline_Majority,5,2,22,8192,0,0.5271,1
Baseline_Majority,5,2,22,8609,0,0.5271,1
Baseline_Majority,5,2,22,8121,0,0.5271,1
Baseline_Majority,5,2,22,8303,1,0.5271,1
Baseline_Majority,5,2,22,8684,1,0.5271,1
Baseline_Majority,5,2,22,8753,1,0.5271,1
Baseline_Majority,5,2,22,8261,1,0.5271,1
Baseline_Majority,5,2,22,8729,0,0.5271,1
Baseline_Majority,5,2,22,8427,1,0.5271,1
Logistic_Regression_L2,5,2,22,8470,0,0.0,0
Logistic_Regression_L2,5,2,22,8778,1,0.9681,1
Logistic_Regression_L2,5,2,22,8072,0,0.0128,0
Logistic_Regression_L2,5,2,22,8303,0,0.2217,0
Logistic_Regression_L2,5,2,22,8733,0,0.3067,0
Logistic_Regression_L2,5,2,22,8083,1,0.7637,1
Logistic_Regression_L2,5,2,22,8776,0,0.0074,0
Logistic_Regression_L2,5,2,22,8897,0,0.2948,0
Logistic_Regression_L2,5,2,22,8051,1,0.9836,1
Logistic_Regression_L2,5,2,22,8610,0,0.017,0
Logistic_Regression_L2,5,2,22,8959,0,0.0933,0
Logistic_Regression_L2,5,2,22,8648,0,0.0242,0
Logistic_Regression_L2,5,2,22,8611,1,0.9119,1
Logistic_Regression_L2,5,2,22,8278,1,0.7655,1
Logistic_Regression_L2,5,2,22,8317,1,0.6168,1
Logistic_Regression_L2,5,2,22,8341,1,0.9587,1
Logistic_Regression_L2,5,2,22,8445,1,0.9536,1
Logistic_Regression_L2,5,2,22,8628,0,0.1126,0
Logistic_Regression_L2,5,2,22,8789,0,0.0637,0
Logistic_Regression_L2,5,2,22,8708,1,0.9754,1
Logistic_Regression_L2,5,2,22,8355,1,0.9517,1
Logistic_Regression_L2,5,2,22,8089,1,0.9595,1
Logistic_Regression_L2,5,2,22,8591,1,0.9968,1
Logistic_Regression_L2,5,2,22,8192,0,0.4204,0
Logistic_Regression_L2,5,2,22,8609,0,0.006,0
Logistic_Regression_L2,5,2,22,8121,0,0.7269,1
Logistic_Regression_L2,5,2,22,8303,1,0.8726,1
Logistic_Regression_L2,5,2,22,8684,1,0.9839,1
Logistic_Regression_L2,5,2,22,8753,1,0.9932,1
Logistic_Regression_L2,5,2,22,8261,1,0.6028,1
Logistic_Regression_L2,5,2,22,8729,0,0.0081,0
Logistic_Regression_L2,5,2,22,8427,1,0.9489,1
Logistic_Regression_L1,5,2,22,8470,0,0.0,0
Logistic_Regression_L1,5,2,22,8778,1,0.9758,1
Logistic_Regression_L1,5,2,22,8072,0,0.0088,0
Logistic_Regression_L1,5,2,22,8303,0,0.2267,0
Logistic_Regression_L1,5,2,22,8733,0,0.2385,0
Logistic_Regression_L1,5,2,22,8083,1,0.7949,1
Logistic_Regression_L1,5,2,22,8776,0,0.0029,0
Logistic_Regression_L1,5,2,22,8897,0,0.2721,0
Logistic_Regression_L1,5,2,22,8051,1,0.9888,1
Logistic_Regression_L1,5,2,22,8610,0,0.0093,0
Logistic_Regression_L1,5,2,22,8959,0,0.0776,0
Logistic_Regression_L1,5,2,22,8648,0,0.0133,0
Logistic_Regression_L1,5,2,22,8611,1,0.9231,1
Logistic_Regression_L1,5,2,22,8278,1,0.7657,1
Logistic_Regression_L1,5,2,22,8317,1,0.5918,1
Logistic_Regression_L1,5,2,22,8341,1,0.9681,1
Logistic_Regression_L1,5,2,22,8445,1,0.9596,1
Logistic_Regression_L1,5,2,22,8628,0,0.0914,0
Logistic_Regression_L1,5,2,22,8789,0,0.0451,0
Logistic_Regression_L1,5,2,22,8708,1,0.982,1
Logistic_Regression_L1,5,2,22,8355,1,0.9612,1
Logistic_Regression_L1,5,2,22,8089,1,0.9669,1
Logistic_Regression_L1,5,2,22,8591,1,0.998,1
Logistic_Regression_L1,5,2,22,8192,0,0.3352,0
Logistic_Regression_L1,5,2,22,8609,0,0.0036,0
Logistic_Regression_L1,5,2,22,8121,0,0.6936,1
Logistic_Regression_L1,5,2,22,8303,1,0.8825,1
Logistic_Regression_L1,5,2,22,8684,1,0.9882,1
Logistic_Regression_L1,5,2,22,8753,1,0.9955,1
Logistic_Regression_L1,5,2,22,8261,1,0.5977,1
Logistic_Regression_L1,5,2,22,8729,0,0.0032,0
Logistic_Regression_L1,5,2,22,8427,1,0.9541,1
Logistic_Regression_ElasticNet,5,2,22,8470,0,0.0,0
Logistic_Regression_ElasticNet,5,2,22,8778,1,0.9715,1
Logistic_Regression_ElasticNet,5,2,22,8072,0,0.0111,0
Logistic_Regression_ElasticNet,5,2,22,8303,0,0.224,0
Logistic_Regression_ElasticNet,5,2,22,8733,0,0.2787,0
Logistic_Regression_ElasticNet,5,2,22,8083,1,0.7768,1
Logistic_Regression_ElasticNet,5,2,22,8776,0,0.0052,0
Logistic_Regression_ElasticNet,5,2,22,8897,0,0.2869,0
Logistic_Regression_ElasticNet,5,2,22,8051,1,0.9859,1
Logistic_Regression_ElasticNet,5,2,22,8610,0,0.0135,0
Logistic_Regression_ElasticNet,5,2,22,8959,0,0.0871,0
Logistic_Regression_ElasticNet,5,2,22,8648,0,0.0193,0
Logistic_Regression_ElasticNet,5,2,22,8611,1,0.9163,1
Logistic_Regression_ElasticNet,5,2,22,8278,1,0.7662,1
Logistic_Regression_ElasticNet,5,2,22,8317,1,0.6067,1
Logistic_Regression_ElasticNet,5,2,22,8341,1,0.9627,1
Logistic_Regression_ElasticNet,5,2,22,8445,1,0.9557,1
Logistic_Regression_ElasticNet,5,2,22,8628,0,0.1037,0
Logistic_Regression_ElasticNet,5,2,22,8789,0,0.056,0
Logistic_Regression_ElasticNet,5,2,22,8708,1,0.9782,1
Logistic_Regression_ElasticNet,5,2,22,8355,1,0.9557,1
Logistic_Regression_ElasticNet,5,2,22,8089,1,0.9626,1
Logistic_Regression_ElasticNet,5,2,22,8591,1,0.9973,1
Logistic_Regression_ElasticNet,5,2,22,8192,0,0.3865,0
Logistic_Regression_ElasticNet,5,2,22,8609,0,0.0049,0
Logistic_Regression_ElasticNet,5,2,22,8121,0,0.7122,1
Logistic_Regression_ElasticNet,5,2,22,8303,1,0.8765,1
Logistic_Regression_ElasticNet,5,2,22,8684,1,0.9857,1
Logistic_Regression_ElasticNet,5,2,22,8753,1,0.9943,1
Logistic_Regression_ElasticNet,5,2,22,8261,1,0.6006,1
Logistic_Regression_ElasticNet,5,2,22,8729,0,0.0056,0
Logistic_Regression_ElasticNet,5,2,22,8427,1,0.9507,1
Decision_Tree,5,2,22,8470,0,0.0,0
Decision_Tree,5,2,22,8778,1,0.9839,1
Decision_Tree,5,2,22,8072,0,0.0,0
Decision_Tree,5,2,22,8303,0,0.0,0
Decision_Tree,5,2,22,8733,0,0.0,0
Decision_Tree,5,2,22,8083,1,0.9839,1
Decision_Tree,5,2,22,8776,0,0.0,0
Decision_Tree,5,2,22,8897,0,0.7143,1
Decision_Tree,5,2,22,8051,1,0.9839,1
Decision_Tree,5,2,22,8610,0,0.0,0
Decision_Tree,5,2,22,8959,0,0.0,0
Decision_Tree,5,2,22,8648,0,0.0,0
Decision_Tree,5,2,22,8611,1,0.9839,1
Decision_Tree,5,2,22,8278,1,0.9839,1
Decision_Tree,5,2,22,8317,1,0.7143,1
Decision_Tree,5,2,22,8341,1,0.9839,1
Decision_Tree,5,2,22,8445,1,0.9839,1
Decision_Tree,5,2,22,8628,0,0.0,0
Decision_Tree,5,2,22,8789,0,0.0,0
Decision_Tree,5,2,22,8708,1,0.9839,1
Decision_Tree,5,2,22,8355,1,0.9839,1
Decision_Tree,5,2,22,8089,1,0.9839,1
Decision_Tree,5,2,22,8591,1,0.9839,1
Decision_Tree,5,2,22,8192,0,0.7143,1
Decision_Tree,5,2,22,8609,0,0.0,0
Decision_Tree,5,2,22,8121,0,0.0,0
Decision_Tree,5,2,22,8303,1,0.9839,1
Decision_Tree,5,2,22,8684,1,0.9839,1
Decision_Tree,5,2,22,8753,1,0.9839,1
Decision_Tree,5,2,22,8261,1,0.9839,1
Decision_Tree,5,2,22,8729,0,0.0,0
Decision_Tree,5,2,22,8427,1,0.7143,1
Random_Forest,5,2,22,8470,0,0.0006,0
Random_Forest,5,2,22,8778,1,0.9598,1
Random_Forest,5,2,22,8072,0,0.017,0
Random_Forest,5,2,22,8303,0,0.109,0
Random_Forest,5,2,22,8733,0,0.1819,0
Random_Forest,5,2,22,8083,1,0.9245,1
Random_Forest,5,2,22,8776,0,0.0325,0
Random_Forest,5,2,22,8897,0,0.5944,1
Random_Forest,5,2,22,8051,1,0.974,1
Random_Forest,5,2,22,8610,0,0.0838,0
Random_Forest,5,2,22,8959,0,0.205,0
Random_Forest,5,2,22,8648,0,0.3368,0
Random_Forest,5,2,22,8611,1,0.9671,1
Random_Forest,5,2,22,8278,1,0.9399,1
Random_Forest,5,2,22,8317,1,0.6726,1
Random_Forest,5,2,22,8341,1,0.9708,1
Random_Forest,5,2,22,8445,1,0.8445,1
Random_Forest,5,2,22,8628,0,0.0938,0
Random_Forest,5,2,22,8789,0,0.0886,0
Random_Forest,5,2,22,8708,1,0.9251,1
Random_Forest,5,2,22,8355,1,0.974,1
Random_Forest,5,2,22,8089,1,0.9005,1
Random_Forest,5,2,22,8591,1,0.9662,1
Random_Forest,5,2,22,8192,0,0.5576,1
Random_Forest,5,2,22,8609,0,0.009,0
Random_Forest,5,2,22,8121,0,0.2896,0
Random_Forest,5,2,22,8303,1,0.9655,1
Random_Forest,5,2,22,8684,1,0.9209,1
Random_Forest,5,2,22,8753,1,0.9562,1
Random_Forest,5,2,22,8261,1,0.9371,1
Random_Forest,5,2,22,8729,0,0.0144,0
Random_Forest,5,2,22,8427,1,0.6945,1
Gradient_Boosting,5,2,22,8470,0,0.0511,0
Gradient_Boosting,5,2,22,8778,1,0.9191,1
Gradient_Boosting,5,2,22,8072,0,0.0626,0
Gradient_Boosting,5,2,22,8303,0,0.0766,0
Gradient_Boosting,5,2,22,8733,0,0.0907,0
Gradient_Boosting,5,2,22,8083,1,0.9246,1
Gradient_Boosting,5,2,22,8776,0,0.0762,0
Gradient_Boosting,5,2,22,8897,0,0.6865,1
Gradient_Boosting,5,2,22,8051,1,0.9246,1
Gradient_Boosting,5,2,22,8610,0,0.0681,0
Gradient_Boosting,5,2,22,8959,0,0.187,0
Gradient_Boosting,5,2,22,8648,0,0.327,0
Gradient_Boosting,5,2,22,8611,1,0.9246,1
Gradient_Boosting,5,2,22,8278,1,0.9191,1
Gradient_Boosting,5,2,22,8317,1,0.7195,1
Gradient_Boosting,5,2,22,8341,1,0.9246,1
Gradient_Boosting,5,2,22,8445,1,0.8971,1
Gradient_Boosting,5,2,22,8628,0,0.0508,0
Gradient_Boosting,5,2,22,8789,0,0.0907,0
Gradient_Boosting,5,2,22,8708,1,0.8971,1
Gradient_Boosting,5,2,22,8355,1,0.9246,1
Gradient_Boosting,5,2,22,8089,1,0.8898,1
Gradient_Boosting,5,2,22,8591,1,0.9246,1
Gradient_Boosting,5,2,22,8192,0,0.5975,1
Gradient_Boosting,5,2,22,8609,0,0.0729,0
Gradient_Boosting,5,2,22,8121,0,0.2797,0
Gradient_Boosting,5,2,22,8303,1,0.9246,1
Gradient_Boosting,5,2,22,8684,1,0.8971,1
Gradient_Boosting,5,2,22,8753,1,0.9191,1
Gradient_Boosting,5,2,22,8261,1,0.9246,1
Gradient_Boosting,5,2,22,8729,0,0.049,0
Gradient_Boosting,5,2,22,8427,1,0.7195,1
Baseline_Majority,5,3,23,8656,1,0.5312,1
Baseline_Majority,5,3,23,8360,1,0.5312,1
Baseline_Majority,5,3,23,8422,1,0.5312,1
Baseline_Majority,5,3,23,8979,1,0.5312,1
Baseline_Majority,5,3,23,8198,0,0.5312,1
Baseline_Majority,5,3,23,8623,0,0.5312,1
Baseline_Majority,5,3,23,8745,1,0.5312,1
Baseline_Majority,5,3,23,8863,1,0.5312,1
Baseline_Majority,5,3,23,8489,1,0.5312,1
Baseline_Majority,5,3,23,8189,0,0.5312,1
Baseline_Majority,5,3,23,8086,0,0.5312,1
Baseline_Majority,5,3,23,8516,1,0.5312,1
Baseline_Majority,5,3,23,8657,1,0.5312,1
Baseline_Majority,5,3,23,8572,0,0.5312,1
Baseline_Majority,5,3,23,8092,0,0.5312,1
Baseline_Majority,5,3,23,8198,1,0.5312,1
Baseline_Majority,5,3,23,8498,0,0.5312,1
Baseline_Majority,5,3,23,8540,1,0.5312,1
Baseline_Majority,5,3,23,8656,1,0.5312,1
Baseline_Majority,5,3,23,8919,1,0.5312,1
Baseline_Majority,5,3,23,8585,0,0.5312,1
Baseline_Majority,5,3,23,8288,0,0.5312,1
Baseline_Majority,5,3,23,8309,1,0.5312,1
Baseline_Majority,5,3,23,8933,0,0.5312,1
Baseline_Majority,5,3,23,8417,0,0.5312,1
Baseline_Majority,5,3,23,8357,0,0.5312,1
Baseline_Majority,5,3,23,8764,1,0.5312,1
Baseline_Majority,5,3,23,8076,0,0.5312,1
Baseline_Majority,5,3,23,8489,0,0.5312,1
Baseline_Majority,5,3,23,8281,0,0.5312,1
Baseline_Majority,5,3,23,8221,1,0.5312,1
Baseline_Majority,5,3,23,8061,0,0.5312,1
Baseline_Majority,5,3,23,8504,1,0.5312,1
Logistic_Regression_L2,5,3,23,8656,1,0.4554,0
Logistic_Regression_L2,5,3,23,8360,1,0.9048,1
Logistic_Regression_L2,5,3,23,8422,1,0.907,1
Logistic_Regression_L2,5,3,23,8979,1,0.9965,1
Logistic_Regression_L2,5,3,23,8198,0,0.1222,0
Logistic_Regression_L2,5,3,23,8623,0,0.416,0
Logistic_Regression_L2,5,3,23,8745,1,0.882,1
Logistic_Regression_L2,5,3,23,8863,1,0.9963,1
Logistic_Regression_L2,5,3,23,8489,1,0.9923,1
Logistic_Regression_L2,5,3,23,8189,0,0.0666,0
Logistic_Regression_L2,5,3,23,8086,0,0.8904,1
Logistic_Regression_L2,5,3,23,8516,1,0.9362,1
Logistic_Regression_L2,5,3,23,8657,1,0.9589,1
Logistic_Regression_L2,5,3,23,8572,0,0.0309,0
Logistic_Regression_L2,5,3,23,8092,0,0.0046,0
Logistic_Regression_L2,5,3,23,8198,1,0.9688,1
Logistic_Regression_L2,5,3,23,8498,0,0.181,0
Logistic_Regression_L2,5,3,23,8540,1,0.8993,1
Logistic_Regression_L2,5,3,23,8656,1,0.8665,1
Logistic_Regression_L2,5,3,23,8919,1,0.9634,1
Logistic_Regression_L2,5,3,23,8585,0,0.0311,0
Logistic_Regression_L2,5,3,23,8288,0,0.0388,0
Logistic_Regression_L2,5,3,23,8309,1,0.6022,1
Logistic_Regression_L2,5,3,23,8933,0,0.0376,0
Logistic_Regression_L2,5,3,23,8417,0,0.0006,0
Logistic_Regression_L2,5,3,23,8357,0,0.9702,1
Logistic_Regression_L2,5,3,23,8764,1,0.7973,1
Logistic_Regression_L2,5,3,23,8076,0,0.6574,1
Logistic_Regression_L2,5,3,23,8489,0,0.0002,0
Logistic_Regression_L2,5,3,23,8281,0,0.0226,0
Logistic_Regression_L2,5,3,23,8221,1,0.9953,1
Logistic_Regression_L2,5,3,23,8061,0,0.5961,1
Logistic_Regression_L2,5,3,23,8504,1,0.8436,1
Logistic_Regression_L1,5,3,23,8656,1,0.4749,0
Logistic_Regression_L1,5,3,23,8360,1,0.9473,1
Logistic_Regression_L1,5,3,23,8422,1,0.9245,1
Logistic_Regression_L1,5,3,23,8979,1,0.9988,1
Logistic_Regression_L1,5,3,23,8198,0,0.064,0
Logistic_Regression_L1,5,3,23,8623,0,0.45,0
Logistic_Regression_L1,5,3,23,8745,1,0.889,1
Logistic_Regression_L1,5,3,23,8863,1,0.9986,1
Logistic_Regression_L1,5,3,23,8489,1,0.9969,1
Logistic_Regression_L1,5,3,23,8189,0,0.0405,0
Logistic_Regression_L1,5,3,23,8086,0,0.9308,1
Logistic_Regression_L1,5,3,23,8516,1,0.9536,1
Logistic_Regression_L1,5,3,23,8657,1,0.9694,1
Logistic_Regression_L1,5,3,23,8572,0,0.0159,0
Logistic_Regression_L1,5,3,23,8092,0,0.0013,0
Logistic_Regression_L1,5,3,23,8198,1,0.9859,1
Logistic_Regression_L1,5,3,23,8498,0,0.1086,0
Logistic_Regression_L1,5,3,23,8540,1,0.9242,1
Logistic_Regression_L1,5,3,23,8656,1,0.8998,1
Logistic_Regression_L1,5,3,23,8919,1,0.9797,1
Logistic_Regression_L1,5,3,23,8585,0,0.0226,0
Logistic_Regression_L1,5,3,23,8288,0,0.0217,0
Logistic_Regression_L1,5,3,23,8309,1,0.5553,1
Logistic_Regression_L1,5,3,23,8933,0,0.0131,0
Logistic_Regression_L1,5,3,23,8417,0,0.0001,0
Logistic_Regression_L1,5,3,23,8357,0,0.9919,1
Logistic_Regression_L1,5,3,23,8764,1,0.8256,1
Logistic_Regression_L1,5,3,23,8076,0,0.618,1
Logistic_Regression_L1,5,3,23,8489,0,0.0,0
Logistic_Regression_L1,5,3,23,8281,0,0.006,0
Logistic_Regression_L1,5,3,23,8221,1,0.9979,1
Logistic_Regression_L1,5,3,23,8061,0,0.6645,1
Logistic_Regression_L1,5,3,23,8504,1,0.8799,1
Logistic_Regression_ElasticNet,5,3,23,8656,1,0.4664,0
Logistic_Regression_ElasticNet,5,3,23,8360,1,0.9235,1
Logistic_Regression_ElasticNet,5,3,23,8422,1,0.9138,1
Logistic_Regression_ElasticNet,5,3,23,8979,1,0.9976,1
Logistic_Regression_ElasticNet,5,3,23,8198,0,0.0975,0
Logistic_Regression_ElasticNet,5,3,23,8623,0,0.4316,0
Logistic_Regression_ElasticNet,5,3,23,8745,1,0.8835,1
Logistic_Regression_ElasticNet,5,3,23,8863,1,0.9973,1
Logistic_Regression_ElasticNet,5,3,23,8489,1,0.9943,1
Logistic_Regression_ElasticNet,5,3,23,8189,0,0.0577,0
Logistic_Regression_ElasticNet,5,3,23,8086,0,0.9072,1
Logistic_Regression_ElasticNet,5,3,23,8516,1,0.9427,1
Logistic_Regression_ElasticNet,5,3,23,8657,1,0.9627,1
Logistic_Regression_ElasticNet,5,3,23,8572,0,0.0248,0
Logistic_Regression_ElasticNet,5,3,23,8092,0,0.003,0
Logistic_Regression_ElasticNet,5,3,23,8198,1,0.9764,1
Logistic_Regression_ElasticNet,5,3,23,8498,0,0.1525,0
Logistic_Regression_ElasticNet,5,3,23,8540,1,0.9085,1
Logistic_Regression_ElasticNet,5,3,23,8656,1,0.8796,1
Logistic_Regression_ElasticNet,5,3,23,8919,1,0.9703,1
Logistic_Regression_ElasticNet,5,3,23,8585,0,0.0288,0
Logistic_Regression_ElasticNet,5,3,23,8288,0,0.0322,0
Logistic_Regression_ElasticNet,5,3,23,8309,1,0.5822,1
Logistic_Regression_ElasticNet,5,3,23,8933,0,0.0263,0
Logistic_Regression_ElasticNet,5,3,23,8417,0,0.0003,0
Logistic_Regression_ElasticNet,5,3,23,8357,0,0.9817,1
Logistic_Regression_ElasticNet,5,3,23,8764,1,0.8081,1
Logistic_Regression_ElasticNet,5,3,23,8076,0,0.6347,1
Logistic_Regression_ElasticNet,5,3,23,8489,0,0.0001,0
Logistic_Regression_ElasticNet,5,3,23,8281,0,0.0144,0
Logistic_Regression_ElasticNet,5,3,23,8221,1,0.9965,1
Logistic_Regression_ElasticNet,5,3,23,8061,0,0.6256,1
Logistic_Regression_ElasticNet,5,3,23,8504,1,0.8579,1
Decision_Tree,5,3,23,8656,1,0.6,1
Decision_Tree,5,3,23,8360,1,1.0,1
Decision_Tree,5,3,23,8422,1,1.0,1
Decision_Tree,5,3,23,8979,1,1.0,1
Decision_Tree,5,3,23,8198,0,0.0,0
Decision_Tree,5,3,23,8623,0,0.0,0
Decision_Tree,5,3,23,8745,1,1.0,1
Decision_Tree,5,3,23,8863,1,1.0,1
Decision_Tree,5,3,23,8489,1,1.0,1
Decision_Tree,5,3,23,8189,0,0.6,1
Decision_Tree,5,3,23,8086,0,1.0,1
Decision_Tree,5,3,23,8516,1,1.0,1
Decision_Tree,5,3,23,8657,1,1.0,1
Decision_Tree,5,3,23,8572,0,0.0,0
Decision_Tree,5,3,23,8092,0,0.0,0
Decision_Tree,5,3,23,8198,1,1.0,1
Decision_Tree,5,3,23,8498,0,0.0,0
Decision_Tree,5,3,23,8540,1,1.0,1
Decision_Tree,5,3,23,8656,1,1.0,1
Decision_Tree,5,3,23,8919,1,1.0,1
Decision_Tree,5,3,23,8585,0,0.0,0
Decision_Tree,5,3,23,8288,0,0.0,0
Decision_Tree,5,3,23,8309,1,0.0,0
Decision_Tree,5,3,23,8933,0,0.0,0
Decision_Tree,5,3,23,8417,0,0.0,0
Decision_Tree,5,3,23,8357,0,0.6,1
Decision_Tree,5,3,23,8764,1,0.6,1
Decision_Tree,5,3,23,8076,0,0.0,0
Decision_Tree,5,3,23,8489,0,0.0,0
Decision_Tree,5,3,23,8281,0,0.0,0
Decision_Tree,5,3,23,8221,1,1.0,1
Decision_Tree,5,3,23,8061,0,1.0,1
Decision_Tree,5,3,23,8504,1,1.0,1
Random_Forest,5,3,23,8656,1,0.8117,1
Random_Forest,5,3,23,8360,1,0.9512,1
Random_Forest,5,3,23,8422,1,0.9186,1
Random_Forest,5,3,23,8979,1,0.966,1
Random_Forest,5,3,23,8198,0,0.1989,0
Random_Forest,5,3,23,8623,0,0.2216,0
Random_Forest,5,3,23,8745,1,0.6224,1
Random_Forest,5,3,23,8863,1,0.8875,1
Random_Forest,5,3,23,8489,1,0.9843,1
Random_Forest,5,3,23,8189,0,0.2214,0
Random_Forest,5,3,23,8086,0,0.6354,1
Random_Forest,5,3,23,8516,1,0.9622,1
Random_Forest,5,3,23,8657,1,0.9351,1
Random_Forest,5,3,23,8572,0,0.2374,0
Random_Forest,5,3,23,8092,0,0.0357,0
Random_Forest,5,3,23,8198,1,0.9589,1
Random_Forest,5,3,23,8498,0,0.2596,0
Random_Forest,5,3,23,8540,1,0.9602,1
Random_Forest,5,3,23,8656,1,0.9612,1
Random_Forest,5,3,23,8919,1,0.9861,1
Random_Forest,5,3,23,8585,0,0.1025,0
Random_Forest,5,3,23,8288,0,0.1855,0
Random_Forest,5,3,23,8309,1,0.348,0
Random_Forest,5,3,23,8933,0,0.1361,0
Random_Forest,5,3,23,8417,0,0.0293,0
Random_Forest,5,3,23,8357,0,0.4059,0
Random_Forest,5,3,23,8764,1,0.8642,1
Random_Forest,5,3,23,8076,0,0.2603,0
Random_Forest,5,3,23,8489,0,0.0202,0
Random_Forest,5,3,23,8281,0,0.0262,0
Random_Forest,5,3,23,8221,1,0.9041,1
Random_Forest,5,3,23,8061,0,0.7704,1
Random_Forest,5,3,23,8504,1,0.9737,1
Gradient_Boosting,5,3,23,8656,1,0.9204,1
Gradient_Boosting,5,3,23,8360,1,0.9399,1
Gradient_Boosting,5,3,23,8422,1,0.9399,1
Gradient_Boosting,5,3,23,8979,1,0.9399,1
Gradient_Boosting,5,3,23,8198,0,0.0731,0
Gradient_Boosting,5,3,23,8623,0,0.1531,0
Gradient_Boosting,5,3,23,8745,1,0.7854,1
Gradient_Boosting,5,3,23,8863,1,0.9399,1
Gradient_Boosting,5,3,23,8489,1,0.9399,1
Gradient_Boosting,5,3,23,8189,0,0.1547,0
Gradient_Boosting,5,3,23,8086,0,0.7854,1
Gradient_Boosting,5,3,23,8516,1,0.9377,1
Gradient_Boosting,5,3,23,8657,1,0.9399,1
Gradient_Boosting,5,3,23,8572,0,0.1639,0
Gradient_Boosting,5,3,23,8092,0,0.0429,0
Gradient_Boosting,5,3,23,8198,1,0.9399,1
Gradient_Boosting,5,3,23,8498,0,0.1451,0
Gradient_Boosting,5,3,23,8540,1,0.9399,1
Gradient_Boosting,5,3,23,8656,1,0.9399,1
Gradient_Boosting,5,3,23,8919,1,0.9399,1
Gradient_Boosting,5,3,23,8585,0,0.0263,0
Gradient_Boosting,5,3,23,8288,0,0.1451,0
Gradient_Boosting,5,3,23,8309,1,0.0731,0
Gradient_Boosting,5,3,23,8933,0,0.0349,0
Gradient_Boosting,5,3,23,8417,0,0.0422,0
Gradient_Boosting,5,3,23,8357,0,0.4825,0
Gradient_Boosting,5,3,23,8764,1,0.9204,1
Gradient_Boosting,5,3,23,8076,0,0.1639,0
Gradient_Boosting,5,3,23,8489,0,0.0429,0
Gradient_Boosting,5,3,23,8281,0,0.0395,0
Gradient_Boosting,5,3,23,8221,1,0.9399,1
Gradient_Boosting,5,3,23,8061,0,0.9399,1
Gradient_Boosting,5,3,23,8504,1,0.9399,1
Baseline_Majority,5,4,24,8120,1,0.5308,1
Baseline_Majority,5,4,24,8951,0,0.5308,1
Baseline_Majority,5,4,24,8796,0,0.5308,1
Baseline_Majority,5,4,24,8063,0,0.5308,1
Baseline_Majority,5,4,24,8233,1,0.5308,1
Baseline_Majority,5,4,24,8168,1,0.5308,1
Baseline_Majority,5,4,24,8159,1,0.5308,1
Baseline_Majority,5,4,24,8225,1,0.5308,1
Baseline_Majority,5,4,24,8484,0,0.5308,1
Baseline_Majority,5,4,24,8799,0,0.5308,1
Baseline_Majority,5,4,24,8351,0,0.5308,1
Baseline_Majority,5,4,24,8734,1,0.5308,1
Baseline_Majority,5,4,24,8565,1,0.5308,1
Baseline_Majority,5,4,24,8069,1,0.5308,1
Baseline_Majority,5,4,24,8212,1,0.5308,1
Baseline_Majority,5,4,24,8546,0,0.5308,1
Baseline_Majority,5,4,24,8972,1,0.5308,1
Baseline_Majority,5,4,24,8301,0,0.5308,1
Baseline_Majority,5,4,24,8209,0,0.5308,1
Baseline_Majority,5,4,24,8956,0,0.5308,1
Baseline_Majority,5,4,24,8631,0,0.5308,1
Baseline_Majority,5,4,24,8161,1,0.5308,1
Baseline_Majority,5,4,24,8598,1,0.5308,1
Baseline_Majority,5,4,24,8301,1,0.5308,1
Baseline_Majority,5,4,24,8418,1,0.5308,1
Baseline_Majority,5,4,24,8380,1,0.5308,1
Baseline_Majority,5,4,24,8835,0,0.5308,1
Baseline_Majority,5,4,24,8521,1,0.5308,1
Baseline_Majority,5,4,24,8865,0,0.5308,1
Baseline_Majority,5,4,24,8372,0,0.5308,1
Baseline_Majority,5,4,24,8543,0,0.5308,1
Logistic_Regression_L2,5,4,24,8120,1,0.2585,0
Logistic_Regression_L2,5,4,24,8951,0,0.1108,0
Logistic_Regression_L2,5,4,24,8796,0,0.0003,0
Logistic_Regression_L2,5,4,24,8063,0,0.0014,0
Logistic_Regression_L2,5,4,24,8233,1,0.8568,1
Logistic_Regression_L2,5,4,24,8168,1,0.9249,1
Logistic_Regression_L2,5,4,24,8159,1,0.8774,1
Logistic_Regression_L2,5,4,24,8225,1,0.9081,1
Logistic_Regression_L2,5,4,24,8484,0,0.0386,0
Logistic_Regression_L2,5,4,24,8799,0,0.2406,0
Logistic_Regression_L2,5,4,24,8351,0,0.006,0
Logistic_Regression_L2,5,4,24,8734,1,0.8848,1
Logistic_Regression_L2,5,4,24,8565,1,0.9636,1
Logistic_Regression_L2,5,4,24,8069,1,0.772,1
Logistic_Regression_L2,5,4,24,8212,1,0.9523,1
Logistic_Regression_L2,5,4,24,8546,0,0.0035,0
Logistic_Regression_L2,5,4,24,8972,1,0.9875,1
Logistic_Regression_L2,5,4,24,8301,0,0.1154,0
Logistic_Regression_L2,5,4,24,8209,0,0.0005,0
Logistic_Regression_L2,5,4,24,8956,0,0.0015,0
Logistic_Regression_L2,5,4,24,8631,0,0.002,0
Logistic_Regression_L2,5,4,24,8161,1,0.7377,1
Logistic_Regression_L2,5,4,24,8598,1,0.7565,1
Logistic_Regression_L2,5,4,24,8301,1,0.8134,1
Logistic_Regression_L2,5,4,24,8418,1,0.5098,1
Logistic_Regression_L2,5,4,24,8380,1,0.9312,1
Logistic_Regression_L2,5,4,24,8835,0,0.0122,0
Logistic_Regression_L2,5,4,24,8521,1,0.934,1
Logistic_Regression_L2,5,4,24,8865,0,0.8902,1
Logistic_Regression_L2,5,4,24,8372,0,0.0062,0
Logistic_Regression_L2,5,4,24,8543,0,0.0015,0
Logistic_Regression_L1,5,4,24,8120,1,0.2331,0
Logistic_Regression_L1,5,4,24,8951,0,0.0681,0
Logistic_Regression_L1,5,4,24,8796,0,0.0001,0
Logistic_Regression_L1,5,4,24,8063,0,0.0005,0
Logistic_Regression_L1,5,4,24,8233,1,0.8708,1
Logistic_Regression_L1,5,4,24,8168,1,0.942,1
Logistic_Regression_L1,5,4,24,8159,1,0.8933,1
Logistic_Regression_L1,5,4,24,8225,1,0.9284,1
Logistic_Regression_L1,5,4,24,8484,0,0.0273,0
Logistic_Regression_L1,5,4,24,8799,0,0.1889,0
Logistic_Regression_L1,5,4,24,8351,0,0.0028,0
Logistic_Regression_L1,5,4,24,8734,1,0.9035,1
Logistic_Regression_L1,5,4,24,8565,1,0.9752,1
Logistic_Regression_L1,5,4,24,8069,1,0.7891,1
Logistic_Regression_L1,5,4,24,8212,1,0.9648,1
Logistic_Regression_L1,5,4,24,8546,0,0.0012,0
Logistic_Regression_L1,5,4,24,8972,1,0.9925,1
Logistic_Regression_L1,5,4,24,8301,0,0.0991,0
Logistic_Regression_L1,5,4,24,8209,0,0.0002,0
Logistic_Regression_L1,5,4,24,8956,0,0.0004,0
Logistic_Regression_L1,5,4,24,8631,0,0.0008,0
Logistic_Regression_L1,5,4,24,8161,1,0.7337,1
Logistic_Regression_L1,5,4,24,8598,1,0.7753,1
Logistic_Regression_L1,5,4,24,8301,1,0.8257,1
Logistic_Regression_L1,5,4,24,8418,1,0.4859,0
Logistic_Regression_L1,5,4,24,8380,1,0.948,1
Logistic_Regression_L1,5,4,24,8835,0,0.0072,0
Logistic_Regression_L1,5,4,24,8521,1,0.9479,1
Logistic_Regression_L1,5,4,24,8865,0,0.8956,1
Logistic_Regression_L1,5,4,24,8372,0,0.0018,0
Logistic_Regression_L1,5,4,24,8543,0,0.0007,0
Logistic_Regression_ElasticNet,5,4,24,8120,1,0.2496,0
Logistic_Regression_ElasticNet,5,4,24,8951,0,0.0915,0
Logistic_Regression_ElasticNet,5,4,24,8796,0,0.0002,0
Logistic_Regression_ElasticNet,5,4,24,8063,0,0.0009,0
Logistic_Regression_ElasticNet,5,4,24,8233,1,0.8618,1
Logistic_Regression_ElasticNet,5,4,24,8168,1,0.932,1
Logistic_Regression_ElasticNet,5,4,24,8159,1,0.8839,1
Logistic_Regression_ElasticNet,5,4,24,8225,1,0.9162,1
Logistic_Regression_ElasticNet,5,4,24,8484,0,0.034,0
Logistic_Regression_ElasticNet,5,4,24,8799,0,0.2182,0
Logistic_Regression_ElasticNet,5,4,24,8351,0,0.0045,0
Logistic_Regression_ElasticNet,5,4,24,8734,1,0.8922,1
Logistic_Regression_ElasticNet,5,4,24,8565,1,0.9685,1
Logistic_Regression_ElasticNet,5,4,24,8069,1,0.7777,1
Logistic_Regression_ElasticNet,5,4,24,8212,1,0.9573,1
Logistic_Regression_ElasticNet,5,4,24,8546,0,0.0024,0
Logistic_Regression_ElasticNet,5,4,24,8972,1,0.9896,1
Logistic_Regression_ElasticNet,5,4,24,8301,0,0.1098,0
Logistic_Regression_ElasticNet,5,4,24,8209,0,0.0003,0
Logistic_Regression_ElasticNet,5,4,24,8956,0,0.0009,0
Logistic_Regression_ElasticNet,5,4,24,8631,0,0.0014,0
Logistic_Regression_ElasticNet,5,4,24,8161,1,0.735,1
Logistic_Regression_ElasticNet,5,4,24,8598,1,0.7643,1
Logistic_Regression_ElasticNet,5,4,24,8301,1,0.818,1
Logistic_Regression_ElasticNet,5,4,24,8418,1,0.4989,0
Logistic_Regression_ElasticNet,5,4,24,8380,1,0.9378,1
Logistic_Regression_ElasticNet,5,4,24,8835,0,0.0101,0
Logistic_Regression_ElasticNet,5,4,24,8521,1,0.9397,1
Logistic_Regression_ElasticNet,5,4,24,8865,0,0.8916,1
Logistic_Regression_ElasticNet,5,4,24,8372,0,0.0038,0
Logistic_Regression_ElasticNet,5,4,24,8543,0,0.0011,0
Decision_Tree,5,4,24,8120,1,0.0,0
Decision_Tree,5,4,24,8951,0,0.0,0
Decision_Tree,5,4,24,8796,0,0.0,0
Decision_Tree,5,4,24,8063,0,0.0,0
Decision_Tree,5,4,24,8233,1,1.0,1
Decision_Tree,5,4,24,8168,1,1.0,1
Decision_Tree,5,4,24,8159,1,1.0,1
Decision_Tree,5,4,24,8225,1,1.0,1
Decision_Tree,5,4,24,8484,0,0.0,0
Decision_Tree,5,4,24,8799,0,0.1667,0
Decision_Tree,5,4,24,8351,0,0.0,0
Decision_Tree,5,4,24,8734,1,1.0,1
Decision_Tree,5,4,24,8565,1,1.0,1
Decision_Tree,5,4,24,8069,1,1.0,1
Decision_Tree,5,4,24,8212,1,1.0,1
Decision_Tree,5,4,24,8546,0,0.0,0
Decision_Tree,5,4,24,8972,1,0.8,1
Decision_Tree,5,4,24,8301,0,1.0,1
Decision_Tree,5,4,24,8209,0,0.0,0
Decision_Tree,5,4,24,8956,0,0.0,0
Decision_Tree,5,4,24,8631,0,0.0,0
Decision_Tree,5,4,24,8161,1,0.8,1
Decision_Tree,5,4,24,8598,1,0.8,1
Decision_Tree,5,4,24,8301,1,1.0,1
Decision_Tree,5,4,24,8418,1,0.1667,0
Decision_Tree,5,4,24,8380,1,1.0,1
Decision_Tree,5,4,24,8835,0,0.0,0
Decision_Tree,5,4,24,8521,1,1.0,1
Decision_Tree,5,4,24,8865,0,0.6667,1
Decision_Tree,5,4,24,8372,0,0.0,0
Decision_Tree,5,4,24,8543,0,0.0,0
Random_Forest,5,4,24,8120,1,0.5531,1
Random_Forest,5,4,24,8951,0,0.1145,0
Random_Forest,5,4,24,8796,0,0.0035,0
Random_Forest,5,4,24,8063,0,0.011,0
Random_Forest,5,4,24,8233,1,0.9588,1
Random_Forest,5,4,24,8168,1,0.9396,1
Random_Forest,5,4,24,8159,1,0.9023,1
Random_Forest,5,4,24,8225,1,0.9486,1
Random_Forest,5,4,24,8484,0,0.0558,0
Random_Forest,5,4,24,8799,0,0.1327,0
Random_Forest,5,4,24,8351,0,0.0365,0
Random_Forest,5,4,24,8734,1,0.9649,1
Random_Forest,5,4,24,8565,1,0.9658,1
Random_Forest,5,4,24,8069,1,0.9142,1
Random_Forest,5,4,24,8212,1,0.9678,1
Random_Forest,5,4,24,8546,0,0.0753,0
Random_Forest,5,4,24,8972,1,0.6878,1
Random_Forest,5,4,24,8301,0,0.2151,0
Random_Forest,5,4,24,8209,0,0.0283,0
Random_Forest,5,4,24,8956,0,0.0215,0
Random_Forest,5,4,24,8631,0,0.0471,0
Random_Forest,5,4,24,8161,1,0.5799,1
Random_Forest,5,4,24,8598,1,0.6014,1
Random_Forest,5,4,24,8301,1,0.9446,1
Random_Forest,5,4,24,8418,1,0.4364,0
Random_Forest,5,4,24,8380,1,0.9029,1
Random_Forest,5,4,24,8835,0,0.0296,0
Random_Forest,5,4,24,8521,1,0.9152,1
Random_Forest,5,4,24,8865,0,0.2996,0
Random_Forest,5,4,24,8372,0,0.0358,0
Random_Forest,5,4,24,8543,0,0.0139,0
Gradient_Boosting,5,4,24,8120,1,0.4229,0
Gradient_Boosting,5,4,24,8951,0,0.0649,0
Gradient_Boosting,5,4,24,8796,0,0.0629,0
Gradient_Boosting,5,4,24,8063,0,0.0629,0
Gradient_Boosting,5,4,24,8233,1,0.9266,1
Gradient_Boosting,5,4,24,8168,1,0.9266,1
Gradient_Boosting,5,4,24,8159,1,0.9266,1
Gradient_Boosting,5,4,24,8225,1,0.9266,1
Gradient_Boosting,5,4,24,8484,0,0.0593,0
Gradient_Boosting,5,4,24,8799,0,0.0915,0
Gradient_Boosting,5,4,24,8351,0,0.061,0
Gradient_Boosting,5,4,24,8734,1,0.9266,1
Gradient_Boosting,5,4,24,8565,1,0.9266,1
Gradient_Boosting,5,4,24,8069,1,0.9063,1
Gradient_Boosting,5,4,24,8212,1,0.9266,1
Gradient_Boosting,5,4,24,8546,0,0.1231,0
Gradient_Boosting,5,4,24,8972,1,0.6141,1
Gradient_Boosting,5,4,24,8301,0,0.4167,0
Gradient_Boosting,5,4,24,8209,0,0.0453,0
Gradient_Boosting,5,4,24,8956,0,0.0622,0
Gradient_Boosting,5,4,24,8631,0,0.0453,0
Gradient_Boosting,5,4,24,8161,1,0.612,1
Gradient_Boosting,5,4,24,8598,1,0.5026,1
Gradient_Boosting,5,4,24,8301,1,0.9266,1
Gradient_Boosting,5,4,24,8418,1,0.4365,0
Gradient_Boosting,5,4,24,8380,1,0.9266,1
Gradient_Boosting,5,4,24,8835,0,0.0716,0
Gradient_Boosting,5,4,24,8521,1,0.9266,1
Gradient_Boosting,5,4,24,8865,0,0.3693,0
Gradient_Boosting,5,4,24,8372,0,0.03,0
Gradient_Boosting,5,4,24,8543,0,0.0453,0
Baseline_Majority,5,5,25,8028,0,0.5234,1
Baseline_Majority,5,5,25,8196,1,0.5234,1
Baseline_Majority,5,5,25,8444,0,0.5234,1
Baseline_Majority,5,5,25,8104,0,0.5234,1
Baseline_Majority,5,5,25,8312,0,0.5234,1
Baseline_Majority,5,5,25,8065,0,0.5234,1
Baseline_Majority,5,5,25,8009,1,0.5234,1
Baseline_Majority,5,5,25,8880,1,0.5234,1
Baseline_Majority,5,5,25,8884,0,0.5234,1
Baseline_Majority,5,5,25,8905,0,0.5234,1
Baseline_Majority,5,5,25,8412,0,0.5234,1
Baseline_Majority,5,5,25,8868,1,0.5234,1
Baseline_Majority,5,5,25,8676,1,0.5234,1
Baseline_Majority,5,5,25,8230,1,0.5234,1
Baseline_Majority,5,5,25,8112,1,0.5234,1
Baseline_Majority,5,5,25,8694,1,0.5234,1
Baseline_Majority,5,5,25,8064,0,0.5234,1
Baseline_Majority,5,5,25,8800,1,0.5234,1
Baseline_Majority,5,5,25,8769,0,0.5234,1
Baseline_Majority,5,5,25,8887,0,0.5234,1
Baseline_Majority,5,5,25,8511,0,0.5234,1
Baseline_Majority,5,5,25,8725,1,0.5234,1
Baseline_Majority,5,5,25,8333,1,0.5234,1
Baseline_Majority,5,5,25,8520,0,0.5234,1
Baseline_Majority,5,5,25,8722,1,0.5234,1
Baseline_Majority,5,5,25,8558,0,0.5234,1
Baseline_Majority,5,5,25,8887,1,0.5234,1
Baseline_Majority,5,5,25,8065,1,0.5234,1
Baseline_Majority,5,5,25,8638,0,0.5234,1
Baseline_Majority,5,5,25,8743,1,0.5234,1
Baseline_Majority,5,5,25,8447,1,0.5234,1
Baseline_Majority,5,5,25,8894,1,0.5234,1
Baseline_Majority,5,5,25,8779,1,0.5234,1
Logistic_Regression_L2,5,5,25,8028,0,0.0015,0
Logistic_Regression_L2,5,5,25,8196,1,0.9949,1
Logistic_Regression_L2,5,5,25,8444,0,0.0001,0
Logistic_Regression_L2,5,5,25,8104,0,0.0398,0
Logistic_Regression_L2,5,5,25,8312,0,0.003,0
Logistic_Regression_L2,5,5,25,8065,0,0.0058,0
Logistic_Regression_L2,5,5,25,8009,1,0.8946,1
Logistic_Regression_L2,5,5,25,8880,1,0.9928,1
Logistic_Regression_L2,5,5,25,8884,0,0.001,0
Logistic_Regression_L2,5,5,25,8905,0,0.0021,0
Logistic_Regression_L2,5,5,25,8412,0,0.0867,0
Logistic_Regression_L2,5,5,25,8868,1,0.8763,1
Logistic_Regression_L2,5,5,25,8676,1,0.8623,1
Logistic_Regression_L2,5,5,25,8230,1,0.6375,1
Logistic_Regression_L2,5,5,25,8112,1,0.9699,1
Logistic_Regression_L2,5,5,25,8694,1,0.8844,1
Logistic_Regression_L2,5,5,25,8064,0,0.0001,0
Logistic_Regression_L2,5,5,25,8800,1,0.8974,1
Logistic_Regression_L2,5,5,25,8769,0,0.0003,0
Logistic_Regression_L2,5,5,25,8887,0,0.3276,0
Logistic_Regression_L2,5,5,25,8511,0,0.2446,0
Logistic_Regression_L2,5,5,25,8725,1,0.9051,1
Logistic_Regression_L2,5,5,25,8333,1,0.7475,1
Logistic_Regression_L2,5,5,25,8520,0,0.0109,0
Logistic_Regression_L2,5,5,25,8722,1,0.7151,1
Logistic_Regression_L2,5,5,25,8558,0,0.0029,0
Logistic_Regression_L2,5,5,25,8887,1,0.918,1
Logistic_Regression_L2,5,5,25,8065,1,0.9551,1
Logistic_Regression_L2,5,5,25,8638,0,0.4308,0
Logistic_Regression_L2,5,5,25,8743,1,0.9681,1
Logistic_Regression_L2,5,5,25,8447,1,0.997,1
Logistic_Regression_L2,5,5,25,8894,1,0.8252,1
Logistic_Regression_L2,5,5,25,8779,1,0.9784,1
Logistic_Regression_L1,5,5,25,8028,0,0.0006,0
Logistic_Regression_L1,5,5,25,8196,1,0.997,1
Logistic_Regression_L1,5,5,25,8444,0,0.0,0
Logistic_Regression_L1,5,5,25,8104,0,0.0223,0
Logistic_Regression_L1,5,5,25,8312,0,0.0016,0
Logistic_Regression_L1,5,5,25,8065,0,0.0044,0
Logistic_Regression_L1,5,5,25,8009,1,0.9156,1
Logistic_Regression_L1,5,5,25,8880,1,0.9961,1
Logistic_Regression_L1,5,5,25,8884,0,0.0004,0
Logistic_Regression_L1,5,5,25,8905,0,0.0015,0
Logistic_Regression_L1,5,5,25,8412,0,0.0597,0
Logistic_Regression_L1,5,5,25,8868,1,0.9081,1
Logistic_Regression_L1,5,5,25,8676,1,0.8934,1
Logistic_Regression_L1,5,5,25,8230,1,0.6424,1
Logistic_Regression_L1,5,5,25,8112,1,0.9769,1
Logistic_Regression_L1,5,5,25,8694,1,0.8867,1
Logistic_Regression_L1,5,5,25,8064,0,0.0,0
Logistic_Regression_L1,5,5,25,8800,1,0.9157,1
Logistic_Regression_L1,5,5,25,8769,0,0.0001,0
Logistic_Regression_L1,5,5,25,8887,0,0.4062,0
Logistic_Regression_L1,5,5,25,8511,0,0.1745,0
Logistic_Regression_L1,5,5,25,8725,1,0.9354,1
Logistic_Regression_L1,5,5,25,8333,1,0.7867,1
Logistic_Regression_L1,5,5,25,8520,0,0.0083,0
Logistic_Regression_L1,5,5,25,8722,1,0.7459,1
Logistic_Regression_L1,5,5,25,8558,0,0.0009,0
Logistic_Regression_L1,5,5,25,8887,1,0.9303,1
Logistic_Regression_L1,5,5,25,8065,1,0.964,1
Logistic_Regression_L1,5,5,25,8638,0,0.4566,0
Logistic_Regression_L1,5,5,25,8743,1,0.9775,1
Logistic_Regression_L1,5,5,25,8447,1,0.9981,1
Logistic_Regression_L1,5,5,25,8894,1,0.8308,1
Logistic_Regression_L1,5,5,25,8779,1,0.9851,1
Logistic_Regression_ElasticNet,5,5,25,8028,0,0.0011,0
Logistic_Regression_ElasticNet,5,5,25,8196,1,0.9958,1
Logistic_Regression_ElasticNet,5,5,25,8444,0,0.0001,0
Logistic_Regression_ElasticNet,5,5,25,8104,0,0.0317,0
Logistic_Regression_ElasticNet,5,5,25,8312,0,0.0024,0
Logistic_Regression_ElasticNet,5,5,25,8065,0,0.0053,0
Logistic_Regression_ElasticNet,5,5,25,8009,1,0.9033,1
Logistic_Regression_ElasticNet,5,5,25,8880,1,0.9943,1
Logistic_Regression_ElasticNet,5,5,25,8884,0,0.0008,0
Logistic_Regression_ElasticNet,5,5,25,8905,0,0.0019,0
Logistic_Regression_ElasticNet,5,5,25,8412,0,0.075,0
Logistic_Regression_ElasticNet,5,5,25,8868,1,0.889,1
Logistic_Regression_ElasticNet,5,5,25,8676,1,0.8756,1
Logistic_Regression_ElasticNet,5,5,25,8230,1,0.6398,1
Logistic_Regression_ElasticNet,5,5,25,8112,1,0.9728,1
Logistic_Regression_ElasticNet,5,5,25,8694,1,0.8844,1
Logistic_Regression_ElasticNet,5,5,25,8064,0,0.0,0
Logistic_Regression_ElasticNet,5,5,25,8800,1,0.905,1
Logistic_Regression_ElasticNet,5,5,25,8769,0,0.0002,0
Logistic_Regression_ElasticNet,5,5,25,8887,0,0.3607,0
Logistic_Regression_ElasticNet,5,5,25,8511,0,0.2133,0
Logistic_Regression_ElasticNet,5,5,25,8725,1,0.9186,1
Logistic_Regression_ElasticNet,5,5,25,8333,1,0.7628,1
Logistic_Regression_ElasticNet,5,5,25,8520,0,0.0099,0
Logistic_Regression_ElasticNet,5,5,25,8722,1,0.7271,1
Logistic_Regression_ElasticNet,5,5,25,8558,0,0.0018,0
Logistic_Regression_ElasticNet,5,5,25,8887,1,0.923,1
Logistic_Regression_ElasticNet,5,5,25,8065,1,0.9588,1
Logistic_Regression_ElasticNet,5,5,25,8638,0,0.4389,0
Logistic_Regression_ElasticNet,5,5,25,8743,1,0.9721,1
Logistic_Regression_ElasticNet,5,5,25,8447,1,0.9975,1
Logistic_Regression_ElasticNet,5,5,25,8894,1,0.8271,1
Logistic_Regression_ElasticNet,5,5,25,8779,1,0.9814,1
Decision_Tree,5,5,25,8028,0,0.0,0
Decision_Tree,5,5,25,8196,1,0.9531,1
Decision_Tree,5,5,25,8444,0,0.0,0
Decision_Tree,5,5,25,8104,0,0.0,0
Decision_Tree,5,5,25,8312,0,0.0,0
Decision_Tree,5,5,25,8065,0,0.0,0
Decision_Tree,5,5,25,8009,1,0.9531,1
Decision_Tree,5,5,25,8880,1,0.9531,1
Decision_Tree,5,5,25,8884,0,0.0,0
Decision_Tree,5,5,25,8905,0,0.0,0
Decision_Tree,5,5,25,8412,0,0.0,0
Decision_Tree,5,5,25,8868,1,0.9531,1
Decision_Tree,5,5,25,8676,1,0.9531,1
Decision_Tree,5,5,25,8230,1,0.9531,1
Decision_Tree,5,5,25,8112,1,0.9531,1
Decision_Tree,5,5,25,8694,1,0.9531,1
Decision_Tree,5,5,25,8064,0,0.0,0
Decision_Tree,5,5,25,8800,1,0.9531,1
Decision_Tree,5,5,25,8769,0,0.0,0
Decision_Tree,5,5,25,8887,0,0.9531,1
Decision_Tree,5,5,25,8511,0,0.0,0
Decision_Tree,5,5,25,8725,1,0.9531,1
Decision_Tree,5,5,25,8333,1,0.9531,1
Decision_Tree,5,5,25,8520,0,0.0,0
Decision_Tree,5,5,25,8722,1,0.6,1
Decision_Tree,5,5,25,8558,0,0.0,0
Decision_Tree,5,5,25,8887,1,0.9531,1
Decision_Tree,5,5,25,8065,1,0.9531,1
Decision_Tree,5,5,25,8638,0,0.0,0
Decision_Tree,5,5,25,8743,1,0.9531,1
Decision_Tree,5,5,25,8447,1,0.9531,1
Decision_Tree,5,5,25,8894,1,0.9531,1
Decision_Tree,5,5,25,8779,1,0.9531,1
Random_Forest,5,5,25,8028,0,0.003,0
Random_Forest,5,5,25,8196,1,0.9512,1
Random_Forest,5,5,25,8444,0,0.0025,0
Random_Forest,5,5,25,8104,0,0.1226,0
Random_Forest,5,5,25,8312,0,0.0025,0
Random_Forest,5,5,25,8065,0,0.0051,0
Random_Forest,5,5,25,8009,1,0.9646,1
Random_Forest,5,5,25,8880,1,0.719,1
Random_Forest,5,5,25,8884,0,0.0023,0
Random_Forest,5,5,25,8905,0,0.0257,0
Random_Forest,5,5,25,8412,0,0.0988,0
Random_Forest,5,5,25,8868,1,0.8898,1
Random_Forest,5,5,25,8676,1,0.91,1
Random_Forest,5,5,25,8230,1,0.9514,1
Random_Forest,5,5,25,8112,1,0.9628,1
Random_Forest,5,5,25,8694,1,0.8838,1
Random_Forest,5,5,25,8064,0,0.0072,0
Random_Forest,5,5,25,8800,1,0.9628,1
Random_Forest,5,5,25,8769,0,0.0014,0
Random_Forest,5,5,25,8887,0,0.3386,0
Random_Forest,5,5,25,8511,0,0.1343,0
Random_Forest,5,5,25,8725,1,0.8857,1
Random_Forest,5,5,25,8333,1,0.7118,1
Random_Forest,5,5,25,8520,0,0.0726,0
Random_Forest,5,5,25,8722,1,0.3659,0
Random_Forest,5,5,25,8558,0,0.0099,0
Random_Forest,5,5,25,8887,1,0.9646,1
Random_Forest,5,5,25,8065,1,0.9638,1
Random_Forest,5,5,25,8638,0,0.0782,0
Random_Forest,5,5,25,8743,1,0.9308,1
Random_Forest,5,5,25,8447,1,0.8515,1
Random_Forest,5,5,25,8894,1,0.9526,1
Random_Forest,5,5,25,8779,1,0.9397,1
Gradient_Boosting,5,5,25,8028,0,0.0318,0
Gradient_Boosting,5,5,25,8196,1,0.9139,1
Gradient_Boosting,5,5,25,8444,0,0.0428,0
Gradient_Boosting,5,5,25,8104,0,0.1348,0
Gradient_Boosting,5,5,25,8312,0,0.0776,0
Gradient_Boosting,5,5,25,8065,0,0.0428,0
Gradient_Boosting,5,5,25,8009,1,0.9139,1
Gradient_Boosting,5,5,25,8880,1,0.8732,1
Gradient_Boosting,5,5,25,8884,0,0.0568,0
Gradient_Boosting,5,5,25,8905,0,0.0794,0
Gradient_Boosting,5,5,25,8412,0,0.114,0
Gradient_Boosting,5,5,25,8868,1,0.9036,1
Gradient_Boosting,5,5,25,8676,1,0.9036,1
Gradient_Boosting,5,5,25,8230,1,0.9139,1
Gradient_Boosting,5,5,25,8112,1,0.9139,1
Gradient_Boosting,5,5,25,8694,1,0.9139,1
Gradient_Boosting,5,5,25,8064,0,0.0457,0
Gradient_Boosting,5,5,25,8800,1,0.9139,1
Gradient_Boosting,5,5,25,8769,0,0.0428,0
Gradient_Boosting,5,5,25,8887,0,0.4746,0
Gradient_Boosting,5,5,25,8511,0,0.0618,0
Gradient_Boosting,5,5,25,8725,1,0.9036,1
Gradient_Boosting,5,5,25,8333,1,0.8587,1
Gradient_Boosting,5,5,25,8520,0,0.0684,0
Gradient_Boosting,5,5,25,8722,1,0.4552,0
Gradient_Boosting,5,5,25,8558,0,0.042,0
Gradient_Boosting,5,5,25,8887,1,0.9139,1
Gradient_Boosting,5,5,25,8065,1,0.9139,1
Gradient_Boosting,5,5,25,8638,0,0.0765,0
Gradient_Boosting,5,5,25,8743,1,0.9139,1
Gradient_Boosting,5,5,25,8447,1,0.9068,1
Gradient_Boosting,5,5,25,8894,1,0.9139,1
Gradient_Boosting,5,5,25,8779,1,0.9139,1
